variant,comparison,metric,src,source_sentence,difference
base_epoch50,composed_minus_stochastic,wavlm_cosine_distance,p236,002,-0.06629677057367263
base_epoch50,composed_minus_stochastic,wavlm_cosine_distance,p236,004,-0.018676107934682256
base_epoch50,composed_minus_stochastic,wavlm_cosine_distance,p236,005,-0.0030235998540993902
base_epoch50,composed_minus_stochastic,wavlm_cosine_distance,p236,006,-0.012902608893124667
base_epoch50,composed_minus_stochastic,wavlm_cosine_distance,p236,007,0.0040864691465596166
base_epoch50,composed_minus_stochastic,wavlm_cosine_distance,p239,002,-0.01832573886777091
base_epoch50,composed_minus_stochastic,wavlm_cosine_distance,p239,004,-0.03331669355039624
base_epoch50,composed_minus_stochastic,wavlm_cosine_distance,p239,005,-0.019457686150463466
base_epoch50,composed_minus_stochastic,wavlm_cosine_distance,p239,006,0.05662630657707659
base_epoch50,composed_minus_stochastic,wavlm_cosine_distance,p239,007,-0.03364194735201239
base_epoch50,composed_minus_stochastic,wavlm_cosine_distance,p259,002,-0.043690192026031714
base_epoch50,composed_minus_stochastic,wavlm_cosine_distance,p259,004,-0.004784994212577757
base_epoch50,composed_minus_stochastic,wavlm_cosine_distance,p259,005,-0.003902598350785195
base_epoch50,composed_minus_stochastic,wavlm_cosine_distance,p259,006,-0.017424554067632252
base_epoch50,composed_minus_stochastic,wavlm_cosine_distance,p259,007,-0.03716641368926956
base_epoch50,composed_minus_stochastic,wavlm_cosine_distance,p263,002,-0.01414716718368477
base_epoch50,composed_minus_stochastic,wavlm_cosine_distance,p263,004,-0.022799847725886373
base_epoch50,composed_minus_stochastic,wavlm_cosine_distance,p263,005,-0.02189648354377512
base_epoch50,composed_minus_stochastic,wavlm_cosine_distance,p263,006,-0.01496746262157006
base_epoch50,composed_minus_stochastic,wavlm_cosine_distance,p263,007,-0.040761581731438325
base_epoch50,composed_minus_stochastic,word_edit_distance,p236,002,0.03787878787878788
base_epoch50,composed_minus_stochastic,word_edit_distance,p236,004,0.060416666666666646
base_epoch50,composed_minus_stochastic,word_edit_distance,p236,005,-0.044323038602214794
base_epoch50,composed_minus_stochastic,word_edit_distance,p236,006,0.0517746572313136
base_epoch50,composed_minus_stochastic,word_edit_distance,p236,007,0.02644993894993895
base_epoch50,composed_minus_stochastic,word_edit_distance,p239,002,0.17432659932659933
base_epoch50,composed_minus_stochastic,word_edit_distance,p239,004,0.07886904761904762
base_epoch50,composed_minus_stochastic,word_edit_distance,p239,005,0.09576006881498868
base_epoch50,composed_minus_stochastic,word_edit_distance,p239,006,0.004876877651645443
base_epoch50,composed_minus_stochastic,word_edit_distance,p239,007,0.0701159951159951
base_epoch50,composed_minus_stochastic,word_edit_distance,p259,002,0.14568764568764567
base_epoch50,composed_minus_stochastic,word_edit_distance,p259,004,0.17411134044260979
base_epoch50,composed_minus_stochastic,word_edit_distance,p259,005,0.24114201016374928
base_epoch50,composed_minus_stochastic,word_edit_distance,p259,006,0.02658830677406528
base_epoch50,composed_minus_stochastic,word_edit_distance,p259,007,0.03552350427350426
base_epoch50,composed_minus_stochastic,word_edit_distance,p263,002,-0.030974580974580963
base_epoch50,composed_minus_stochastic,word_edit_distance,p263,004,0.013867314602608724
base_epoch50,composed_minus_stochastic,word_edit_distance,p263,005,0.024008885850991108
base_epoch50,composed_minus_stochastic,word_edit_distance,p263,006,0.01742919389978213
base_epoch50,composed_minus_stochastic,word_edit_distance,p263,007,-0.021318958818958827
base_epoch50,composed_minus_stochastic,char_edit_distance,p236,002,0.0034194439150479947
base_epoch50,composed_minus_stochastic,char_edit_distance,p236,004,0.04027155098606092
base_epoch50,composed_minus_stochastic,char_edit_distance,p236,005,-0.03724759210058881
base_epoch50,composed_minus_stochastic,char_edit_distance,p236,006,0.14728053075363506
base_epoch50,composed_minus_stochastic,char_edit_distance,p236,007,0.022680932286070387
base_epoch50,composed_minus_stochastic,char_edit_distance,p239,002,0.1018113618439767
base_epoch50,composed_minus_stochastic,char_edit_distance,p239,004,0.03619314408577994
base_epoch50,composed_minus_stochastic,char_edit_distance,p239,005,0.0587638478400313
base_epoch50,composed_minus_stochastic,char_edit_distance,p239,006,0.044916670681049875
base_epoch50,composed_minus_stochastic,char_edit_distance,p239,007,0.07443821678456095
base_epoch50,composed_minus_stochastic,char_edit_distance,p259,002,0.11584887278769988
base_epoch50,composed_minus_stochastic,char_edit_distance,p259,004,0.13233084525643676
base_epoch50,composed_minus_stochastic,char_edit_distance,p259,005,0.1574607390161349
base_epoch50,composed_minus_stochastic,char_edit_distance,p259,006,0.054892199032044155
base_epoch50,composed_minus_stochastic,char_edit_distance,p259,007,0.09944892421016434
base_epoch50,composed_minus_stochastic,char_edit_distance,p263,002,-0.053890942411220034
base_epoch50,composed_minus_stochastic,char_edit_distance,p263,004,-0.020245686350148145
base_epoch50,composed_minus_stochastic,char_edit_distance,p263,005,0.023111508155516408
base_epoch50,composed_minus_stochastic,char_edit_distance,p263,006,-0.02459064643674232
base_epoch50,composed_minus_stochastic,char_edit_distance,p263,007,-0.010293384593821434
base_epoch50,composed_minus_stochastic,identity_delta_abs_change,p236,002,-0.002744858463605245
base_epoch50,composed_minus_stochastic,identity_delta_abs_change,p236,004,-0.025915329655011504
base_epoch50,composed_minus_stochastic,identity_delta_abs_change,p236,005,0.0029582381248473935
base_epoch50,composed_minus_stochastic,identity_delta_abs_change,p236,006,0.036373322208722435
base_epoch50,composed_minus_stochastic,identity_delta_abs_change,p236,007,-0.010350495576858534
base_epoch50,composed_minus_stochastic,identity_delta_abs_change,p239,002,-0.03534328440825144
base_epoch50,composed_minus_stochastic,identity_delta_abs_change,p239,004,-0.041947126388549805
base_epoch50,composed_minus_stochastic,identity_delta_abs_change,p239,005,0.0013921161492665309
base_epoch50,composed_minus_stochastic,identity_delta_abs_change,p239,006,-0.04498288035392763
base_epoch50,composed_minus_stochastic,identity_delta_abs_change,p239,007,-0.05109610656897228
base_epoch50,composed_minus_stochastic,identity_delta_abs_change,p259,002,-0.08038018147150675
base_epoch50,composed_minus_stochastic,identity_delta_abs_change,p259,004,0.031909023722012805
base_epoch50,composed_minus_stochastic,identity_delta_abs_change,p259,005,-0.015089030067125959
base_epoch50,composed_minus_stochastic,identity_delta_abs_change,p259,006,-0.04564187924067178
base_epoch50,composed_minus_stochastic,identity_delta_abs_change,p259,007,-0.015004773934682192
base_epoch50,composed_minus_stochastic,identity_delta_abs_change,p263,002,0.017346794406572972
base_epoch50,composed_minus_stochastic,identity_delta_abs_change,p263,004,0.005364174644152298
base_epoch50,composed_minus_stochastic,identity_delta_abs_change,p263,005,0.0032981137434641566
base_epoch50,composed_minus_stochastic,identity_delta_abs_change,p263,006,-0.02050742506980897
base_epoch50,composed_minus_stochastic,identity_delta_abs_change,p263,007,-0.051101649800936344
base_epoch50,composed_minus_stochastic,robust_content_error_abs_change,p236,002,0.10606060606060606
base_epoch50,composed_minus_stochastic,robust_content_error_abs_change,p236,004,0.09081196581196582
base_epoch50,composed_minus_stochastic,robust_content_error_abs_change,p236,005,-0.058333333333333376
base_epoch50,composed_minus_stochastic,robust_content_error_abs_change,p236,006,0.12745098039215688
base_epoch50,composed_minus_stochastic,robust_content_error_abs_change,p236,007,0.04166666666666668
base_epoch50,composed_minus_stochastic,robust_content_error_abs_change,p239,002,0.15151515151515157
base_epoch50,composed_minus_stochastic,robust_content_error_abs_change,p239,004,0.0888888888888889
base_epoch50,composed_minus_stochastic,robust_content_error_abs_change,p239,005,0.04166666666666668
base_epoch50,composed_minus_stochastic,robust_content_error_abs_change,p239,006,0.07843137254901965
base_epoch50,composed_minus_stochastic,robust_content_error_abs_change,p239,007,0.15277777777777776
base_epoch50,composed_minus_stochastic,robust_content_error_abs_change,p259,002,0.16666666666666674
base_epoch50,composed_minus_stochastic,robust_content_error_abs_change,p259,004,0.16666666666666663
base_epoch50,composed_minus_stochastic,robust_content_error_abs_change,p259,005,0.19999999999999998
base_epoch50,composed_minus_stochastic,robust_content_error_abs_change,p259,006,0.10784313725490191
base_epoch50,composed_minus_stochastic,robust_content_error_abs_change,p259,007,0.22222222222222224
base_epoch50,composed_minus_stochastic,robust_content_error_abs_change,p263,002,-0.10606060606060612
base_epoch50,composed_minus_stochastic,robust_content_error_abs_change,p263,004,0.03333333333333335
base_epoch50,composed_minus_stochastic,robust_content_error_abs_change,p263,005,-0.07500000000000002
base_epoch50,composed_minus_stochastic,robust_content_error_abs_change,p263,006,-0.12745098039215688
base_epoch50,composed_minus_stochastic,robust_content_error_abs_change,p263,007,0.125
base_epoch50,composed_minus_alternate_reference,wavlm_cosine_distance,p236,002,0.04669232703849865
base_epoch50,composed_minus_alternate_reference,wavlm_cosine_distance,p236,004,0.03332090150084379
base_epoch50,composed_minus_alternate_reference,wavlm_cosine_distance,p236,005,0.029087850994246694
base_epoch50,composed_minus_alternate_reference,wavlm_cosine_distance,p236,006,0.0696327481289486
base_epoch50,composed_minus_alternate_reference,wavlm_cosine_distance,p236,007,0.050759238695862165
base_epoch50,composed_minus_alternate_reference,wavlm_cosine_distance,p239,002,0.0733272743736167
base_epoch50,composed_minus_alternate_reference,wavlm_cosine_distance,p239,004,0.036793937624575355
base_epoch50,composed_minus_alternate_reference,wavlm_cosine_distance,p239,005,0.03380694598709614
base_epoch50,composed_minus_alternate_reference,wavlm_cosine_distance,p239,006,0.10215280564029071
base_epoch50,composed_minus_alternate_reference,wavlm_cosine_distance,p239,007,0.04446799920190756
base_epoch50,composed_minus_alternate_reference,wavlm_cosine_distance,p259,002,0.03602198950129665
base_epoch50,composed_minus_alternate_reference,wavlm_cosine_distance,p259,004,0.03594816448598961
base_epoch50,composed_minus_alternate_reference,wavlm_cosine_distance,p259,005,0.027784762736724793
base_epoch50,composed_minus_alternate_reference,wavlm_cosine_distance,p259,006,0.037149157729154225
base_epoch50,composed_minus_alternate_reference,wavlm_cosine_distance,p259,007,0.02585151834610594
base_epoch50,composed_minus_alternate_reference,wavlm_cosine_distance,p263,002,0.06405745095453531
base_epoch50,composed_minus_alternate_reference,wavlm_cosine_distance,p263,004,0.036039720694069355
base_epoch50,composed_minus_alternate_reference,wavlm_cosine_distance,p263,005,0.010895331144498255
base_epoch50,composed_minus_alternate_reference,wavlm_cosine_distance,p263,006,0.022000433238680856
base_epoch50,composed_minus_alternate_reference,wavlm_cosine_distance,p263,007,0.029151826311995588
base_epoch50,composed_minus_alternate_reference,word_edit_distance,p236,002,0.6845117845117845
base_epoch50,composed_minus_alternate_reference,word_edit_distance,p236,004,0.41805555555555557
base_epoch50,composed_minus_alternate_reference,word_edit_distance,p236,005,0.44478620794410273
base_epoch50,composed_minus_alternate_reference,word_edit_distance,p236,006,0.5525486510393631
base_epoch50,composed_minus_alternate_reference,word_edit_distance,p236,007,0.5812118437118438
base_epoch50,composed_minus_alternate_reference,word_edit_distance,p239,002,0.7863636363636363
base_epoch50,composed_minus_alternate_reference,word_edit_distance,p239,004,0.5106676003734827
base_epoch50,composed_minus_alternate_reference,word_edit_distance,p239,005,0.6630861282866936
base_epoch50,composed_minus_alternate_reference,word_edit_distance,p239,006,0.7510550272740675
base_epoch50,composed_minus_alternate_reference,word_edit_distance,p239,007,0.4862026862026862
base_epoch50,composed_minus_alternate_reference,word_edit_distance,p259,002,0.4537684537684537
base_epoch50,composed_minus_alternate_reference,word_edit_distance,p259,004,0.5560557848870542
base_epoch50,composed_minus_alternate_reference,word_edit_distance,p259,005,0.588011324424368
base_epoch50,composed_minus_alternate_reference,word_edit_distance,p259,006,0.3653867196744333
base_epoch50,composed_minus_alternate_reference,word_edit_distance,p259,007,0.4590277777777778
base_epoch50,composed_minus_alternate_reference,word_edit_distance,p263,002,0.5970473970473971
base_epoch50,composed_minus_alternate_reference,word_edit_distance,p263,004,0.6856596426449367
base_epoch50,composed_minus_alternate_reference,word_edit_distance,p263,005,0.40304739120528593
base_epoch50,composed_minus_alternate_reference,word_edit_distance,p263,006,0.17838048962274966
base_epoch50,composed_minus_alternate_reference,word_edit_distance,p263,007,0.5492909867909869
base_epoch50,composed_minus_alternate_reference,char_edit_distance,p236,002,0.47595168665077914
base_epoch50,composed_minus_alternate_reference,char_edit_distance,p236,004,0.32333947519102585
base_epoch50,composed_minus_alternate_reference,char_edit_distance,p236,005,0.3115600594267594
base_epoch50,composed_minus_alternate_reference,char_edit_distance,p236,006,0.47072881441415104
base_epoch50,composed_minus_alternate_reference,char_edit_distance,p236,007,0.44512451977203077
base_epoch50,composed_minus_alternate_reference,char_edit_distance,p239,002,0.5035875100041294
base_epoch50,composed_minus_alternate_reference,char_edit_distance,p239,004,0.3390331293055358
base_epoch50,composed_minus_alternate_reference,char_edit_distance,p239,005,0.4648172173225606
base_epoch50,composed_minus_alternate_reference,char_edit_distance,p239,006,0.5358271834374776
base_epoch50,composed_minus_alternate_reference,char_edit_distance,p239,007,0.3559801483273957
base_epoch50,composed_minus_alternate_reference,char_edit_distance,p259,002,0.3565179759947202
base_epoch50,composed_minus_alternate_reference,char_edit_distance,p259,004,0.40859517655808153
base_epoch50,composed_minus_alternate_reference,char_edit_distance,p259,005,0.39512980486981014
base_epoch50,composed_minus_alternate_reference,char_edit_distance,p259,006,0.2566229693795257
base_epoch50,composed_minus_alternate_reference,char_edit_distance,p259,007,0.30478407376319905
base_epoch50,composed_minus_alternate_reference,char_edit_distance,p263,002,0.4538880433089421
base_epoch50,composed_minus_alternate_reference,char_edit_distance,p263,004,0.4959073500651891
base_epoch50,composed_minus_alternate_reference,char_edit_distance,p263,005,0.31131959079402866
base_epoch50,composed_minus_alternate_reference,char_edit_distance,p263,006,0.13151605382599255
base_epoch50,composed_minus_alternate_reference,char_edit_distance,p263,007,0.39132107489488505
base_epoch50,composed_minus_alternate_reference,identity_delta_abs_change,p236,002,0.053231204549471535
base_epoch50,composed_minus_alternate_reference,identity_delta_abs_change,p236,004,0.05205525954564414
base_epoch50,composed_minus_alternate_reference,identity_delta_abs_change,p236,005,0.03894687692324319
base_epoch50,composed_minus_alternate_reference,identity_delta_abs_change,p236,006,0.09748249749342604
base_epoch50,composed_minus_alternate_reference,identity_delta_abs_change,p236,007,0.037957762678464256
base_epoch50,composed_minus_alternate_reference,identity_delta_abs_change,p239,002,0.06452237566312158
base_epoch50,composed_minus_alternate_reference,identity_delta_abs_change,p239,004,0.04620748758316041
base_epoch50,composed_minus_alternate_reference,identity_delta_abs_change,p239,005,0.08466078837712605
base_epoch50,composed_minus_alternate_reference,identity_delta_abs_change,p239,006,0.04597567518552143
base_epoch50,composed_minus_alternate_reference,identity_delta_abs_change,p239,007,0.0234603683153788
base_epoch50,composed_minus_alternate_reference,identity_delta_abs_change,p259,002,0.02231984337170916
base_epoch50,composed_minus_alternate_reference,identity_delta_abs_change,p259,004,0.09660454591115313
base_epoch50,composed_minus_alternate_reference,identity_delta_abs_change,p259,005,0.03826308250427248
base_epoch50,composed_minus_alternate_reference,identity_delta_abs_change,p259,006,0.05084593097368877
base_epoch50,composed_minus_alternate_reference,identity_delta_abs_change,p259,007,0.035212735335032164
base_epoch50,composed_minus_alternate_reference,identity_delta_abs_change,p263,002,0.04699787497520447
base_epoch50,composed_minus_alternate_reference,identity_delta_abs_change,p263,004,0.04769151906172434
base_epoch50,composed_minus_alternate_reference,identity_delta_abs_change,p263,005,0.02481342852115634
base_epoch50,composed_minus_alternate_reference,identity_delta_abs_change,p263,006,0.017291262745857225
base_epoch50,composed_minus_alternate_reference,identity_delta_abs_change,p263,007,0.02006613214810693
base_epoch50,composed_minus_alternate_reference,robust_content_error_abs_change,p236,002,0.2878787878787879
base_epoch50,composed_minus_alternate_reference,robust_content_error_abs_change,p236,004,0.30747863247863255
base_epoch50,composed_minus_alternate_reference,robust_content_error_abs_change,p236,005,0.10000000000000002
base_epoch50,composed_minus_alternate_reference,robust_content_error_abs_change,p236,006,0.23529411764705885
base_epoch50,composed_minus_alternate_reference,robust_content_error_abs_change,p236,007,0.13888888888888887
base_epoch50,composed_minus_alternate_reference,robust_content_error_abs_change,p239,002,0.31818181818181823
base_epoch50,composed_minus_alternate_reference,robust_content_error_abs_change,p239,004,0.14337606837606837
base_epoch50,composed_minus_alternate_reference,robust_content_error_abs_change,p239,005,0.19999999999999998
base_epoch50,composed_minus_alternate_reference,robust_content_error_abs_change,p239,006,0.2549019607843137
base_epoch50,composed_minus_alternate_reference,robust_content_error_abs_change,p239,007,0.25
base_epoch50,composed_minus_alternate_reference,robust_content_error_abs_change,p259,002,0.24242424242424251
base_epoch50,composed_minus_alternate_reference,robust_content_error_abs_change,p259,004,0.26730769230769225
base_epoch50,composed_minus_alternate_reference,robust_content_error_abs_change,p259,005,0.3
base_epoch50,composed_minus_alternate_reference,robust_content_error_abs_change,p259,006,0.2450980392156862
base_epoch50,composed_minus_alternate_reference,robust_content_error_abs_change,p259,007,0.3055555555555555
base_epoch50,composed_minus_alternate_reference,robust_content_error_abs_change,p263,002,0.10606060606060606
base_epoch50,composed_minus_alternate_reference,robust_content_error_abs_change,p263,004,0.14529914529914528
base_epoch50,composed_minus_alternate_reference,robust_content_error_abs_change,p263,005,0.016666666666666646
base_epoch50,composed_minus_alternate_reference,robust_content_error_abs_change,p263,006,0.029411764705882304
base_epoch50,composed_minus_alternate_reference,robust_content_error_abs_change,p263,007,0.22222222222222218
