src,tgt,alpha,n_outputs,mean_identity_delta,mean_robust_content_error,mean_raw_wer,pareto_optimal
p236,p239,0,15,0.202968939,0.203475936,0.203475936,False
p236,p239,0.25,15,0.208073250,0.212281640,0.212281640,False
p236,p239,0.5,15,0.209225686,0.222430184,0.222430184,False
p236,p239,0.75,15,0.230542441,0.215157457,0.215157457,True
p236,p239,1,15,0.229417185,0.188900772,0.188900772,True
p236,p259,0,15,0.445249832,0.336250743,0.336250743,True
p236,p259,0.25,15,0.446678338,0.356838978,0.356838978,False
p236,p259,0.5,15,0.450379471,0.341972668,0.341972668,True
p236,p259,0.75,15,0.451544366,0.344717766,0.344717766,True
p236,p259,1,15,0.453388186,0.348051099,0.348051099,True
p236,p263,0,15,0.499611640,0.296494355,0.296494355,True
p236,p263,0.25,15,0.489919611,0.328045157,0.328045157,False
p236,p263,0.5,15,0.483533583,0.311770648,0.311770648,False
p236,p263,0.75,15,0.472394566,0.306262626,0.306262626,False
p236,p263,1,15,0.464284021,0.266583482,0.266583482,True
p239,p236,0,15,0.159765379,0.348689332,0.348282828,True
p239,p236,0.25,15,0.167752393,0.400505051,0.400505051,True
p239,p236,0.5,15,0.165796093,0.410000000,0.410000000,False
p239,p236,0.75,15,0.167726874,0.428181818,0.428181818,False
p239,p236,1,15,0.160816562,0.482222222,0.482222222,False
p239,p259,0,15,0.185756544,0.323537817,0.323131313,False
p239,p259,0.25,15,0.177199757,0.301315595,0.300909091,False
p239,p259,0.5,15,0.177932978,0.300105937,0.299292929,True
p239,p259,0.75,15,0.180676262,0.315661493,0.314848485,True
p239,p259,1,15,0.186268016,0.322328160,0.321515152,True
p239,p263,0,15,0.452738233,0.460707071,0.460707071,False
p239,p263,0.25,15,0.453631699,0.457474747,0.457474747,False
p239,p263,0.5,15,0.450161956,0.468220668,0.466767677,False
p239,p263,0.75,15,0.456537547,0.430707071,0.430707071,True
p239,p263,1,15,0.455722155,0.482323232,0.482323232,False
p259,p236,0,14,0.455265807,0.192424242,0.192424242,True
p259,p236,0.25,14,0.449349320,0.202489177,0.202489177,False
p259,p236,0.5,14,0.441076692,0.208441558,0.208441558,False
p259,p236,0.75,14,0.440747866,0.199567100,0.199567100,False
p259,p236,1,14,0.421072511,0.180086580,0.180086580,True
p259,p239,0,15,0.154389282,0.213232323,0.213232323,True
p259,p239,0.25,15,0.143313487,0.196565657,0.196565657,True
p259,p239,0.5,15,0.140323226,0.199898990,0.199898990,False
p259,p239,0.75,15,0.136124917,0.200404040,0.200404040,False
p259,p239,1,15,0.131764607,0.211515152,0.211515152,False
p259,p263,0,15,0.283417489,0.247676768,0.247676768,True
p259,p263,0.25,15,0.301141012,0.254343434,0.254343434,True
p259,p263,0.5,15,0.316268035,0.268261687,0.267979798,True
p259,p263,0.75,15,0.330037157,0.269473808,0.269191919,False
p259,p263,1,15,0.334428930,0.269473808,0.269191919,True
p263,p236,0,14,0.555769412,0.473992674,0.473809524,True
p263,p236,0.25,14,0.560784781,0.489652015,0.488095238,True
p263,p236,0.5,14,0.557265303,0.474642025,0.474458874,True
p263,p236,0.75,14,0.554821555,0.508874459,0.508874459,False
p263,p236,1,14,0.550401515,0.515909091,0.515909091,False
p263,p239,0,15,0.363484101,0.525050505,0.525050505,True
p263,p239,0.25,15,0.356150045,0.539292929,0.539292929,False
p263,p239,0.5,15,0.352428311,0.541515152,0.541515152,False
p263,p239,0.75,15,0.347924451,0.544848485,0.544848485,False
p263,p239,1,15,0.340330323,0.567847708,0.567676768,False
p263,p259,0,15,0.171382431,0.412525253,0.412525253,False
p263,p259,0.25,15,0.175377329,0.399797980,0.399797980,True
p263,p259,0.5,15,0.159811127,0.422623914,0.421919192,False
p263,p259,0.75,15,0.159186784,0.447878788,0.447878788,False
p263,p259,1,15,0.158568382,0.471111111,0.471111111,False
