unit_id,src,mid,tgt,source_sentence,intermediate_reference_sentence,anchor_reference_sentence,alternate_reference_sentence,anchor_seed,alternate_seed,first_leg_seed,second_leg_seed
p236_via_p239_to_p259__s002,p236,p239,p259,002,003,009,010,20260922,20260923,20260924,20260922
p236_via_p239_to_p259__s004,p236,p239,p259,004,003,009,010,20260932,20260933,20260934,20260932
p236_via_p239_to_p259__s005,p236,p239,p259,005,003,009,010,20260942,20260943,20260944,20260942
p236_via_p239_to_p259__s006,p236,p239,p259,006,003,009,010,20260952,20260953,20260954,20260952
p236_via_p239_to_p259__s007,p236,p239,p259,007,003,009,010,20260962,20260963,20260964,20260962
p236_via_p239_to_p263__s002,p236,p239,p263,002,003,009,010,20261922,20261923,20261924,20261922
p236_via_p239_to_p263__s004,p236,p239,p263,004,003,009,010,20261932,20261933,20261934,20261932
p236_via_p239_to_p263__s005,p236,p239,p263,005,003,009,010,20261942,20261943,20261944,20261942
p236_via_p239_to_p263__s006,p236,p239,p263,006,003,009,010,20261952,20261953,20261954,20261952
p236_via_p239_to_p263__s007,p236,p239,p263,007,003,009,010,20261962,20261963,20261964,20261962
p236_via_p259_to_p239__s002,p236,p259,p239,002,003,009,010,20262922,20262923,20262924,20262922
p236_via_p259_to_p239__s004,p236,p259,p239,004,003,009,010,20262932,20262933,20262934,20262932
p236_via_p259_to_p239__s005,p236,p259,p239,005,003,009,010,20262942,20262943,20262944,20262942
p236_via_p259_to_p239__s006,p236,p259,p239,006,003,009,010,20262952,20262953,20262954,20262952
p236_via_p259_to_p239__s007,p236,p259,p239,007,003,009,010,20262962,20262963,20262964,20262962
p236_via_p259_to_p263__s002,p236,p259,p263,002,003,009,010,20263922,20263923,20263924,20263922
p236_via_p259_to_p263__s004,p236,p259,p263,004,003,009,010,20263932,20263933,20263934,20263932
p236_via_p259_to_p263__s005,p236,p259,p263,005,003,009,010,20263942,20263943,20263944,20263942
p236_via_p259_to_p263__s006,p236,p259,p263,006,003,009,010,20263952,20263953,20263954,20263952
p236_via_p259_to_p263__s007,p236,p259,p263,007,003,009,010,20263962,20263963,20263964,20263962
p236_via_p263_to_p239__s002,p236,p263,p239,002,003,009,010,20264922,20264923,20264924,20264922
p236_via_p263_to_p239__s004,p236,p263,p239,004,003,009,010,20264932,20264933,20264934,20264932
p236_via_p263_to_p239__s005,p236,p263,p239,005,003,009,010,20264942,20264943,20264944,20264942
p236_via_p263_to_p239__s006,p236,p263,p239,006,003,009,010,20264952,20264953,20264954,20264952
p236_via_p263_to_p239__s007,p236,p263,p239,007,003,009,010,20264962,20264963,20264964,20264962
p236_via_p263_to_p259__s002,p236,p263,p259,002,003,009,010,20265922,20265923,20265924,20265922
p236_via_p263_to_p259__s004,p236,p263,p259,004,003,009,010,20265932,20265933,20265934,20265932
p236_via_p263_to_p259__s005,p236,p263,p259,005,003,009,010,20265942,20265943,20265944,20265942
p236_via_p263_to_p259__s006,p236,p263,p259,006,003,009,010,20265952,20265953,20265954,20265952
p236_via_p263_to_p259__s007,p236,p263,p259,007,003,009,010,20265962,20265963,20265964,20265962
p239_via_p236_to_p259__s002,p239,p236,p259,002,003,009,010,20266922,20266923,20266924,20266922
p239_via_p236_to_p259__s004,p239,p236,p259,004,003,009,010,20266932,20266933,20266934,20266932
p239_via_p236_to_p259__s005,p239,p236,p259,005,003,009,010,20266942,20266943,20266944,20266942
p239_via_p236_to_p259__s006,p239,p236,p259,006,003,009,010,20266952,20266953,20266954,20266952
p239_via_p236_to_p259__s007,p239,p236,p259,007,003,009,010,20266962,20266963,20266964,20266962
p239_via_p236_to_p263__s002,p239,p236,p263,002,003,009,010,20267922,20267923,20267924,20267922
p239_via_p236_to_p263__s004,p239,p236,p263,004,003,009,010,20267932,20267933,20267934,20267932
p239_via_p236_to_p263__s005,p239,p236,p263,005,003,009,010,20267942,20267943,20267944,20267942
p239_via_p236_to_p263__s006,p239,p236,p263,006,003,009,010,20267952,20267953,20267954,20267952
p239_via_p236_to_p263__s007,p239,p236,p263,007,003,009,010,20267962,20267963,20267964,20267962
p239_via_p259_to_p236__s002,p239,p259,p236,002,003,009,010,20268922,20268923,20268924,20268922
p239_via_p259_to_p236__s004,p239,p259,p236,004,003,009,010,20268932,20268933,20268934,20268932
p239_via_p259_to_p236__s005,p239,p259,p236,005,003,009,010,20268942,20268943,20268944,20268942
p239_via_p259_to_p236__s006,p239,p259,p236,006,003,009,010,20268952,20268953,20268954,20268952
p239_via_p259_to_p236__s007,p239,p259,p236,007,003,009,010,20268962,20268963,20268964,20268962
p239_via_p259_to_p263__s002,p239,p259,p263,002,003,009,010,20269922,20269923,20269924,20269922
p239_via_p259_to_p263__s004,p239,p259,p263,004,003,009,010,20269932,20269933,20269934,20269932
p239_via_p259_to_p263__s005,p239,p259,p263,005,003,009,010,20269942,20269943,20269944,20269942
p239_via_p259_to_p263__s006,p239,p259,p263,006,003,009,010,20269952,20269953,20269954,20269952
p239_via_p259_to_p263__s007,p239,p259,p263,007,003,009,010,20269962,20269963,20269964,20269962
p239_via_p263_to_p236__s002,p239,p263,p236,002,003,009,010,20270922,20270923,20270924,20270922
p239_via_p263_to_p236__s004,p239,p263,p236,004,003,009,010,20270932,20270933,20270934,20270932
p239_via_p263_to_p236__s005,p239,p263,p236,005,003,009,010,20270942,20270943,20270944,20270942
p239_via_p263_to_p236__s006,p239,p263,p236,006,003,009,010,20270952,20270953,20270954,20270952
p239_via_p263_to_p236__s007,p239,p263,p236,007,003,009,010,20270962,20270963,20270964,20270962
p239_via_p263_to_p259__s002,p239,p263,p259,002,003,009,010,20271922,20271923,20271924,20271922
p239_via_p263_to_p259__s004,p239,p263,p259,004,003,009,010,20271932,20271933,20271934,20271932
p239_via_p263_to_p259__s005,p239,p263,p259,005,003,009,010,20271942,20271943,20271944,20271942
p239_via_p263_to_p259__s006,p239,p263,p259,006,003,009,010,20271952,20271953,20271954,20271952
p239_via_p263_to_p259__s007,p239,p263,p259,007,003,009,010,20271962,20271963,20271964,20271962
p259_via_p236_to_p239__s002,p259,p236,p239,002,003,009,010,20272922,20272923,20272924,20272922
p259_via_p236_to_p239__s004,p259,p236,p239,004,003,009,010,20272932,20272933,20272934,20272932
p259_via_p236_to_p239__s005,p259,p236,p239,005,003,009,010,20272942,20272943,20272944,20272942
p259_via_p236_to_p239__s006,p259,p236,p239,006,003,009,010,20272952,20272953,20272954,20272952
p259_via_p236_to_p239__s007,p259,p236,p239,007,003,009,010,20272962,20272963,20272964,20272962
p259_via_p236_to_p263__s002,p259,p236,p263,002,003,009,010,20273922,20273923,20273924,20273922
p259_via_p236_to_p263__s004,p259,p236,p263,004,003,009,010,20273932,20273933,20273934,20273932
p259_via_p236_to_p263__s005,p259,p236,p263,005,003,009,010,20273942,20273943,20273944,20273942
p259_via_p236_to_p263__s006,p259,p236,p263,006,003,009,010,20273952,20273953,20273954,20273952
p259_via_p236_to_p263__s007,p259,p236,p263,007,003,009,010,20273962,20273963,20273964,20273962
p259_via_p239_to_p236__s002,p259,p239,p236,002,003,009,010,20274922,20274923,20274924,20274922
p259_via_p239_to_p236__s004,p259,p239,p236,004,003,009,010,20274932,20274933,20274934,20274932
p259_via_p239_to_p236__s005,p259,p239,p236,005,003,009,010,20274942,20274943,20274944,20274942
p259_via_p239_to_p236__s006,p259,p239,p236,006,003,009,010,20274952,20274953,20274954,20274952
p259_via_p239_to_p236__s007,p259,p239,p236,007,003,009,010,20274962,20274963,20274964,20274962
p259_via_p239_to_p263__s002,p259,p239,p263,002,003,009,010,20275922,20275923,20275924,20275922
p259_via_p239_to_p263__s004,p259,p239,p263,004,003,009,010,20275932,20275933,20275934,20275932
p259_via_p239_to_p263__s005,p259,p239,p263,005,003,009,010,20275942,20275943,20275944,20275942
p259_via_p239_to_p263__s006,p259,p239,p263,006,003,009,010,20275952,20275953,20275954,20275952
p259_via_p239_to_p263__s007,p259,p239,p263,007,003,009,010,20275962,20275963,20275964,20275962
p259_via_p263_to_p236__s002,p259,p263,p236,002,003,009,010,20276922,20276923,20276924,20276922
p259_via_p263_to_p236__s004,p259,p263,p236,004,003,009,010,20276932,20276933,20276934,20276932
p259_via_p263_to_p236__s005,p259,p263,p236,005,003,009,010,20276942,20276943,20276944,20276942
p259_via_p263_to_p236__s006,p259,p263,p236,006,003,009,010,20276952,20276953,20276954,20276952
p259_via_p263_to_p236__s007,p259,p263,p236,007,003,009,010,20276962,20276963,20276964,20276962
p259_via_p263_to_p239__s002,p259,p263,p239,002,003,009,010,20277922,20277923,20277924,20277922
p259_via_p263_to_p239__s004,p259,p263,p239,004,003,009,010,20277932,20277933,20277934,20277932
p259_via_p263_to_p239__s005,p259,p263,p239,005,003,009,010,20277942,20277943,20277944,20277942
p259_via_p263_to_p239__s006,p259,p263,p239,006,003,009,010,20277952,20277953,20277954,20277952
p259_via_p263_to_p239__s007,p259,p263,p239,007,003,009,010,20277962,20277963,20277964,20277962
p263_via_p236_to_p239__s002,p263,p236,p239,002,003,009,010,20278922,20278923,20278924,20278922
p263_via_p236_to_p239__s004,p263,p236,p239,004,003,009,010,20278932,20278933,20278934,20278932
p263_via_p236_to_p239__s005,p263,p236,p239,005,003,009,010,20278942,20278943,20278944,20278942
p263_via_p236_to_p239__s006,p263,p236,p239,006,003,009,010,20278952,20278953,20278954,20278952
p263_via_p236_to_p239__s007,p263,p236,p239,007,003,009,010,20278962,20278963,20278964,20278962
p263_via_p236_to_p259__s002,p263,p236,p259,002,003,009,010,20279922,20279923,20279924,20279922
p263_via_p236_to_p259__s004,p263,p236,p259,004,003,009,010,20279932,20279933,20279934,20279932
p263_via_p236_to_p259__s005,p263,p236,p259,005,003,009,010,20279942,20279943,20279944,20279942
p263_via_p236_to_p259__s006,p263,p236,p259,006,003,009,010,20279952,20279953,20279954,20279952
p263_via_p236_to_p259__s007,p263,p236,p259,007,003,009,010,20279962,20279963,20279964,20279962
p263_via_p239_to_p236__s002,p263,p239,p236,002,003,009,010,20280922,20280923,20280924,20280922
p263_via_p239_to_p236__s004,p263,p239,p236,004,003,009,010,20280932,20280933,20280934,20280932
p263_via_p239_to_p236__s005,p263,p239,p236,005,003,009,010,20280942,20280943,20280944,20280942
p263_via_p239_to_p236__s006,p263,p239,p236,006,003,009,010,20280952,20280953,20280954,20280952
p263_via_p239_to_p236__s007,p263,p239,p236,007,003,009,010,20280962,20280963,20280964,20280962
p263_via_p239_to_p259__s002,p263,p239,p259,002,003,009,010,20281922,20281923,20281924,20281922
p263_via_p239_to_p259__s004,p263,p239,p259,004,003,009,010,20281932,20281933,20281934,20281932
p263_via_p239_to_p259__s005,p263,p239,p259,005,003,009,010,20281942,20281943,20281944,20281942
p263_via_p239_to_p259__s006,p263,p239,p259,006,003,009,010,20281952,20281953,20281954,20281952
p263_via_p239_to_p259__s007,p263,p239,p259,007,003,009,010,20281962,20281963,20281964,20281962
p263_via_p259_to_p236__s002,p263,p259,p236,002,003,009,010,20282922,20282923,20282924,20282922
p263_via_p259_to_p236__s004,p263,p259,p236,004,003,009,010,20282932,20282933,20282934,20282932
p263_via_p259_to_p236__s005,p263,p259,p236,005,003,009,010,20282942,20282943,20282944,20282942
p263_via_p259_to_p236__s006,p263,p259,p236,006,003,009,010,20282952,20282953,20282954,20282952
p263_via_p259_to_p236__s007,p263,p259,p236,007,003,009,010,20282962,20282963,20282964,20282962
p263_via_p259_to_p239__s002,p263,p259,p239,002,003,009,010,20283922,20283923,20283924,20283922
p263_via_p259_to_p239__s004,p263,p259,p239,004,003,009,010,20283932,20283933,20283934,20283932
p263_via_p259_to_p239__s005,p263,p259,p239,005,003,009,010,20283942,20283943,20283944,20283942
p263_via_p259_to_p239__s006,p263,p259,p239,006,003,009,010,20283952,20283953,20283954,20283952
p263_via_p259_to_p239__s007,p263,p259,p239,007,003,009,010,20283962,20283963,20283964,20283962
