src,tgt,ref_idx,alpha,n_sources,mean_identity_delta,gain_vs_alpha0
p236,p239,1,0,5,0.211487758,0.000000000
p236,p239,2,0,5,0.178122866,0.000000000
p236,p239,3,0,5,0.219296193,0.000000000
p236,p239,1,0.25,5,0.225109649,0.013621891
p236,p239,2,0.25,5,0.176554561,-0.001568305
p236,p239,3,0.25,5,0.222555542,0.003259349
p236,p239,1,0.5,5,0.227267754,0.015779996
p236,p239,2,0.5,5,0.172318900,-0.005803967
p236,p239,3,0.5,5,0.228090405,0.008794212
p236,p239,1,0.75,5,0.234025681,0.022537923
p236,p239,2,0.75,5,0.228603363,0.050480497
p236,p239,3,0.75,5,0.228998280,0.009702086
p236,p239,1,1,5,0.232524550,0.021036792
p236,p239,2,1,5,0.227054572,0.048931706
p236,p239,3,1,5,0.228672433,0.009376240
p236,p259,1,0,5,0.434232104,0.000000000
p236,p259,2,0,5,0.457467103,0.000000000
p236,p259,3,0,5,0.444050288,0.000000000
p236,p259,1,0.25,5,0.439339149,0.005107045
p236,p259,2,0.25,5,0.456475878,-0.000991225
p236,p259,3,0.25,5,0.444219989,0.000169700
p236,p259,1,0.5,5,0.443142056,0.008909953
p236,p259,2,0.5,5,0.452767432,-0.004699671
p236,p259,3,0.5,5,0.455228925,0.011178637
p236,p259,1,0.75,5,0.451461697,0.017229593
p236,p259,2,0.75,5,0.456230903,-0.001236200
p236,p259,3,0.75,5,0.446940500,0.002890211
p236,p259,1,1,5,0.453905094,0.019672990
p236,p259,2,1,5,0.458486527,0.001019424
p236,p259,3,1,5,0.447772938,0.003722650
p236,p263,1,0,5,0.530986023,0.000000000
p236,p263,2,0,5,0.472230661,0.000000000
p236,p263,3,0,5,0.495618236,0.000000000
p236,p263,1,0.25,5,0.515561801,-0.015424222
p236,p263,2,0.25,5,0.470032197,-0.002198464
p236,p263,3,0.25,5,0.484164834,-0.011453402
p236,p263,1,0.5,5,0.503432369,-0.027553654
p236,p263,2,0.5,5,0.465981328,-0.006249332
p236,p263,3,0.5,5,0.481187052,-0.014431185
p236,p263,1,0.75,5,0.486003262,-0.044982761
p236,p263,2,0.75,5,0.454126066,-0.018104595
p236,p263,3,0.75,5,0.477054369,-0.018563867
p236,p263,1,1,5,0.468891686,-0.062094337
p236,p263,2,1,5,0.452272743,-0.019957918
p236,p263,3,1,5,0.471687633,-0.023930603
p239,p236,1,0,5,0.140278518,0.000000000
p239,p236,2,0,5,0.172171104,0.000000000
p239,p236,3,0,5,0.166846514,0.000000000
p239,p236,1,0.25,5,0.150302529,0.010024011
p239,p236,2,0.25,5,0.175941908,0.003770804
p239,p236,3,0.25,5,0.177012742,0.010166228
p239,p236,1,0.5,5,0.149314034,0.009035516
p239,p236,2,0.5,5,0.179392171,0.007221067
p239,p236,3,0.5,5,0.168682075,0.001835561
p239,p236,1,0.75,5,0.153258944,0.012980425
p239,p236,2,0.75,5,0.181395090,0.009223986
p239,p236,3,0.75,5,0.168526590,0.001680076
p239,p236,1,1,5,0.141762376,0.001483858
p239,p236,2,1,5,0.183367193,0.011196089
p239,p236,3,1,5,0.157320118,-0.009526396
p239,p259,1,0,5,0.175056839,0.000000000
p239,p259,2,0,5,0.185146415,0.000000000
p239,p259,3,0,5,0.197066379,0.000000000
p239,p259,1,0.25,5,0.167421973,-0.007634866
p239,p259,2,0.25,5,0.177057087,-0.008089328
p239,p259,3,0.25,5,0.187120211,-0.009946167
p239,p259,1,0.5,5,0.174116445,-0.000940394
p239,p259,2,0.5,5,0.178555214,-0.006591201
p239,p259,3,0.5,5,0.181127274,-0.015939105
p239,p259,1,0.75,5,0.184297049,0.009240210
p239,p259,2,0.75,5,0.176024163,-0.009122252
p239,p259,3,0.75,5,0.181707573,-0.015358806
p239,p259,1,1,5,0.190575957,0.015519118
p239,p259,2,1,5,0.178723776,-0.006422639
p239,p259,3,1,5,0.189504313,-0.007562065
p239,p263,1,0,5,0.458254397,0.000000000
p239,p263,2,0,5,0.451358509,0.000000000
p239,p263,3,0,5,0.448601794,0.000000000
p239,p263,1,0.25,5,0.454559839,-0.003694558
p239,p263,2,0.25,5,0.446940029,-0.004418480
p239,p263,3,0.25,5,0.459395230,0.010793436
p239,p263,1,0.5,5,0.441849005,-0.016405392
p239,p263,2,0.5,5,0.451478183,0.000119674
p239,p263,3,0.5,5,0.457158679,0.008556885
p239,p263,1,0.75,5,0.450337011,-0.007917386
p239,p263,2,0.75,5,0.456803551,0.005445042
p239,p263,3,0.75,5,0.462472078,0.013870284
p239,p263,1,1,5,0.456105208,-0.002149189
p239,p263,2,1,5,0.455951869,0.004593360
p239,p263,3,1,5,0.455109388,0.006507593
p259,p236,1,0,5,0.429850972,0.000000000
p259,p236,2,0,4,0.430952698,0.000000000
p259,p236,3,0,5,0.500131130,0.000000000
p259,p236,1,0.25,5,0.442060834,0.012209862
p259,p236,2,0.25,4,0.424555935,-0.006396763
p259,p236,3,0.25,5,0.476472515,-0.023658615
p259,p236,1,0.5,5,0.438222218,0.008371246
p259,p236,2,0.5,4,0.429310217,-0.001642480
p259,p236,3,0.5,5,0.453344345,-0.046786785
p259,p236,1,0.75,5,0.434268510,0.004417539
p259,p236,2,0.75,4,0.432177842,0.001225144
p259,p236,3,0.75,5,0.454083240,-0.046047890
p259,p236,1,1,5,0.414519149,-0.015331823
p259,p236,2,1,4,0.429109760,-0.001842938
p259,p236,3,1,5,0.421196073,-0.078935057
p259,p239,1,0,5,0.164482021,0.000000000
p259,p239,2,0,5,0.147330666,0.000000000
p259,p239,3,0,5,0.151355159,0.000000000
p259,p239,1,0.25,5,0.147841012,-0.016641009
p259,p239,2,0.25,5,0.137374604,-0.009956062
p259,p239,3,0.25,5,0.144724846,-0.006630313
p259,p239,1,0.5,5,0.142288888,-0.022193134
p259,p239,2,0.5,5,0.135257041,-0.012073624
p259,p239,3,0.5,5,0.143423748,-0.007931411
p259,p239,1,0.75,5,0.139862454,-0.024619567
p259,p239,2,0.75,5,0.126391172,-0.020939493
p259,p239,3,0.75,5,0.142121124,-0.009234035
p259,p239,1,1,5,0.132215631,-0.032266390
p259,p239,2,1,5,0.124483407,-0.022847259
p259,p239,3,1,5,0.138594782,-0.012760377
p259,p263,1,0,5,0.254813176,0.000000000
p259,p263,2,0,5,0.299436045,0.000000000
p259,p263,3,0,5,0.296003246,0.000000000
p259,p263,1,0.25,5,0.282282782,0.027469605
p259,p263,2,0.25,5,0.309946376,0.010510331
p259,p263,3,0.25,5,0.311193877,0.015190631
p259,p263,1,0.5,5,0.299626875,0.044813699
p259,p263,2,0.5,5,0.317073494,0.017637450
p259,p263,3,0.5,5,0.332103735,0.036100489
p259,p263,1,0.75,5,0.320729136,0.065915960
p259,p263,2,0.75,5,0.322879612,0.023443568
p259,p263,3,0.75,5,0.346502721,0.050499475
p259,p263,1,1,5,0.335828620,0.081015444
p259,p263,2,1,5,0.319343364,0.019907320
p259,p263,3,1,5,0.348114806,0.052111560
p263,p236,1,0,5,0.548140746,0.000000000
p263,p236,2,0,5,0.556719726,0.000000000
p263,p236,3,0,4,0.564117350,0.000000000
p263,p236,1,0.25,5,0.551642627,0.003501880
p263,p236,2,0.25,5,0.559805071,0.003085345
p263,p236,3,0.25,4,0.573437110,0.009319760
p263,p236,1,0.5,5,0.549810916,0.001670170
p263,p236,2,0.5,5,0.556192541,-0.000527185
p263,p236,3,0.5,4,0.567924239,0.003806889
p263,p236,1,0.75,5,0.542345482,-0.005795264
p263,p236,2,0.75,5,0.556652445,-0.000067282
p263,p236,3,0.75,4,0.568128034,0.004010685
p263,p236,1,1,5,0.546515268,-0.001625478
p263,p236,2,1,5,0.554225898,-0.002493829
p263,p236,3,1,4,0.550478846,-0.013638504
p263,p239,1,0,5,0.378723580,0.000000000
p263,p239,2,0,5,0.350814003,0.000000000
p263,p239,3,0,5,0.360914719,0.000000000
p263,p239,1,0.25,5,0.366412950,-0.012310630
p263,p239,2,0.25,5,0.349785167,-0.001028836
p263,p239,3,0.25,5,0.352252018,-0.008662701
p263,p239,1,0.5,5,0.361666119,-0.017057461
p263,p239,2,0.5,5,0.346734565,-0.004079437
p263,p239,3,0.5,5,0.348884249,-0.012030470
p263,p239,1,0.75,5,0.354007518,-0.024716061
p263,p239,2,0.75,5,0.341894245,-0.008919758
p263,p239,3,0.75,5,0.347871590,-0.013043129
p263,p239,1,1,5,0.341094232,-0.037629348
p263,p239,2,1,5,0.340698564,-0.010115439
p263,p239,3,1,5,0.339198172,-0.021716547
p263,p259,1,0,5,0.203243256,0.000000000
p263,p259,2,0,5,0.128574085,0.000000000
p263,p259,3,0,5,0.182329953,0.000000000
p263,p259,1,0.25,5,0.212197387,0.008954132
p263,p259,2,0.25,5,0.137456298,0.008882213
p263,p259,3,0.25,5,0.176478302,-0.005851650
p263,p259,1,0.5,5,0.179747736,-0.023495519
p263,p259,2,0.5,5,0.131077373,0.002503288
p263,p259,3,0.5,5,0.168608272,-0.013721681
p263,p259,1,0.75,5,0.186689258,-0.016553998
p263,p259,2,0.75,5,0.128130007,-0.000444078
p263,p259,3,0.75,5,0.162741089,-0.019588864
p263,p259,1,1,5,0.182017064,-0.021226192
p263,p259,2,1,5,0.124085569,-0.004488516
p263,p259,3,1,5,0.169602513,-0.012727439
