src,tgt,direction_best_alpha,ref1_best_alpha,ref2_best_alpha,ref3_best_alpha,all_references_agree,ref1_gain_at_direction_best,ref2_gain_at_direction_best,ref3_gain_at_direction_best,all_reference_gains_positive
p236,p239,0.75,0.75,0.75,0.75,True,0.022537923,0.050480497,0.009702086,True
p236,p259,1,1,1,0.5,False,0.019672990,0.001019424,0.003722650,True
p236,p263,0,0,0,0,True,0.000000000,0.000000000,0.000000000,False
p239,p236,0.25,0.75,1,0.25,False,0.010024011,0.003770804,0.010166228,True
p239,p259,1,1,0,0,False,0.015519118,-0.006422639,-0.007562065,False
p239,p263,0.75,0,0.75,0.75,False,-0.007917386,0.005445042,0.013870284,False
p259,p236,0,0.25,0.75,0,False,0.000000000,0.000000000,0.000000000,False
p259,p239,0,0,0,0,True,0.000000000,0.000000000,0.000000000,False
p259,p263,1,1,0.75,1,False,0.081015444,0.019907320,0.052111560,True
p263,p236,0.25,0.25,0.25,0.25,True,0.003501880,0.003085345,0.009319760,True
p263,p239,0,0,0,0,True,0.000000000,0.000000000,0.000000000,False
p263,p259,0.25,0.25,0.25,0,False,0.008954132,0.008882213,-0.005851650,False
