variant,unit_id,src,mid,tgt,source_sentence,comparison_role,wavlm_cosine_distance,word_edit_distance,char_edit_distance,identity_delta_abs_change,robust_content_error_abs_change
base_epoch50,p236_via_p239_to_p259__s002,p236,p239,p259,002,stochastic,0.038637408752983715,0.6363636363636364,0.4909090909090909,0.06010478734970093,0.27272727272727276
base_epoch50,p236_via_p239_to_p259__s002,p236,p239,p259,002,alternate_reference,0.0009487999869335351,0.18181818181818182,0.075,0.008759617805480902,0.0
base_epoch50,p236_via_p239_to_p259__s002,p236,p239,p259,002,composed,0.016989416238312183,0.7272727272727273,0.4146341463414634,0.03563112020492554,0.3636363636363637
base_epoch50,p236_via_p239_to_p263__s002,p236,p239,p263,002,stochastic,0.07278319163209834,0.9090909090909091,0.6666666666666666,0.027650952339172363,0.2727272727272728
base_epoch50,p236_via_p239_to_p263__s002,p236,p239,p263,002,alternate_reference,0.0002686855106339703,0.1111111111111111,0.11627906976744186,0.0006839931011199951,0.0
base_epoch50,p236_via_p239_to_p263__s002,p236,p239,p263,002,composed,0.039072946117761465,1.0,0.6904761904761905,0.08021140098571777,0.36363636363636365
base_epoch50,p236_via_p259_to_p239__s002,p236,p259,p239,002,stochastic,0.11628225109651202,0.5454545454545454,0.37209302325581395,0.0651105642318725,0.2727272727272727
base_epoch50,p236_via_p259_to_p239__s002,p236,p259,p239,002,alternate_reference,0.0032165834018357264,0.18181818181818182,0.09523809523809523,0.009880661964416504,0.0909090909090909
base_epoch50,p236_via_p259_to_p239__s002,p236,p259,p239,002,composed,0.017270364085651635,0.5454545454545454,0.36585365853658536,0.022106468677520696,0.36363636363636365
base_epoch50,p236_via_p259_to_p263__s002,p236,p259,p263,002,stochastic,0.16713709924365028,0.5454545454545454,0.5348837209302325,0.1523424088954926,0.0
base_epoch50,p236_via_p259_to_p263__s002,p236,p259,p263,002,alternate_reference,0.001922566775059975,0.1,0.10256410256410256,0.01908823847770691,0.0
base_epoch50,p236_via_p259_to_p263__s002,p236,p259,p263,002,composed,0.06725125041234026,0.7,0.5384615384615384,0.16650429368019098,0.09090909090909094
base_epoch50,p236_via_p263_to_p239__s002,p236,p263,p239,002,stochastic,0.16267076780387735,0.8181818181818182,0.5555555555555556,0.03698670864105219,0.18181818181818188
base_epoch50,p236_via_p263_to_p239__s002,p236,p263,p239,002,alternate_reference,0.002160116550739777,0.0,0.0,0.009806036949157687,0.0
base_epoch50,p236_via_p263_to_p239__s002,p236,p263,p239,002,composed,0.08182041247461858,1.0,0.7333333333333333,0.0384100079536438,0.5454545454545455
base_epoch50,p236_via_p263_to_p259__s002,p236,p263,p259,002,stochastic,0.130260835695448,1.0,0.6041666666666666,0.044797301292419434,0.18181818181818188
base_epoch50,p236_via_p263_to_p259__s002,p236,p263,p259,002,alternate_reference,0.0010346098332079112,0.0,0.0,0.0031370222568511963,0.0
base_epoch50,p236_via_p263_to_p259__s002,p236,p263,p259,002,composed,0.06678054782936016,0.8,0.5416666666666666,0.029805272817611694,0.18181818181818188
base_epoch50,p239_via_p236_to_p259__s002,p239,p236,p259,002,stochastic,0.09128224642512994,0.4,0.1951219512195122,0.011308491230010986,0.18181818181818177
base_epoch50,p239_via_p236_to_p259__s002,p239,p236,p259,002,alternate_reference,0.001324637996158562,0.0,0.0,0.0018087029457092008,0.0
base_epoch50,p239_via_p236_to_p259__s002,p239,p236,p259,002,composed,0.037876411891431205,1.0,0.6216216216216216,0.034852802753448486,0.4545454545454547
base_epoch50,p239_via_p236_to_p263__s002,p239,p236,p263,002,stochastic,0.12857291376043722,1.0,0.7619047619047619,0.29229888319969183,0.36363636363636376
base_epoch50,p239_via_p236_to_p263__s002,p239,p236,p263,002,alternate_reference,0.0004625722511168995,0.0,0.0,0.00350913405418396,0.0
base_epoch50,p239_via_p236_to_p263__s002,p239,p236,p263,002,composed,0.15786322381787654,1.0,0.6666666666666666,0.12267696857452393,0.18181818181818177
base_epoch50,p239_via_p259_to_p236__s002,p239,p259,p236,002,stochastic,0.08018841485169403,0.3,0.25,0.15309596061706537,0.09090909090909088
base_epoch50,p239_via_p259_to_p236__s002,p239,p259,p236,002,alternate_reference,0.00028900217680449813,0.0,0.0,0.007230222225189209,0.0
base_epoch50,p239_via_p259_to_p236__s002,p239,p259,p236,002,composed,0.04315123060852888,0.5,0.375,0.0986080169677734,0.36363636363636365
base_epoch50,p239_via_p259_to_p263__s002,p239,p259,p263,002,stochastic,0.15270426500781165,0.8888888888888888,0.5238095238095238,0.056892991065979004,0.2727272727272728
base_epoch50,p239_via_p259_to_p263__s002,p239,p259,p263,002,alternate_reference,0.0011979960772301457,0.0,0.0,0.006658881902694702,0.0
base_epoch50,p239_via_p259_to_p263__s002,p239,p259,p263,002,composed,0.0904041273018561,0.8181818181818182,0.42857142857142855,0.10133859515190125,0.2727272727272728
base_epoch50,p239_via_p263_to_p236__s002,p239,p263,p236,002,stochastic,0.06385902612366501,0.7,0.47619047619047616,0.09890967607498172,0.09090909090909094
base_epoch50,p239_via_p263_to_p236__s002,p239,p263,p236,002,alternate_reference,0.00029697818847151947,0.2,0.12195121951219512,0.0006101131439208984,0.09090909090909094
base_epoch50,p239_via_p263_to_p236__s002,p239,p263,p236,002,composed,0.0661143341958117,0.8,0.5121951219512195,0.04184812307357791,0.2727272727272728
base_epoch50,p239_via_p263_to_p259__s002,p239,p263,p259,002,stochastic,0.03772973111306732,0.5833333333333334,0.32558139534883723,0.00763589143753049,0.09090909090909088
base_epoch50,p239_via_p263_to_p259__s002,p239,p263,p259,002,alternate_reference,0.0006491571456870293,0.0,0.0,0.000580668449401911,0.0
base_epoch50,p239_via_p263_to_p259__s002,p239,p263,p259,002,composed,0.048696080576978384,0.7,0.4418604651162791,0.007323324680328397,0.3636363636363637
base_epoch50,p259_via_p236_to_p239__s002,p259,p236,p239,002,stochastic,0.07913010524300312,0.45454545454545453,0.30434782608695654,0.03681415319442749,0.09090909090909088
base_epoch50,p259_via_p236_to_p239__s002,p259,p236,p239,002,alternate_reference,0.006622365365484217,0.09090909090909091,0.05128205128205128,0.01803380250930789,0.0
base_epoch50,p259_via_p236_to_p239__s002,p259,p236,p239,002,composed,0.04065510726131383,0.45454545454545453,0.35714285714285715,0.004385113716125405,0.18181818181818188
base_epoch50,p259_via_p236_to_p263__s002,p259,p236,p263,002,stochastic,0.07161790715850036,0.4166666666666667,0.3409090909090909,0.08665889501571658,0.36363636363636365
base_epoch50,p259_via_p236_to_p263__s002,p259,p236,p263,002,alternate_reference,0.00018478028780799516,0.0,0.0,0.0011205077171325684,0.0
base_epoch50,p259_via_p236_to_p263__s002,p259,p236,p263,002,composed,0.025166207192504286,0.5,0.2727272727272727,0.07779169082641602,0.18181818181818188
base_epoch50,p259_via_p239_to_p236__s002,p259,p239,p236,002,stochastic,0.06479837846623426,0.18181818181818182,0.1111111111111111,0.17955386638641352,0.18181818181818182
base_epoch50,p259_via_p239_to_p236__s002,p259,p239,p236,002,alternate_reference,0.0065930857651580466,0.18181818181818182,0.08888888888888889,0.036556541919708196,0.09090909090909088
base_epoch50,p259_via_p239_to_p236__s002,p259,p239,p236,002,composed,0.03760468566355346,0.7272727272727273,0.5777777777777777,0.027564674615859985,0.5454545454545455
base_epoch50,p259_via_p239_to_p263__s002,p259,p239,p263,002,stochastic,0.17589683917890486,0.6363636363636364,0.5,0.3532091379165649,0.09090909090909094
base_epoch50,p259_via_p239_to_p263__s002,p259,p239,p263,002,alternate_reference,0.0011792879645458054,0.0,0.0,0.002403497695922907,0.0
base_epoch50,p259_via_p239_to_p263__s002,p259,p239,p263,002,composed,0.04978123355178399,0.6923076923076923,0.5416666666666666,0.03008931875228882,0.4545454545454547
base_epoch50,p259_via_p263_to_p236__s002,p259,p263,p236,002,stochastic,0.022110321359657847,0.6666666666666666,0.4423076923076923,0.0018857121467590332,0.09090909090909094
base_epoch50,p259_via_p263_to_p236__s002,p259,p263,p236,002,alternate_reference,0.0021273229995817378,0.4166666666666667,0.23076923076923078,0.007361352443695068,0.2727272727272728
base_epoch50,p259_via_p263_to_p236__s002,p259,p263,p236,002,composed,0.012324976329608162,0.5833333333333334,0.36538461538461536,0.047506630420684814,0.18181818181818188
base_epoch50,p259_via_p263_to_p239__s002,p259,p263,p239,002,stochastic,0.0895305062186138,0.2727272727272727,0.16279069767441862,0.03160107135772709,0.0909090909090909
base_epoch50,p259_via_p263_to_p239__s002,p259,p263,p239,002,alternate_reference,0.008107069684791135,0.09090909090909091,0.046511627906976744,0.008049786090850788,0.0909090909090909
base_epoch50,p259_via_p263_to_p239__s002,p259,p263,p239,002,composed,0.07505930050492726,0.5454545454545454,0.4418604651162791,0.020129799842834514,0.36363636363636365
base_epoch50,p263_via_p236_to_p239__s002,p263,p236,p239,002,stochastic,0.15119867557130617,0.9,0.6666666666666666,0.02557516098022461,0.2727272727272728
base_epoch50,p263_via_p236_to_p239__s002,p263,p236,p239,002,alternate_reference,0.013133109694339784,0.5,0.36363636363636365,0.015059769153595026,0.09090909090909083
base_epoch50,p263_via_p236_to_p239__s002,p263,p236,p239,002,composed,0.15486811528713462,1.0,0.5909090909090909,0.0820801854133606,0.18181818181818188
base_epoch50,p263_via_p236_to_p259__s002,p263,p236,p259,002,stochastic,0.03525390693339525,0.8,0.6904761904761905,0.0968571305274964,0.09090909090909094
base_epoch50,p263_via_p236_to_p259__s002,p263,p236,p259,002,alternate_reference,0.0013618523222133083,0.0,0.0,0.0030288696289062014,0.0
base_epoch50,p263_via_p236_to_p259__s002,p263,p236,p259,002,composed,0.04382667581795885,0.8181818181818182,0.7380952380952381,0.14302206039428708,0.09090909090909094
base_epoch50,p263_via_p239_to_p236__s002,p263,p239,p236,002,stochastic,0.11627182519387835,0.7692307692307693,0.6346153846153846,0.0815514624118805,0.2727272727272727
base_epoch50,p263_via_p239_to_p236__s002,p263,p239,p236,002,alternate_reference,0.0054885941367774915,0.6153846153846154,0.34615384615384615,0.028786569833755493,0.0
base_epoch50,p263_via_p239_to_p236__s002,p263,p239,p236,002,composed,0.07967701624021672,0.9230769230769231,0.6346153846153846,0.03882592916488653,0.09090909090909083
base_epoch50,p263_via_p239_to_p259__s002,p263,p239,p259,002,stochastic,0.05804403230068589,1.0,0.7647058823529411,0.022661507129669196,0.18181818181818188
base_epoch50,p263_via_p239_to_p259__s002,p263,p239,p259,002,alternate_reference,0.000946701721890264,0.0,0.0,0.008292257785797098,0.0
base_epoch50,p263_via_p239_to_p259__s002,p263,p239,p259,002,composed,0.026402097454037543,0.8333333333333334,0.5490196078431373,0.060041129589080804,0.2727272727272727
base_epoch50,p263_via_p259_to_p236__s002,p263,p259,p236,002,stochastic,0.03308546201664142,1.0,0.72,0.025367379188537598,0.18181818181818188
base_epoch50,p263_via_p259_to_p236__s002,p263,p259,p236,002,alternate_reference,0.0021991268846670575,0.3,0.22,0.013693928718566895,0.0
base_epoch50,p263_via_p259_to_p236__s002,p263,p259,p236,002,composed,0.08082827500645084,0.9230769230769231,0.66,0.0284290611743927,0.09090909090909083
base_epoch50,p263_via_p259_to_p239__s002,p263,p259,p239,002,stochastic,0.1063906239204081,0.9285714285714286,0.6521739130434783,0.0343499481678009,0.36363636363636365
base_epoch50,p263_via_p259_to_p239__s002,p263,p259,p239,002,alternate_reference,0.007950184156651385,0.21428571428571427,0.15217391304347827,0.039826899766922,0.0
base_epoch50,p263_via_p259_to_p239__s002,p263,p259,p239,002,composed,0.029219319169494717,0.7142857142857143,0.6326530612244898,0.03807643055915838,0.0
