comparison,metric,src,source_sentence,difference
content_minus_uniform_at_lambda100,identity_delta,p236,002,0.010292854573991563
content_minus_uniform_at_lambda100,identity_delta,p236,004,0.0036776297622256623
content_minus_uniform_at_lambda100,identity_delta,p236,005,0.026207427183787033
content_minus_uniform_at_lambda100,identity_delta,p236,006,0.005134738153881503
content_minus_uniform_at_lambda100,identity_delta,p236,007,0.01483090387450325
content_minus_uniform_at_lambda100,identity_delta,p239,002,0.026333633396360592
content_minus_uniform_at_lambda100,identity_delta,p239,004,0.04762314094437495
content_minus_uniform_at_lambda100,identity_delta,p239,005,0.03261228071318732
content_minus_uniform_at_lambda100,identity_delta,p239,006,0.021149675051371244
content_minus_uniform_at_lambda100,identity_delta,p239,007,0.010967638757493731
content_minus_uniform_at_lambda100,identity_delta,p259,002,0.01456516981124876
content_minus_uniform_at_lambda100,identity_delta,p259,004,0.011036521858639197
content_minus_uniform_at_lambda100,identity_delta,p259,005,0.049192256397671184
content_minus_uniform_at_lambda100,identity_delta,p259,006,0.017872959375381456
content_minus_uniform_at_lambda100,identity_delta,p259,007,0.029285351435343426
content_minus_uniform_at_lambda100,identity_delta,p263,002,0.03181952900356718
content_minus_uniform_at_lambda100,identity_delta,p263,004,0.01811177863015069
content_minus_uniform_at_lambda100,identity_delta,p263,005,0.022598442104127675
content_minus_uniform_at_lambda100,identity_delta,p263,006,0.018389993243747293
content_minus_uniform_at_lambda100,identity_delta,p263,007,0.006473027997546726
content_minus_uniform_at_lambda100,robust_content_error,p236,002,0.1414141414141414
content_minus_uniform_at_lambda100,robust_content_error,p236,004,-0.029629629629629648
content_minus_uniform_at_lambda100,robust_content_error,p236,005,-0.005555555555555554
content_minus_uniform_at_lambda100,robust_content_error,p236,006,0.05882352941176469
content_minus_uniform_at_lambda100,robust_content_error,p236,007,-0.10185185185185185
content_minus_uniform_at_lambda100,robust_content_error,p239,002,0.03523608174770965
content_minus_uniform_at_lambda100,robust_content_error,p239,004,-0.022222222222222206
content_minus_uniform_at_lambda100,robust_content_error,p239,005,0.011111111111111096
content_minus_uniform_at_lambda100,robust_content_error,p239,006,0.1830065359477124
content_minus_uniform_at_lambda100,robust_content_error,p239,007,-0.004629629629629624
content_minus_uniform_at_lambda100,robust_content_error,p259,002,0.020202020202020204
content_minus_uniform_at_lambda100,robust_content_error,p259,004,-0.023361823361823356
content_minus_uniform_at_lambda100,robust_content_error,p259,005,-0.05555555555555555
content_minus_uniform_at_lambda100,robust_content_error,p259,006,0.006535947712418309
content_minus_uniform_at_lambda100,robust_content_error,p259,007,0.05423280423280422
content_minus_uniform_at_lambda100,robust_content_error,p263,002,0.07070707070707075
content_minus_uniform_at_lambda100,robust_content_error,p263,004,0.09387464387464388
content_minus_uniform_at_lambda100,robust_content_error,p263,005,0.07777777777777778
content_minus_uniform_at_lambda100,robust_content_error,p263,006,0.06535947712418301
content_minus_uniform_at_lambda100,robust_content_error,p263,007,3.0839528461809902e-18
content_minus_uniform_at_lambda100,wer,p236,002,0.1414141414141414
content_minus_uniform_at_lambda100,wer,p236,004,-0.029629629629629648
content_minus_uniform_at_lambda100,wer,p236,005,-0.005555555555555554
content_minus_uniform_at_lambda100,wer,p236,006,0.05882352941176469
content_minus_uniform_at_lambda100,wer,p236,007,-0.10185185185185185
content_minus_uniform_at_lambda100,wer,p239,002,0.03030303030303029
content_minus_uniform_at_lambda100,wer,p239,004,-0.022222222222222206
content_minus_uniform_at_lambda100,wer,p239,005,0.011111111111111096
content_minus_uniform_at_lambda100,wer,p239,006,0.1830065359477124
content_minus_uniform_at_lambda100,wer,p239,007,7.709882115452476e-18
content_minus_uniform_at_lambda100,wer,p259,002,0.020202020202020204
content_minus_uniform_at_lambda100,wer,p259,004,-0.022222222222222213
content_minus_uniform_at_lambda100,wer,p259,005,-0.05555555555555555
content_minus_uniform_at_lambda100,wer,p259,006,0.006535947712418309
content_minus_uniform_at_lambda100,wer,p259,007,0.055555555555555546
content_minus_uniform_at_lambda100,wer,p263,002,-2.070707070707071
content_minus_uniform_at_lambda100,wer,p263,004,0.09629629629629628
content_minus_uniform_at_lambda100,wer,p263,005,0.07777777777777778
content_minus_uniform_at_lambda100,wer,p263,006,0.06535947712418301
content_minus_uniform_at_lambda100,wer,p263,007,3.0839528461809902e-18
content_minus_uniform_at_lambda100,cer,p236,002,0.06459948320413436
content_minus_uniform_at_lambda100,cer,p236,004,-0.008547008547008544
content_minus_uniform_at_lambda100,cer,p236,005,-0.01084010840108403
content_minus_uniform_at_lambda100,cer,p236,006,0.004830917874396113
content_minus_uniform_at_lambda100,cer,p236,007,-0.035714285714285726
content_minus_uniform_at_lambda100,cer,p239,002,-0.020671834625323002
content_minus_uniform_at_lambda100,cer,p239,004,0.008547008547008553
content_minus_uniform_at_lambda100,cer,p239,005,0.005420054200542004
content_minus_uniform_at_lambda100,cer,p239,006,0.08856682769726247
content_minus_uniform_at_lambda100,cer,p239,007,-0.03174603174603178
content_minus_uniform_at_lambda100,cer,p259,002,0.002583979328165356
content_minus_uniform_at_lambda100,cer,p259,004,-0.027777777777777776
content_minus_uniform_at_lambda100,cer,p259,005,-0.02303523035230353
content_minus_uniform_at_lambda100,cer,p259,006,-0.04669887278582932
content_minus_uniform_at_lambda100,cer,p259,007,0.017857142857142842
content_minus_uniform_at_lambda100,cer,p263,002,-1.6304909560723515
content_minus_uniform_at_lambda100,cer,p263,004,0.036324786324786335
content_minus_uniform_at_lambda100,cer,p263,005,0.027100271002710032
content_minus_uniform_at_lambda100,cer,p263,006,-0.008051529790660225
content_minus_uniform_at_lambda100,cer,p263,007,0.013888888888888888
content_minus_uniform_at_lambda100,clip_fraction,p236,002,0.0
content_minus_uniform_at_lambda100,clip_fraction,p236,004,0.0
content_minus_uniform_at_lambda100,clip_fraction,p236,005,0.0
content_minus_uniform_at_lambda100,clip_fraction,p236,006,0.0
content_minus_uniform_at_lambda100,clip_fraction,p236,007,0.0
content_minus_uniform_at_lambda100,clip_fraction,p239,002,0.0
content_minus_uniform_at_lambda100,clip_fraction,p239,004,0.0
content_minus_uniform_at_lambda100,clip_fraction,p239,005,0.0
content_minus_uniform_at_lambda100,clip_fraction,p239,006,0.0
content_minus_uniform_at_lambda100,clip_fraction,p239,007,0.0
content_minus_uniform_at_lambda100,clip_fraction,p259,002,0.0
content_minus_uniform_at_lambda100,clip_fraction,p259,004,0.0
content_minus_uniform_at_lambda100,clip_fraction,p259,005,0.0
content_minus_uniform_at_lambda100,clip_fraction,p259,006,0.0
content_minus_uniform_at_lambda100,clip_fraction,p259,007,0.0
content_minus_uniform_at_lambda100,clip_fraction,p263,002,0.0
content_minus_uniform_at_lambda100,clip_fraction,p263,004,0.0
content_minus_uniform_at_lambda100,clip_fraction,p263,005,0.0
content_minus_uniform_at_lambda100,clip_fraction,p263,006,0.0
content_minus_uniform_at_lambda100,clip_fraction,p263,007,0.0
content_minus_uniform_at_lambda100,silence_fraction,p236,002,-0.025619329872802094
content_minus_uniform_at_lambda100,silence_fraction,p236,004,-0.03893716023601167
content_minus_uniform_at_lambda100,silence_fraction,p236,005,-0.039099542628377164
content_minus_uniform_at_lambda100,silence_fraction,p236,006,-0.0421095702681209
content_minus_uniform_at_lambda100,silence_fraction,p236,007,-0.03326103436657682
content_minus_uniform_at_lambda100,silence_fraction,p239,002,-0.04090047477324263
content_minus_uniform_at_lambda100,silence_fraction,p239,004,-0.052460836563307515
content_minus_uniform_at_lambda100,silence_fraction,p239,005,-0.045370916317260666
content_minus_uniform_at_lambda100,silence_fraction,p239,006,-0.04609745260663508
content_minus_uniform_at_lambda100,silence_fraction,p239,007,-0.04771495835699413
content_minus_uniform_at_lambda100,silence_fraction,p259,002,-0.03275436171124828
content_minus_uniform_at_lambda100,silence_fraction,p259,004,-0.04857563768696579
content_minus_uniform_at_lambda100,silence_fraction,p259,005,-0.0502296146953405
content_minus_uniform_at_lambda100,silence_fraction,p259,006,-0.05302604166666666
content_minus_uniform_at_lambda100,silence_fraction,p259,007,-0.04320916734749457
content_minus_uniform_at_lambda100,silence_fraction,p263,002,-0.022327014514514514
content_minus_uniform_at_lambda100,silence_fraction,p263,004,-0.03392761752136751
content_minus_uniform_at_lambda100,silence_fraction,p263,005,-0.024144773672424832
content_minus_uniform_at_lambda100,silence_fraction,p263,006,-0.03002572294216462
content_minus_uniform_at_lambda100,silence_fraction,p263,007,-0.03445407940663178
content_minus_uniform_at_lambda100,rms_dbfs,p236,002,2.0443256003746573
content_minus_uniform_at_lambda100,rms_dbfs,p236,004,2.3229604541438422
content_minus_uniform_at_lambda100,rms_dbfs,p236,005,2.066976292551893
content_minus_uniform_at_lambda100,rms_dbfs,p236,006,2.0516140741937843
content_minus_uniform_at_lambda100,rms_dbfs,p236,007,1.9613284893880296
content_minus_uniform_at_lambda100,rms_dbfs,p239,002,2.2919177822788783
content_minus_uniform_at_lambda100,rms_dbfs,p239,004,2.546825575699391
content_minus_uniform_at_lambda100,rms_dbfs,p239,005,2.7424160982020718
content_minus_uniform_at_lambda100,rms_dbfs,p239,006,3.061028294655187
content_minus_uniform_at_lambda100,rms_dbfs,p239,007,1.2587107835078792
content_minus_uniform_at_lambda100,rms_dbfs,p259,002,1.8178474632317325
content_minus_uniform_at_lambda100,rms_dbfs,p259,004,2.1965131911806366
content_minus_uniform_at_lambda100,rms_dbfs,p259,005,2.6969313573191167
content_minus_uniform_at_lambda100,rms_dbfs,p259,006,1.9712502929001725
content_minus_uniform_at_lambda100,rms_dbfs,p259,007,1.7021445393317056
content_minus_uniform_at_lambda100,rms_dbfs,p263,002,0.482161130430423
content_minus_uniform_at_lambda100,rms_dbfs,p263,004,0.710174096554398
content_minus_uniform_at_lambda100,rms_dbfs,p263,005,0.9078547555904244
content_minus_uniform_at_lambda100,rms_dbfs,p263,006,0.7218532115851642
content_minus_uniform_at_lambda100,rms_dbfs,p263,007,0.6478129161212145
content_minus_uniform_at_lambda100,duration_s,p236,002,0.0
content_minus_uniform_at_lambda100,duration_s,p236,004,0.0
content_minus_uniform_at_lambda100,duration_s,p236,005,0.0
content_minus_uniform_at_lambda100,duration_s,p236,006,0.0
content_minus_uniform_at_lambda100,duration_s,p236,007,0.0
content_minus_uniform_at_lambda100,duration_s,p239,002,0.0
content_minus_uniform_at_lambda100,duration_s,p239,004,0.0
content_minus_uniform_at_lambda100,duration_s,p239,005,0.0
content_minus_uniform_at_lambda100,duration_s,p239,006,0.0
content_minus_uniform_at_lambda100,duration_s,p239,007,0.0
content_minus_uniform_at_lambda100,duration_s,p259,002,0.0
content_minus_uniform_at_lambda100,duration_s,p259,004,0.0
content_minus_uniform_at_lambda100,duration_s,p259,005,0.0
content_minus_uniform_at_lambda100,duration_s,p259,006,0.0
content_minus_uniform_at_lambda100,duration_s,p259,007,0.0
content_minus_uniform_at_lambda100,duration_s,p263,002,0.0
content_minus_uniform_at_lambda100,duration_s,p263,004,0.0
content_minus_uniform_at_lambda100,duration_s,p263,005,0.0
content_minus_uniform_at_lambda100,duration_s,p263,006,0.0
content_minus_uniform_at_lambda100,duration_s,p263,007,0.0
content_minus_uniform_at_lambda025,identity_delta,p236,002,0.031107574701309204
content_minus_uniform_at_lambda025,identity_delta,p236,004,0.01901642150349088
content_minus_uniform_at_lambda025,identity_delta,p236,005,0.011678185727861187
content_minus_uniform_at_lambda025,identity_delta,p236,006,-0.0010759201314714157
content_minus_uniform_at_lambda025,identity_delta,p236,007,0.026687516106499578
content_minus_uniform_at_lambda025,identity_delta,p239,002,0.004082861873838652
content_minus_uniform_at_lambda025,identity_delta,p239,004,-0.008349948459201388
content_minus_uniform_at_lambda025,identity_delta,p239,005,0.01934892601437037
content_minus_uniform_at_lambda025,identity_delta,p239,006,0.007660965124766026
content_minus_uniform_at_lambda025,identity_delta,p239,007,0.018567310439215765
content_minus_uniform_at_lambda025,identity_delta,p259,002,0.008608453803592249
content_minus_uniform_at_lambda025,identity_delta,p259,004,-0.000348210334777849
content_minus_uniform_at_lambda025,identity_delta,p259,005,-0.0004861156145731392
content_minus_uniform_at_lambda025,identity_delta,p259,006,0.006550090180503022
content_minus_uniform_at_lambda025,identity_delta,p259,007,0.01404419210222031
content_minus_uniform_at_lambda025,identity_delta,p263,002,-0.05553351508246526
content_minus_uniform_at_lambda025,identity_delta,p263,004,-0.04782439271608989
content_minus_uniform_at_lambda025,identity_delta,p263,005,-0.0492305060227712
content_minus_uniform_at_lambda025,identity_delta,p263,006,-0.017235345310635024
content_minus_uniform_at_lambda025,identity_delta,p263,007,-0.04297576679123773
content_minus_uniform_at_lambda025,robust_content_error,p236,002,0.08080808080808081
content_minus_uniform_at_lambda025,robust_content_error,p236,004,-0.02207977207977208
content_minus_uniform_at_lambda025,robust_content_error,p236,005,-0.08888888888888889
content_minus_uniform_at_lambda025,robust_content_error,p236,006,-0.026143790849673207
content_minus_uniform_at_lambda025,robust_content_error,p236,007,0.04629629629629631
content_minus_uniform_at_lambda025,robust_content_error,p239,002,-0.039229504345783414
content_minus_uniform_at_lambda025,robust_content_error,p239,004,0.00797720797720796
content_minus_uniform_at_lambda025,robust_content_error,p239,005,0.011111111111111115
content_minus_uniform_at_lambda025,robust_content_error,p239,006,0.15032679738562094
content_minus_uniform_at_lambda025,robust_content_error,p239,007,3.0839528461809902e-18
content_minus_uniform_at_lambda025,robust_content_error,p259,002,-0.010101010101010102
content_minus_uniform_at_lambda025,robust_content_error,p259,004,0.05185185185185185
content_minus_uniform_at_lambda025,robust_content_error,p259,005,-0.016666666666666663
content_minus_uniform_at_lambda025,robust_content_error,p259,006,0.09803921568627451
content_minus_uniform_at_lambda025,robust_content_error,p259,007,0.12962962962962965
content_minus_uniform_at_lambda025,robust_content_error,p263,002,0.010101010101010098
content_minus_uniform_at_lambda025,robust_content_error,p263,004,-0.029629629629629624
content_minus_uniform_at_lambda025,robust_content_error,p263,005,0.011111111111111108
content_minus_uniform_at_lambda025,robust_content_error,p263,006,0.00653594771241829
content_minus_uniform_at_lambda025,robust_content_error,p263,007,-0.009259259259259257
content_minus_uniform_at_lambda025,wer,p236,002,0.08080808080808081
content_minus_uniform_at_lambda025,wer,p236,004,-0.022222222222222213
content_minus_uniform_at_lambda025,wer,p236,005,-0.08888888888888889
content_minus_uniform_at_lambda025,wer,p236,006,-0.026143790849673207
content_minus_uniform_at_lambda025,wer,p236,007,0.04629629629629631
content_minus_uniform_at_lambda025,wer,p239,002,-0.05050505050505051
content_minus_uniform_at_lambda025,wer,p239,004,0.007407407407407394
content_minus_uniform_at_lambda025,wer,p239,005,0.011111111111111115
content_minus_uniform_at_lambda025,wer,p239,006,0.15032679738562094
content_minus_uniform_at_lambda025,wer,p239,007,3.0839528461809902e-18
content_minus_uniform_at_lambda025,wer,p259,002,-0.010101010101010102
content_minus_uniform_at_lambda025,wer,p259,004,0.05185185185185185
content_minus_uniform_at_lambda025,wer,p259,005,-0.016666666666666663
content_minus_uniform_at_lambda025,wer,p259,006,0.09803921568627451
content_minus_uniform_at_lambda025,wer,p259,007,0.12962962962962965
content_minus_uniform_at_lambda025,wer,p263,002,0.010101010101010098
content_minus_uniform_at_lambda025,wer,p263,004,-0.029629629629629624
content_minus_uniform_at_lambda025,wer,p263,005,0.011111111111111108
content_minus_uniform_at_lambda025,wer,p263,006,0.00653594771241829
content_minus_uniform_at_lambda025,wer,p263,007,-0.009259259259259257
content_minus_uniform_at_lambda025,cer,p236,002,0.046511627906976744
content_minus_uniform_at_lambda025,cer,p236,004,-0.002136752136752154
content_minus_uniform_at_lambda025,cer,p236,005,-0.07859078590785909
content_minus_uniform_at_lambda025,cer,p236,006,-0.016103059581320467
content_minus_uniform_at_lambda025,cer,p236,007,0.049603174603174614
content_minus_uniform_at_lambda025,cer,p239,002,-0.04134366925064598
content_minus_uniform_at_lambda025,cer,p239,004,0.027777777777777783
content_minus_uniform_at_lambda025,cer,p239,005,0.0027100271002709806
content_minus_uniform_at_lambda025,cer,p239,006,0.0676328502415459
content_minus_uniform_at_lambda025,cer,p239,007,0.023809523809523798
content_minus_uniform_at_lambda025,cer,p259,002,-0.002583979328165378
content_minus_uniform_at_lambda025,cer,p259,004,0.004273504273504278
content_minus_uniform_at_lambda025,cer,p259,005,-0.017615176151761516
content_minus_uniform_at_lambda025,cer,p259,006,0.051529790660225415
content_minus_uniform_at_lambda025,cer,p259,007,0.0396825396825397
content_minus_uniform_at_lambda025,cer,p263,002,-0.04392764857881138
content_minus_uniform_at_lambda025,cer,p263,004,1.850371707708594e-17
content_minus_uniform_at_lambda025,cer,p263,005,0.05555555555555555
content_minus_uniform_at_lambda025,cer,p263,006,0.003220611916264123
content_minus_uniform_at_lambda025,cer,p263,007,0.007936507936507933
content_minus_uniform_at_lambda025,clip_fraction,p236,002,0.0
content_minus_uniform_at_lambda025,clip_fraction,p236,004,0.0
content_minus_uniform_at_lambda025,clip_fraction,p236,005,0.0
content_minus_uniform_at_lambda025,clip_fraction,p236,006,0.0
content_minus_uniform_at_lambda025,clip_fraction,p236,007,0.0
content_minus_uniform_at_lambda025,clip_fraction,p239,002,0.0
content_minus_uniform_at_lambda025,clip_fraction,p239,004,0.0
content_minus_uniform_at_lambda025,clip_fraction,p239,005,0.0
content_minus_uniform_at_lambda025,clip_fraction,p239,006,0.0
content_minus_uniform_at_lambda025,clip_fraction,p239,007,0.0
content_minus_uniform_at_lambda025,clip_fraction,p259,002,0.0
content_minus_uniform_at_lambda025,clip_fraction,p259,004,0.0
content_minus_uniform_at_lambda025,clip_fraction,p259,005,0.0
content_minus_uniform_at_lambda025,clip_fraction,p259,006,0.0
content_minus_uniform_at_lambda025,clip_fraction,p259,007,0.0
content_minus_uniform_at_lambda025,clip_fraction,p263,002,0.0
content_minus_uniform_at_lambda025,clip_fraction,p263,004,0.0
content_minus_uniform_at_lambda025,clip_fraction,p263,005,0.0
content_minus_uniform_at_lambda025,clip_fraction,p263,006,0.0
content_minus_uniform_at_lambda025,clip_fraction,p263,007,0.0
content_minus_uniform_at_lambda025,silence_fraction,p236,002,0.04059840301159745
content_minus_uniform_at_lambda025,silence_fraction,p236,004,0.047499627088305504
content_minus_uniform_at_lambda025,silence_fraction,p236,005,0.04225375738056896
content_minus_uniform_at_lambda025,silence_fraction,p236,006,0.04704985372642583
content_minus_uniform_at_lambda025,silence_fraction,p236,007,0.052975956498951766
content_minus_uniform_at_lambda025,silence_fraction,p239,002,0.07667528817082386
content_minus_uniform_at_lambda025,silence_fraction,p239,004,0.07587310239018091
content_minus_uniform_at_lambda025,silence_fraction,p239,005,0.05172482820871185
content_minus_uniform_at_lambda025,silence_fraction,p239,006,0.05138086657451291
content_minus_uniform_at_lambda025,silence_fraction,p239,007,0.07125597435169413
content_minus_uniform_at_lambda025,silence_fraction,p259,002,0.05824813528806584
content_minus_uniform_at_lambda025,silence_fraction,p259,004,0.06904693342681625
content_minus_uniform_at_lambda025,silence_fraction,p259,005,0.0665245575716846
content_minus_uniform_at_lambda025,silence_fraction,p259,006,0.06047309027777777
content_minus_uniform_at_lambda025,silence_fraction,p259,007,0.05453005855119825
content_minus_uniform_at_lambda025,silence_fraction,p263,002,0.05890395603937272
content_minus_uniform_at_lambda025,silence_fraction,p263,004,0.06499255952380953
content_minus_uniform_at_lambda025,silence_fraction,p263,005,0.05171261862870549
content_minus_uniform_at_lambda025,silence_fraction,p263,006,0.04363525917926566
content_minus_uniform_at_lambda025,silence_fraction,p263,007,0.05131980802792323
content_minus_uniform_at_lambda025,rms_dbfs,p236,002,-2.3034691809824284
content_minus_uniform_at_lambda025,rms_dbfs,p236,004,-2.073449189544007
content_minus_uniform_at_lambda025,rms_dbfs,p236,005,-2.51926195881644
content_minus_uniform_at_lambda025,rms_dbfs,p236,006,-2.5419056721973994
content_minus_uniform_at_lambda025,rms_dbfs,p236,007,-2.6558158265225575
content_minus_uniform_at_lambda025,rms_dbfs,p239,002,-2.579165372204527
content_minus_uniform_at_lambda025,rms_dbfs,p239,004,-2.7293664745396637
content_minus_uniform_at_lambda025,rms_dbfs,p239,005,-2.658010884142189
content_minus_uniform_at_lambda025,rms_dbfs,p239,006,-2.748509569733133
content_minus_uniform_at_lambda025,rms_dbfs,p239,007,-1.6338976956451496
content_minus_uniform_at_lambda025,rms_dbfs,p259,002,-2.811521832995854
content_minus_uniform_at_lambda025,rms_dbfs,p259,004,-3.133696966783378
content_minus_uniform_at_lambda025,rms_dbfs,p259,005,-3.187964570272743
content_minus_uniform_at_lambda025,rms_dbfs,p259,006,-3.222115868504799
content_minus_uniform_at_lambda025,rms_dbfs,p259,007,-3.0202262918415634
content_minus_uniform_at_lambda025,rms_dbfs,p263,002,-2.2481407985105424
content_minus_uniform_at_lambda025,rms_dbfs,p263,004,-2.9475864857320406
content_minus_uniform_at_lambda025,rms_dbfs,p263,005,-3.254625054619573
content_minus_uniform_at_lambda025,rms_dbfs,p263,006,-2.7258362626133783
content_minus_uniform_at_lambda025,rms_dbfs,p263,007,-2.925377626568387
content_minus_uniform_at_lambda025,duration_s,p236,002,0.0
content_minus_uniform_at_lambda025,duration_s,p236,004,0.0
content_minus_uniform_at_lambda025,duration_s,p236,005,0.0
content_minus_uniform_at_lambda025,duration_s,p236,006,0.0
content_minus_uniform_at_lambda025,duration_s,p236,007,0.0
content_minus_uniform_at_lambda025,duration_s,p239,002,0.0
content_minus_uniform_at_lambda025,duration_s,p239,004,0.0
content_minus_uniform_at_lambda025,duration_s,p239,005,0.0
content_minus_uniform_at_lambda025,duration_s,p239,006,0.0
content_minus_uniform_at_lambda025,duration_s,p239,007,0.0
content_minus_uniform_at_lambda025,duration_s,p259,002,0.0
content_minus_uniform_at_lambda025,duration_s,p259,004,0.0
content_minus_uniform_at_lambda025,duration_s,p259,005,0.0
content_minus_uniform_at_lambda025,duration_s,p259,006,0.0
content_minus_uniform_at_lambda025,duration_s,p259,007,0.0
content_minus_uniform_at_lambda025,duration_s,p263,002,0.0
content_minus_uniform_at_lambda025,duration_s,p263,004,0.0
content_minus_uniform_at_lambda025,duration_s,p263,005,0.0
content_minus_uniform_at_lambda025,duration_s,p263,006,0.0
content_minus_uniform_at_lambda025,duration_s,p263,007,0.0
lambda025_minus_lambda100_within_uniform,identity_delta,p236,002,-0.007589310407638553
lambda025_minus_lambda100_within_uniform,identity_delta,p236,004,0.01517930958006116
lambda025_minus_lambda100_within_uniform,identity_delta,p236,005,0.029444012376997217
lambda025_minus_lambda100_within_uniform,identity_delta,p236,006,-0.0003107587496439554
lambda025_minus_lambda100_within_uniform,identity_delta,p236,007,0.007399522595935394
lambda025_minus_lambda100_within_uniform,identity_delta,p239,002,0.017356276512145982
lambda025_minus_lambda100_within_uniform,identity_delta,p239,004,0.1085966063870324
lambda025_minus_lambda100_within_uniform,identity_delta,p239,005,0.04398902588420447
lambda025_minus_lambda100_within_uniform,identity_delta,p239,006,0.012919750478532558
lambda025_minus_lambda100_within_uniform,identity_delta,p239,007,0.0197718772623274
lambda025_minus_lambda100_within_uniform,identity_delta,p259,002,-0.0005497998661465162
lambda025_minus_lambda100_within_uniform,identity_delta,p259,004,0.03188770347171361
lambda025_minus_lambda100_within_uniform,identity_delta,p259,005,0.06456830104192098
lambda025_minus_lambda100_within_uniform,identity_delta,p259,006,0.014161076810624831
lambda025_minus_lambda100_within_uniform,identity_delta,p259,007,0.02453344398074682
lambda025_minus_lambda100_within_uniform,identity_delta,p263,002,0.05716253651512994
lambda025_minus_lambda100_within_uniform,identity_delta,p263,004,0.025457713339063857
lambda025_minus_lambda100_within_uniform,identity_delta,p263,005,0.019475479920705162
lambda025_minus_lambda100_within_uniform,identity_delta,p263,006,0.016879217492209542
lambda025_minus_lambda100_within_uniform,identity_delta,p263,007,0.030727926227781508
lambda025_minus_lambda100_within_uniform,robust_content_error,p236,002,0.1414141414141414
lambda025_minus_lambda100_within_uniform,robust_content_error,p236,004,0.023361823361823356
lambda025_minus_lambda100_within_uniform,robust_content_error,p236,005,0.11666666666666667
lambda025_minus_lambda100_within_uniform,robust_content_error,p236,006,0.12418300653594769
lambda025_minus_lambda100_within_uniform,robust_content_error,p236,007,-0.05555555555555555
lambda025_minus_lambda100_within_uniform,robust_content_error,p239,002,0.0700023490721165
lambda025_minus_lambda100_within_uniform,robust_content_error,p239,004,1.2335811384723961e-17
lambda025_minus_lambda100_within_uniform,robust_content_error,p239,005,0.03888888888888889
lambda025_minus_lambda100_within_uniform,robust_content_error,p239,006,0.1503267973856209
lambda025_minus_lambda100_within_uniform,robust_content_error,p239,007,-0.005952380952380949
lambda025_minus_lambda100_within_uniform,robust_content_error,p259,002,0.010101010101010102
lambda025_minus_lambda100_within_uniform,robust_content_error,p259,004,-0.04444444444444446
lambda025_minus_lambda100_within_uniform,robust_content_error,p259,005,-0.03888888888888889
lambda025_minus_lambda100_within_uniform,robust_content_error,p259,006,0.013071895424836617
lambda025_minus_lambda100_within_uniform,robust_content_error,p259,007,-0.010582010582010597
lambda025_minus_lambda100_within_uniform,robust_content_error,p263,002,0.040404040404040414
lambda025_minus_lambda100_within_uniform,robust_content_error,p263,004,-0.024643874643874672
lambda025_minus_lambda100_within_uniform,robust_content_error,p263,005,0.10555555555555556
lambda025_minus_lambda100_within_uniform,robust_content_error,p263,006,0.058823529411764705
lambda025_minus_lambda100_within_uniform,robust_content_error,p263,007,0.027777777777777762
lambda025_minus_lambda100_within_uniform,wer,p236,002,0.1414141414141414
lambda025_minus_lambda100_within_uniform,wer,p236,004,0.022222222222222213
lambda025_minus_lambda100_within_uniform,wer,p236,005,0.11666666666666667
lambda025_minus_lambda100_within_uniform,wer,p236,006,0.12418300653594769
lambda025_minus_lambda100_within_uniform,wer,p236,007,-0.05555555555555555
lambda025_minus_lambda100_within_uniform,wer,p239,002,0.07070707070707069
lambda025_minus_lambda100_within_uniform,wer,p239,004,1.2335811384723961e-17
lambda025_minus_lambda100_within_uniform,wer,p239,005,0.03888888888888889
lambda025_minus_lambda100_within_uniform,wer,p239,006,0.1503267973856209
lambda025_minus_lambda100_within_uniform,wer,p239,007,7.709882115452476e-18
lambda025_minus_lambda100_within_uniform,wer,p259,002,0.010101010101010102
lambda025_minus_lambda100_within_uniform,wer,p259,004,-0.04444444444444446
lambda025_minus_lambda100_within_uniform,wer,p259,005,-0.03888888888888889
lambda025_minus_lambda100_within_uniform,wer,p259,006,0.013071895424836617
lambda025_minus_lambda100_within_uniform,wer,p259,007,-0.009259259259259273
lambda025_minus_lambda100_within_uniform,wer,p263,002,-2.101010101010102
lambda025_minus_lambda100_within_uniform,wer,p263,004,-0.022222222222222254
lambda025_minus_lambda100_within_uniform,wer,p263,005,0.10555555555555556
lambda025_minus_lambda100_within_uniform,wer,p263,006,0.058823529411764705
lambda025_minus_lambda100_within_uniform,wer,p263,007,0.027777777777777762
lambda025_minus_lambda100_within_uniform,cer,p236,002,0.06459948320413436
lambda025_minus_lambda100_within_uniform,cer,p236,004,0.04059829059829062
lambda025_minus_lambda100_within_uniform,cer,p236,005,0.08265582655826557
lambda025_minus_lambda100_within_uniform,cer,p236,006,0.035426731078904955
lambda025_minus_lambda100_within_uniform,cer,p236,007,-0.02380952380952381
lambda025_minus_lambda100_within_uniform,cer,p239,002,0.03617571059431525
lambda025_minus_lambda100_within_uniform,cer,p239,004,-0.002136752136752134
lambda025_minus_lambda100_within_uniform,cer,p239,005,0.036585365853658534
lambda025_minus_lambda100_within_uniform,cer,p239,006,0.05958132045088566
lambda025_minus_lambda100_within_uniform,cer,p239,007,-0.04166666666666668
lambda025_minus_lambda100_within_uniform,cer,p259,002,-0.0025839793281653887
lambda025_minus_lambda100_within_uniform,cer,p259,004,-0.00427350427350428
lambda025_minus_lambda100_within_uniform,cer,p259,005,-0.0054200542005419985
lambda025_minus_lambda100_within_uniform,cer,p259,006,-0.02737520128824476
lambda025_minus_lambda100_within_uniform,cer,p259,007,-0.019841269841269858
lambda025_minus_lambda100_within_uniform,cer,p263,002,-1.576227390180879
lambda025_minus_lambda100_within_uniform,cer,p263,004,-0.02136752136752138
lambda025_minus_lambda100_within_uniform,cer,p263,005,0.028455284552845548
lambda025_minus_lambda100_within_uniform,cer,p263,006,-0.0016103059581320522
lambda025_minus_lambda100_within_uniform,cer,p263,007,0.01587301587301589
lambda025_minus_lambda100_within_uniform,clip_fraction,p236,002,0.0
lambda025_minus_lambda100_within_uniform,clip_fraction,p236,004,0.0
lambda025_minus_lambda100_within_uniform,clip_fraction,p236,005,0.0
lambda025_minus_lambda100_within_uniform,clip_fraction,p236,006,0.0
lambda025_minus_lambda100_within_uniform,clip_fraction,p236,007,0.0
lambda025_minus_lambda100_within_uniform,clip_fraction,p239,002,0.0
lambda025_minus_lambda100_within_uniform,clip_fraction,p239,004,0.0
lambda025_minus_lambda100_within_uniform,clip_fraction,p239,005,0.0
lambda025_minus_lambda100_within_uniform,clip_fraction,p239,006,0.0
lambda025_minus_lambda100_within_uniform,clip_fraction,p239,007,0.0
lambda025_minus_lambda100_within_uniform,clip_fraction,p259,002,0.0
lambda025_minus_lambda100_within_uniform,clip_fraction,p259,004,0.0
lambda025_minus_lambda100_within_uniform,clip_fraction,p259,005,0.0
lambda025_minus_lambda100_within_uniform,clip_fraction,p259,006,0.0
lambda025_minus_lambda100_within_uniform,clip_fraction,p259,007,0.0
lambda025_minus_lambda100_within_uniform,clip_fraction,p263,002,0.0
lambda025_minus_lambda100_within_uniform,clip_fraction,p263,004,0.0
lambda025_minus_lambda100_within_uniform,clip_fraction,p263,005,0.0
lambda025_minus_lambda100_within_uniform,clip_fraction,p263,006,0.0
lambda025_minus_lambda100_within_uniform,clip_fraction,p263,007,0.0
lambda025_minus_lambda100_within_uniform,silence_fraction,p236,002,0.00036388187429854516
lambda025_minus_lambda100_within_uniform,silence_fraction,p236,004,-0.008264137496685229
lambda025_minus_lambda100_within_uniform,silence_fraction,p236,005,-0.01132036701556628
lambda025_minus_lambda100_within_uniform,silence_fraction,p236,006,-0.014823513122017743
lambda025_minus_lambda100_within_uniform,silence_fraction,p236,007,-0.006958483078766096
lambda025_minus_lambda100_within_uniform,silence_fraction,p239,002,-0.02105182350718065
lambda025_minus_lambda100_within_uniform,silence_fraction,p239,004,-0.022189922480620183
lambda025_minus_lambda100_within_uniform,silence_fraction,p239,005,-0.025129025448404365
lambda025_minus_lambda100_within_uniform,silence_fraction,p239,006,-0.026403699315429175
lambda025_minus_lambda100_within_uniform,silence_fraction,p239,007,-0.01449519685784593
lambda025_minus_lambda100_within_uniform,silence_fraction,p259,002,0.0010743527091906851
lambda025_minus_lambda100_within_uniform,silence_fraction,p259,004,-0.025175697783119632
lambda025_minus_lambda100_within_uniform,silence_fraction,p259,005,-0.027991991487455174
lambda025_minus_lambda100_within_uniform,silence_fraction,p259,006,-0.02957465277777778
lambda025_minus_lambda100_within_uniform,silence_fraction,p259,007,-0.01916956018518519
lambda025_minus_lambda100_within_uniform,silence_fraction,p263,002,-0.001240824157490809
lambda025_minus_lambda100_within_uniform,silence_fraction,p263,004,-0.00565762362637362
lambda025_minus_lambda100_within_uniform,silence_fraction,p263,005,-0.013148292546385162
lambda025_minus_lambda100_within_uniform,silence_fraction,p263,006,-0.006529165166786653
lambda025_minus_lambda100_within_uniform,silence_fraction,p263,007,-0.005058355148342069
lambda025_minus_lambda100_within_uniform,rms_dbfs,p236,002,1.5707864688255928
lambda025_minus_lambda100_within_uniform,rms_dbfs,p236,004,1.7134719158389724
lambda025_minus_lambda100_within_uniform,rms_dbfs,p236,005,1.7692254065565878
lambda025_minus_lambda100_within_uniform,rms_dbfs,p236,006,1.899274524853573
lambda025_minus_lambda100_within_uniform,rms_dbfs,p236,007,1.6390689778442495
lambda025_minus_lambda100_within_uniform,rms_dbfs,p239,002,2.0443831623176756
lambda025_minus_lambda100_within_uniform,rms_dbfs,p239,004,2.4694330996623917
lambda025_minus_lambda100_within_uniform,rms_dbfs,p239,005,2.386907764056151
lambda025_minus_lambda100_within_uniform,rms_dbfs,p239,006,2.7146687069984865
lambda025_minus_lambda100_within_uniform,rms_dbfs,p239,007,1.154076916401309
lambda025_minus_lambda100_within_uniform,rms_dbfs,p259,002,1.6068324968994727
lambda025_minus_lambda100_within_uniform,rms_dbfs,p259,004,2.102436331374028
lambda025_minus_lambda100_within_uniform,rms_dbfs,p259,005,2.4628408205831156
lambda025_minus_lambda100_within_uniform,rms_dbfs,p259,006,1.806564266391318
lambda025_minus_lambda100_within_uniform,rms_dbfs,p259,007,1.5869258052623634
lambda025_minus_lambda100_within_uniform,rms_dbfs,p263,002,0.690966391717508
lambda025_minus_lambda100_within_uniform,rms_dbfs,p263,004,0.87445440656644
lambda025_minus_lambda100_within_uniform,rms_dbfs,p263,005,1.0900194695619823
lambda025_minus_lambda100_within_uniform,rms_dbfs,p263,006,0.9286379989464043
lambda025_minus_lambda100_within_uniform,rms_dbfs,p263,007,0.9627261849373588
lambda025_minus_lambda100_within_uniform,duration_s,p236,002,0.0
lambda025_minus_lambda100_within_uniform,duration_s,p236,004,0.0
lambda025_minus_lambda100_within_uniform,duration_s,p236,005,0.0
lambda025_minus_lambda100_within_uniform,duration_s,p236,006,0.0
lambda025_minus_lambda100_within_uniform,duration_s,p236,007,0.0
lambda025_minus_lambda100_within_uniform,duration_s,p239,002,0.0
lambda025_minus_lambda100_within_uniform,duration_s,p239,004,0.0
lambda025_minus_lambda100_within_uniform,duration_s,p239,005,0.0
lambda025_minus_lambda100_within_uniform,duration_s,p239,006,0.0
lambda025_minus_lambda100_within_uniform,duration_s,p239,007,0.0
lambda025_minus_lambda100_within_uniform,duration_s,p259,002,0.0
lambda025_minus_lambda100_within_uniform,duration_s,p259,004,0.0
lambda025_minus_lambda100_within_uniform,duration_s,p259,005,0.0
lambda025_minus_lambda100_within_uniform,duration_s,p259,006,0.0
lambda025_minus_lambda100_within_uniform,duration_s,p259,007,0.0
lambda025_minus_lambda100_within_uniform,duration_s,p263,002,0.0
lambda025_minus_lambda100_within_uniform,duration_s,p263,004,0.0
lambda025_minus_lambda100_within_uniform,duration_s,p263,005,0.0
lambda025_minus_lambda100_within_uniform,duration_s,p263,006,0.0
lambda025_minus_lambda100_within_uniform,duration_s,p263,007,0.0
lambda025_minus_lambda100_within_content_only,identity_delta,p236,002,0.013225409719679091
lambda025_minus_lambda100_within_content_only,identity_delta,p236,004,0.03051810132132638
lambda025_minus_lambda100_within_content_only,identity_delta,p236,005,0.014914770921071368
lambda025_minus_lambda100_within_content_only,identity_delta,p236,006,-0.006521417034996874
lambda025_minus_lambda100_within_content_only,identity_delta,p236,007,0.01925613482793172
lambda025_minus_lambda100_within_content_only,identity_delta,p239,002,-0.004894495010375961
lambda025_minus_lambda100_within_content_only,identity_delta,p239,004,0.052623516983456076
lambda025_minus_lambda100_within_content_only,identity_delta,p239,005,0.030725671185387507
lambda025_minus_lambda100_within_content_only,identity_delta,p239,006,-0.0005689594480726624
lambda025_minus_lambda100_within_content_only,identity_delta,p239,007,0.02737154894404943
lambda025_minus_lambda100_within_content_only,identity_delta,p259,002,-0.0065065158738030265
lambda025_minus_lambda100_within_content_only,identity_delta,p259,004,0.020502971278296558
lambda025_minus_lambda100_within_content_only,identity_delta,p259,005,0.014889929029676655
lambda025_minus_lambda100_within_content_only,identity_delta,p259,006,0.0028382076157463954
lambda025_minus_lambda100_within_content_only,identity_delta,p259,007,0.009292284647623704
lambda025_minus_lambda100_within_content_only,identity_delta,p263,002,-0.030190507570902508
lambda025_minus_lambda100_within_content_only,identity_delta,p263,004,-0.040478458007176726
lambda025_minus_lambda100_within_content_only,identity_delta,p263,005,-0.052353468206193715
lambda025_minus_lambda100_within_content_only,identity_delta,p263,006,-0.018746121062172775
lambda025_minus_lambda100_within_content_only,identity_delta,p263,007,-0.018720868561002944
lambda025_minus_lambda100_within_content_only,robust_content_error,p236,002,0.0808080808080808
lambda025_minus_lambda100_within_content_only,robust_content_error,p236,004,0.030911680911680926
lambda025_minus_lambda100_within_content_only,robust_content_error,p236,005,0.033333333333333326
lambda025_minus_lambda100_within_content_only,robust_content_error,p236,006,0.0392156862745098
lambda025_minus_lambda100_within_content_only,robust_content_error,p236,007,0.09259259259259262
lambda025_minus_lambda100_within_content_only,robust_content_error,p239,002,-0.004463237021376558
lambda025_minus_lambda100_within_content_only,robust_content_error,p239,004,0.03019943019943018
lambda025_minus_lambda100_within_content_only,robust_content_error,p239,005,0.0388888888888889
lambda025_minus_lambda100_within_content_only,robust_content_error,p239,006,0.11764705882352944
lambda025_minus_lambda100_within_content_only,robust_content_error,p239,007,-0.0013227513227513088
lambda025_minus_lambda100_within_content_only,robust_content_error,p259,002,-0.020202020202020204
lambda025_minus_lambda100_within_content_only,robust_content_error,p259,004,0.030769230769230747
lambda025_minus_lambda100_within_content_only,robust_content_error,p259,005,3.0839528461809902e-18
lambda025_minus_lambda100_within_content_only,robust_content_error,p259,006,0.10457516339869283
lambda025_minus_lambda100_within_content_only,robust_content_error,p259,007,0.06481481481481483
lambda025_minus_lambda100_within_content_only,robust_content_error,p263,002,-0.020202020202020228
lambda025_minus_lambda100_within_content_only,robust_content_error,p263,004,-0.14814814814814817
lambda025_minus_lambda100_within_content_only,robust_content_error,p263,005,0.038888888888888876
lambda025_minus_lambda100_within_content_only,robust_content_error,p263,006,-1.2335811384723961e-17
lambda025_minus_lambda100_within_content_only,robust_content_error,p263,007,0.01851851851851851
lambda025_minus_lambda100_within_content_only,wer,p236,002,0.0808080808080808
lambda025_minus_lambda100_within_content_only,wer,p236,004,0.029629629629629648
lambda025_minus_lambda100_within_content_only,wer,p236,005,0.033333333333333326
lambda025_minus_lambda100_within_content_only,wer,p236,006,0.0392156862745098
lambda025_minus_lambda100_within_content_only,wer,p236,007,0.09259259259259262
lambda025_minus_lambda100_within_content_only,wer,p239,002,-0.010101010101010104
lambda025_minus_lambda100_within_content_only,wer,p239,004,0.02962962962962961
lambda025_minus_lambda100_within_content_only,wer,p239,005,0.0388888888888889
lambda025_minus_lambda100_within_content_only,wer,p239,006,0.11764705882352944
lambda025_minus_lambda100_within_content_only,wer,p239,007,1.2335811384723961e-17
lambda025_minus_lambda100_within_content_only,wer,p259,002,-0.020202020202020204
lambda025_minus_lambda100_within_content_only,wer,p259,004,0.029629629629629603
lambda025_minus_lambda100_within_content_only,wer,p259,005,3.0839528461809902e-18
lambda025_minus_lambda100_within_content_only,wer,p259,006,0.10457516339869283
lambda025_minus_lambda100_within_content_only,wer,p259,007,0.06481481481481483
lambda025_minus_lambda100_within_content_only,wer,p263,002,-0.020202020202020228
lambda025_minus_lambda100_within_content_only,wer,p263,004,-0.14814814814814817
lambda025_minus_lambda100_within_content_only,wer,p263,005,0.038888888888888876
lambda025_minus_lambda100_within_content_only,wer,p263,006,-1.2335811384723961e-17
lambda025_minus_lambda100_within_content_only,wer,p263,007,0.01851851851851851
lambda025_minus_lambda100_within_content_only,cer,p236,002,0.046511627906976744
lambda025_minus_lambda100_within_content_only,cer,p236,004,0.04700854700854701
lambda025_minus_lambda100_within_content_only,cer,p236,005,0.01490514905149052
lambda025_minus_lambda100_within_content_only,cer,p236,006,0.014492753623188378
lambda025_minus_lambda100_within_content_only,cer,p236,007,0.061507936507936525
lambda025_minus_lambda100_within_content_only,cer,p239,002,0.015503875968992257
lambda025_minus_lambda100_within_content_only,cer,p239,004,0.017094017094017103
lambda025_minus_lambda100_within_content_only,cer,p239,005,0.0338753387533875
lambda025_minus_lambda100_within_content_only,cer,p239,006,0.0386473429951691
lambda025_minus_lambda100_within_content_only,cer,p239,007,0.013888888888888902
lambda025_minus_lambda100_within_content_only,cer,p259,002,-0.007751937984496122
lambda025_minus_lambda100_within_content_only,cer,p259,004,0.027777777777777776
lambda025_minus_lambda100_within_content_only,cer,p259,005,1.850371707708594e-17
lambda025_minus_lambda100_within_content_only,cer,p259,006,0.07085346215780998
lambda025_minus_lambda100_within_content_only,cer,p259,007,0.001984126984127
lambda025_minus_lambda100_within_content_only,cer,p263,002,0.010335917312661484
lambda025_minus_lambda100_within_content_only,cer,p263,004,-0.057692307692307696
lambda025_minus_lambda100_within_content_only,cer,p263,005,0.05691056910569106
lambda025_minus_lambda100_within_content_only,cer,p263,006,0.009661835748792294
lambda025_minus_lambda100_within_content_only,cer,p263,007,0.009920634920634934
lambda025_minus_lambda100_within_content_only,clip_fraction,p236,002,0.0
lambda025_minus_lambda100_within_content_only,clip_fraction,p236,004,0.0
lambda025_minus_lambda100_within_content_only,clip_fraction,p236,005,0.0
lambda025_minus_lambda100_within_content_only,clip_fraction,p236,006,0.0
lambda025_minus_lambda100_within_content_only,clip_fraction,p236,007,0.0
lambda025_minus_lambda100_within_content_only,clip_fraction,p239,002,0.0
lambda025_minus_lambda100_within_content_only,clip_fraction,p239,004,0.0
lambda025_minus_lambda100_within_content_only,clip_fraction,p239,005,0.0
lambda025_minus_lambda100_within_content_only,clip_fraction,p239,006,0.0
lambda025_minus_lambda100_within_content_only,clip_fraction,p239,007,0.0
lambda025_minus_lambda100_within_content_only,clip_fraction,p259,002,0.0
lambda025_minus_lambda100_within_content_only,clip_fraction,p259,004,0.0
lambda025_minus_lambda100_within_content_only,clip_fraction,p259,005,0.0
lambda025_minus_lambda100_within_content_only,clip_fraction,p259,006,0.0
lambda025_minus_lambda100_within_content_only,clip_fraction,p259,007,0.0
lambda025_minus_lambda100_within_content_only,clip_fraction,p263,002,0.0
lambda025_minus_lambda100_within_content_only,clip_fraction,p263,004,0.0
lambda025_minus_lambda100_within_content_only,clip_fraction,p263,005,0.0
lambda025_minus_lambda100_within_content_only,clip_fraction,p263,006,0.0
lambda025_minus_lambda100_within_content_only,clip_fraction,p263,007,0.0
lambda025_minus_lambda100_within_content_only,silence_fraction,p236,002,0.0665816147586981
lambda025_minus_lambda100_within_content_only,silence_fraction,p236,004,0.07817264982763195
lambda025_minus_lambda100_within_content_only,silence_fraction,p236,005,0.07003293299337983
lambda025_minus_lambda100_within_content_only,silence_fraction,p236,006,0.07433591087252898
lambda025_minus_lambda100_within_content_only,silence_fraction,p236,007,0.0792785077867625
lambda025_minus_lambda100_within_content_only,silence_fraction,p239,002,0.09652393943688585
lambda025_minus_lambda100_within_content_only,silence_fraction,p239,004,0.10614401647286824
lambda025_minus_lambda100_within_content_only,silence_fraction,p239,005,0.07196671907756814
lambda025_minus_lambda100_within_content_only,silence_fraction,p239,006,0.07107461986571881
lambda025_minus_lambda100_within_content_only,silence_fraction,p239,007,0.10447573585084233
lambda025_minus_lambda100_within_content_only,silence_fraction,p259,002,0.0920768497085048
lambda025_minus_lambda100_within_content_only,silence_fraction,p259,004,0.0924468733306624
lambda025_minus_lambda100_within_content_only,silence_fraction,p259,005,0.08876218077956993
lambda025_minus_lambda100_within_content_only,silence_fraction,p259,006,0.08392447916666666
lambda025_minus_lambda100_within_content_only,silence_fraction,p259,007,0.07856966571350762
lambda025_minus_lambda100_within_content_only,silence_fraction,p263,002,0.07999014639639641
lambda025_minus_lambda100_within_content_only,silence_fraction,p263,004,0.09326255341880343
lambda025_minus_lambda100_within_content_only,silence_fraction,p263,005,0.06270909975474516
lambda025_minus_lambda100_within_content_only,silence_fraction,p263,006,0.06713181695464361
lambda025_minus_lambda100_within_content_only,silence_fraction,p263,007,0.08071553228621293
lambda025_minus_lambda100_within_content_only,rms_dbfs,p236,002,-2.777008312531493
lambda025_minus_lambda100_within_content_only,rms_dbfs,p236,004,-2.6829377278488766
lambda025_minus_lambda100_within_content_only,rms_dbfs,p236,005,-2.817012844811745
lambda025_minus_lambda100_within_content_only,rms_dbfs,p236,006,-2.694245221537611
lambda025_minus_lambda100_within_content_only,rms_dbfs,p236,007,-2.978075338066338
lambda025_minus_lambda100_within_content_only,rms_dbfs,p239,002,-2.82669999216573
lambda025_minus_lambda100_within_content_only,rms_dbfs,p239,004,-2.806758950576663
lambda025_minus_lambda100_within_content_only,rms_dbfs,p239,005,-3.0135192182881094
lambda025_minus_lambda100_within_content_only,rms_dbfs,p239,006,-3.0948691573898337
lambda025_minus_lambda100_within_content_only,rms_dbfs,p239,007,-1.73853156275172
lambda025_minus_lambda100_within_content_only,rms_dbfs,p259,002,-3.0225367993281136
lambda025_minus_lambda100_within_content_only,rms_dbfs,p259,004,-3.2277738265899862
lambda025_minus_lambda100_within_content_only,rms_dbfs,p259,005,-3.422055107008744
lambda025_minus_lambda100_within_content_only,rms_dbfs,p259,006,-3.386801895013653
lambda025_minus_lambda100_within_content_only,rms_dbfs,p259,007,-3.1354450259109057
lambda025_minus_lambda100_within_content_only,rms_dbfs,p263,002,-2.039335537223457
lambda025_minus_lambda100_within_content_only,rms_dbfs,p263,004,-2.783306175719998
lambda025_minus_lambda100_within_content_only,rms_dbfs,p263,005,-3.0724603406480155
lambda025_minus_lambda100_within_content_only,rms_dbfs,p263,006,-2.5190514752521382
lambda025_minus_lambda100_within_content_only,rms_dbfs,p263,007,-2.610464357752243
lambda025_minus_lambda100_within_content_only,duration_s,p236,002,0.0
lambda025_minus_lambda100_within_content_only,duration_s,p236,004,0.0
lambda025_minus_lambda100_within_content_only,duration_s,p236,005,0.0
lambda025_minus_lambda100_within_content_only,duration_s,p236,006,0.0
lambda025_minus_lambda100_within_content_only,duration_s,p236,007,0.0
lambda025_minus_lambda100_within_content_only,duration_s,p239,002,0.0
lambda025_minus_lambda100_within_content_only,duration_s,p239,004,0.0
lambda025_minus_lambda100_within_content_only,duration_s,p239,005,0.0
lambda025_minus_lambda100_within_content_only,duration_s,p239,006,0.0
lambda025_minus_lambda100_within_content_only,duration_s,p239,007,0.0
lambda025_minus_lambda100_within_content_only,duration_s,p259,002,0.0
lambda025_minus_lambda100_within_content_only,duration_s,p259,004,0.0
lambda025_minus_lambda100_within_content_only,duration_s,p259,005,0.0
lambda025_minus_lambda100_within_content_only,duration_s,p259,006,0.0
lambda025_minus_lambda100_within_content_only,duration_s,p259,007,0.0
lambda025_minus_lambda100_within_content_only,duration_s,p263,002,0.0
lambda025_minus_lambda100_within_content_only,duration_s,p263,004,0.0
lambda025_minus_lambda100_within_content_only,duration_s,p263,005,0.0
lambda025_minus_lambda100_within_content_only,duration_s,p263,006,0.0
lambda025_minus_lambda100_within_content_only,duration_s,p263,007,0.0
interaction_difference_in_differences,identity_delta,p236,002,0.020814720127317644
interaction_difference_in_differences,identity_delta,p236,004,0.015338791741265219
interaction_difference_in_differences,identity_delta,p236,005,-0.014529241455925842
interaction_difference_in_differences,identity_delta,p236,006,-0.006210658285352919
interaction_difference_in_differences,identity_delta,p236,007,0.011856612231996327
interaction_difference_in_differences,identity_delta,p239,002,-0.02225077152252194
interaction_difference_in_differences,identity_delta,p239,004,-0.05597308940357634
interaction_difference_in_differences,identity_delta,p239,005,-0.013263354698816955
interaction_difference_in_differences,identity_delta,p239,006,-0.01348870992660522
interaction_difference_in_differences,identity_delta,p239,007,0.007599671681722036
interaction_difference_in_differences,identity_delta,p259,002,-0.005956716007656507
interaction_difference_in_differences,identity_delta,p259,004,-0.011384732193417048
interaction_difference_in_differences,identity_delta,p259,005,-0.049678372012244315
interaction_difference_in_differences,identity_delta,p259,006,-0.011322869194878429
interaction_difference_in_differences,identity_delta,p259,007,-0.01524115933312311
interaction_difference_in_differences,identity_delta,p263,002,-0.08735304408603245
interaction_difference_in_differences,identity_delta,p263,004,-0.06593617134624058
interaction_difference_in_differences,identity_delta,p263,005,-0.07182894812689887
interaction_difference_in_differences,identity_delta,p263,006,-0.03562533855438231
interaction_difference_in_differences,identity_delta,p263,007,-0.04944879478878445
interaction_difference_in_differences,robust_content_error,p236,002,-0.0606060606060606
interaction_difference_in_differences,robust_content_error,p236,004,0.007549857549857569
interaction_difference_in_differences,robust_content_error,p236,005,-0.08333333333333334
interaction_difference_in_differences,robust_content_error,p236,006,-0.08496732026143788
interaction_difference_in_differences,robust_content_error,p236,007,0.14814814814814817
interaction_difference_in_differences,robust_content_error,p239,002,-0.07446558609349306
interaction_difference_in_differences,robust_content_error,p239,004,0.030199430199430166
interaction_difference_in_differences,robust_content_error,p239,005,1.850371707708594e-17
interaction_difference_in_differences,robust_content_error,p239,006,-0.03267973856209147
interaction_difference_in_differences,robust_content_error,p239,007,0.004629629629629632
interaction_difference_in_differences,robust_content_error,p259,002,-0.030303030303030307
interaction_difference_in_differences,robust_content_error,p259,004,0.07521367521367522
interaction_difference_in_differences,robust_content_error,p259,005,0.03888888888888889
interaction_difference_in_differences,robust_content_error,p259,006,0.09150326797385618
interaction_difference_in_differences,robust_content_error,p259,007,0.07539682539682542
interaction_difference_in_differences,robust_content_error,p263,002,-0.06060606060606063
interaction_difference_in_differences,robust_content_error,p263,004,-0.12350427350427348
interaction_difference_in_differences,robust_content_error,p263,005,-0.06666666666666668
interaction_difference_in_differences,robust_content_error,p263,006,-0.05882352941176472
interaction_difference_in_differences,robust_content_error,p263,007,-0.009259259259259252
interaction_difference_in_differences,wer,p236,002,-0.0606060606060606
interaction_difference_in_differences,wer,p236,004,0.007407407407407436
interaction_difference_in_differences,wer,p236,005,-0.08333333333333334
interaction_difference_in_differences,wer,p236,006,-0.08496732026143788
interaction_difference_in_differences,wer,p236,007,0.14814814814814817
interaction_difference_in_differences,wer,p239,002,-0.0808080808080808
interaction_difference_in_differences,wer,p239,004,0.0296296296296296
interaction_difference_in_differences,wer,p239,005,1.850371707708594e-17
interaction_difference_in_differences,wer,p239,006,-0.03267973856209147
interaction_difference_in_differences,wer,p239,007,0.0
interaction_difference_in_differences,wer,p259,002,-0.030303030303030307
interaction_difference_in_differences,wer,p259,004,0.07407407407407406
interaction_difference_in_differences,wer,p259,005,0.03888888888888889
interaction_difference_in_differences,wer,p259,006,0.09150326797385618
interaction_difference_in_differences,wer,p259,007,0.0740740740740741
interaction_difference_in_differences,wer,p263,002,2.0808080808080813
interaction_difference_in_differences,wer,p263,004,-0.12592592592592589
interaction_difference_in_differences,wer,p263,005,-0.06666666666666668
interaction_difference_in_differences,wer,p263,006,-0.05882352941176472
interaction_difference_in_differences,wer,p263,007,-0.009259259259259252
interaction_difference_in_differences,cer,p236,002,-0.01808785529715761
interaction_difference_in_differences,cer,p236,004,0.0064102564102563875
interaction_difference_in_differences,cer,p236,005,-0.06775067750677505
interaction_difference_in_differences,cer,p236,006,-0.020933977455716585
interaction_difference_in_differences,cer,p236,007,0.08531746031746033
interaction_difference_in_differences,cer,p239,002,-0.020671834625322988
interaction_difference_in_differences,cer,p239,004,0.019230769230769235
interaction_difference_in_differences,cer,p239,005,-0.0027100271002710266
interaction_difference_in_differences,cer,p239,006,-0.02093397745571656
interaction_difference_in_differences,cer,p239,007,0.05555555555555558
interaction_difference_in_differences,cer,p259,002,-0.005167958656330736
interaction_difference_in_differences,cer,p259,004,0.03205128205128206
interaction_difference_in_differences,cer,p259,005,0.005420054200542019
interaction_difference_in_differences,cer,p259,006,0.09822866344605471
interaction_difference_in_differences,cer,p259,007,0.02182539682539686
interaction_difference_in_differences,cer,p263,002,1.5865633074935404
interaction_difference_in_differences,cer,p263,004,-0.036324786324786314
interaction_difference_in_differences,cer,p263,005,0.028455284552845517
interaction_difference_in_differences,cer,p263,006,0.011272141706924347
interaction_difference_in_differences,cer,p263,007,-0.0059523809523809555
interaction_difference_in_differences,clip_fraction,p236,002,0.0
interaction_difference_in_differences,clip_fraction,p236,004,0.0
interaction_difference_in_differences,clip_fraction,p236,005,0.0
interaction_difference_in_differences,clip_fraction,p236,006,0.0
interaction_difference_in_differences,clip_fraction,p236,007,0.0
interaction_difference_in_differences,clip_fraction,p239,002,0.0
interaction_difference_in_differences,clip_fraction,p239,004,0.0
interaction_difference_in_differences,clip_fraction,p239,005,0.0
interaction_difference_in_differences,clip_fraction,p239,006,0.0
interaction_difference_in_differences,clip_fraction,p239,007,0.0
interaction_difference_in_differences,clip_fraction,p259,002,0.0
interaction_difference_in_differences,clip_fraction,p259,004,0.0
interaction_difference_in_differences,clip_fraction,p259,005,0.0
interaction_difference_in_differences,clip_fraction,p259,006,0.0
interaction_difference_in_differences,clip_fraction,p259,007,0.0
interaction_difference_in_differences,clip_fraction,p263,002,0.0
interaction_difference_in_differences,clip_fraction,p263,004,0.0
interaction_difference_in_differences,clip_fraction,p263,005,0.0
interaction_difference_in_differences,clip_fraction,p263,006,0.0
interaction_difference_in_differences,clip_fraction,p263,007,0.0
interaction_difference_in_differences,silence_fraction,p236,002,0.06621773288439954
interaction_difference_in_differences,silence_fraction,p236,004,0.08643678732431717
interaction_difference_in_differences,silence_fraction,p236,005,0.08135330000894611
interaction_difference_in_differences,silence_fraction,p236,006,0.08915942399454674
interaction_difference_in_differences,silence_fraction,p236,007,0.08623699086552859
interaction_difference_in_differences,silence_fraction,p239,002,0.1175757629440665
interaction_difference_in_differences,silence_fraction,p239,004,0.12833393895348844
interaction_difference_in_differences,silence_fraction,p239,005,0.09709574452597251
interaction_difference_in_differences,silence_fraction,p239,006,0.09747831918114798
interaction_difference_in_differences,silence_fraction,p239,007,0.11897093270868825
interaction_difference_in_differences,silence_fraction,p259,002,0.09100249699931412
interaction_difference_in_differences,silence_fraction,p259,004,0.11762257111378203
interaction_difference_in_differences,silence_fraction,p259,005,0.11675417226702509
interaction_difference_in_differences,silence_fraction,p259,006,0.11349913194444444
interaction_difference_in_differences,silence_fraction,p259,007,0.09773922589869281
interaction_difference_in_differences,silence_fraction,p263,002,0.08123097055388723
interaction_difference_in_differences,silence_fraction,p263,004,0.09892017704517704
interaction_difference_in_differences,silence_fraction,p263,005,0.07585739230113032
interaction_difference_in_differences,silence_fraction,p263,006,0.07366098212143028
interaction_difference_in_differences,silence_fraction,p263,007,0.085773887434555
interaction_difference_in_differences,rms_dbfs,p236,002,-4.347794781357085
interaction_difference_in_differences,rms_dbfs,p236,004,-4.39640964368785
interaction_difference_in_differences,rms_dbfs,p236,005,-4.586238251368333
interaction_difference_in_differences,rms_dbfs,p236,006,-4.593519746391184
interaction_difference_in_differences,rms_dbfs,p236,007,-4.617144315910587
interaction_difference_in_differences,rms_dbfs,p239,002,-4.871083154483405
interaction_difference_in_differences,rms_dbfs,p239,004,-5.276192050239055
interaction_difference_in_differences,rms_dbfs,p239,005,-5.4004269823442606
interaction_difference_in_differences,rms_dbfs,p239,006,-5.809537864388321
interaction_difference_in_differences,rms_dbfs,p239,007,-2.892608479153029
interaction_difference_in_differences,rms_dbfs,p259,002,-4.629369296227586
interaction_difference_in_differences,rms_dbfs,p259,004,-5.330210157964014
interaction_difference_in_differences,rms_dbfs,p259,005,-5.8848959275918595
interaction_difference_in_differences,rms_dbfs,p259,006,-5.193366161404971
interaction_difference_in_differences,rms_dbfs,p259,007,-4.722370831173269
interaction_difference_in_differences,rms_dbfs,p263,002,-2.7303019289409654
interaction_difference_in_differences,rms_dbfs,p263,004,-3.657760582286438
interaction_difference_in_differences,rms_dbfs,p263,005,-4.162479810209998
interaction_difference_in_differences,rms_dbfs,p263,006,-3.447689474198542
interaction_difference_in_differences,rms_dbfs,p263,007,-3.573190542689602
interaction_difference_in_differences,duration_s,p236,002,0.0
interaction_difference_in_differences,duration_s,p236,004,0.0
interaction_difference_in_differences,duration_s,p236,005,0.0
interaction_difference_in_differences,duration_s,p236,006,0.0
interaction_difference_in_differences,duration_s,p236,007,0.0
interaction_difference_in_differences,duration_s,p239,002,0.0
interaction_difference_in_differences,duration_s,p239,004,0.0
interaction_difference_in_differences,duration_s,p239,005,0.0
interaction_difference_in_differences,duration_s,p239,006,0.0
interaction_difference_in_differences,duration_s,p239,007,0.0
interaction_difference_in_differences,duration_s,p259,002,0.0
interaction_difference_in_differences,duration_s,p259,004,0.0
interaction_difference_in_differences,duration_s,p259,005,0.0
interaction_difference_in_differences,duration_s,p259,006,0.0
interaction_difference_in_differences,duration_s,p259,007,0.0
interaction_difference_in_differences,duration_s,p263,002,0.0
interaction_difference_in_differences,duration_s,p263,004,0.0
interaction_difference_in_differences,duration_s,p263,005,0.0
interaction_difference_in_differences,duration_s,p263,006,0.0
interaction_difference_in_differences,duration_s,p263,007,0.0
