comparison,metric,raw_paired_units,source_clusters,mean_difference,ci_low,ci_high,p_sign_flip_mc,positive_clusters
lambda100_minus_lambda000,identity_delta,180,20,0.01379326846864488,-0.002913320772349836,0.03019988520277871,0.124457510849783,14
lambda100_minus_lambda000,robust_content_error,180,20,-0.14914449650769762,-0.21731573063374535,-0.08186945957978788,0.00045999080018399634,3
lambda100_minus_lambda000,wer,180,20,-0.21765943751237868,-0.3699138567042978,-0.10468748762131114,0.0001999960000799984,3
lambda100_minus_lambda000,cer,180,20,-0.1726249520934655,-0.28651204639281946,-0.09339062081713333,5.999880002399952e-05,2
lambda100_minus_lambda000,clip_fraction,180,20,0.0,0.0,0.0,1.0,0
lambda100_minus_lambda000,silence_fraction,180,20,-0.12749161837268916,-0.15829277842462752,-0.09078356169404343,1.999960000799984e-05,1
lambda100_minus_lambda000,rms_dbfs,180,20,2.9780308456488833,1.5140693961052425,4.323822009585687,0.0013399732005359892,15
lambda100_minus_lambda000,duration_s,180,20,0.0,0.0,0.0,1.0,0
lambda050_minus_lambda000,identity_delta,180,20,0.01855275101131863,0.002629849161538813,0.0337420851778653,0.035399292014159714,14
lambda050_minus_lambda000,robust_content_error,180,20,-0.13693362832384723,-0.2060371153220418,-0.06909523184262405,0.0010199796004079918,4
lambda050_minus_lambda000,wer,180,20,-0.20587096454743517,-0.3584269285997227,-0.09414892800554561,0.00045999080018399634,4
lambda050_minus_lambda000,cer,180,20,-0.16715877980798197,-0.27868183267942664,-0.08904166353222204,3.999920001599968e-05,2
lambda050_minus_lambda000,clip_fraction,180,20,0.0,0.0,0.0,1.0,0
lambda050_minus_lambda000,silence_fraction,180,20,-0.1533023970583165,-0.18354066621892176,-0.1191150311442535,1.999960000799984e-05,1
lambda050_minus_lambda000,rms_dbfs,180,20,2.9300808347607763,1.4813606832117991,4.266330262767354,0.0017199656006879863,15
lambda050_minus_lambda000,duration_s,180,20,0.0,0.0,0.0,1.0,0
lambda025_minus_lambda000,identity_delta,180,20,0.030697423550817705,0.014061549496319565,0.04681164970828428,0.002639947201055979,16
lambda025_minus_lambda000,robust_content_error,180,20,-0.14614489262574076,-0.21507579695631163,-0.07681600596545876,0.0010199796004079918,4
lambda025_minus_lambda000,wer,180,20,-0.07609774212715385,-0.20921732026143788,0.12324822984749458,0.505109897802044,4
lambda025_minus_lambda000,cer,180,20,-0.05718101782230983,-0.16454856938752196,0.11637833011234255,0.6411871762564749,2
lambda025_minus_lambda000,clip_fraction,180,20,0.0,0.0,0.0,1.0,0
lambda025_minus_lambda000,silence_fraction,180,20,-0.17211225235224908,-0.2028365671689229,-0.13734522435878133,1.999960000799984e-05,1
lambda025_minus_lambda000,rms_dbfs,180,20,4.4062599394106154,2.9832677770700395,5.735210263338222,0.0001399972000559989,19
lambda025_minus_lambda000,duration_s,180,20,0.0,0.0,0.0,1.0,0
lambda050_minus_lambda100,identity_delta,180,20,0.004759482542673746,-0.005686540785762997,0.015147171649667952,0.3925121497570049,10
lambda050_minus_lambda100,robust_content_error,180,20,0.012210868183850403,-0.021740655135448223,0.04266717994727572,0.48237035259294814,12
lambda050_minus_lambda100,wer,180,20,0.011788472964943557,-0.021925344127550005,0.042269261239849476,0.49093018139637207,12
lambda050_minus_lambda100,cer,180,20,0.005466172285483491,-0.017421925519512695,0.025936154048830998,0.6452470950580989,13
lambda050_minus_lambda100,clip_fraction,180,20,0.0,0.0,0.0,1.0,0
lambda050_minus_lambda100,silence_fraction,180,20,-0.02581077868562735,-0.031013463641942157,-0.021455447251869136,1.999960000799984e-05,0
lambda050_minus_lambda100,rms_dbfs,180,20,-0.04795001088810663,-0.2031543136222133,0.11005416103764036,0.5599288014239715,11
lambda050_minus_lambda100,duration_s,180,20,0.0,0.0,0.0,1.0,0
lambda025_minus_lambda100,identity_delta,180,20,0.016904155082172818,0.00903698736180862,0.02553456012159587,0.00033999320013599726,16
lambda025_minus_lambda100,robust_content_error,180,20,0.0029996038819568227,-0.022503122014151427,0.030500663076030724,0.8329433411331774,8
lambda025_minus_lambda100,wer,180,20,0.14156169538522478,-0.021291592394533574,0.4458711626064567,0.6684866302673946,8
lambda025_minus_lambda100,cer,180,20,0.11544393427115565,-0.020950450816072507,0.37128256137504206,0.8245635087298254,6
lambda025_minus_lambda100,clip_fraction,180,20,0.0,0.0,0.0,1.0,0
lambda025_minus_lambda100,silence_fraction,180,20,-0.04462063397955994,-0.0490924476944965,-0.04085003653518441,1.999960000799984e-05,0
lambda025_minus_lambda100,rms_dbfs,180,20,1.428229093761731,1.3190646803804196,1.5435751614299444,1.999960000799984e-05,20
lambda025_minus_lambda100,duration_s,180,20,0.0,0.0,0.0,1.0,0
