seed,variant,source_speaker,target_speaker,source_sentence,reference_sentence,centroid_sentences,generation_seed
17,uniform_lambda100,p225,p226,002,003,011;012,1416517186
17,uniform_lambda100,p225,p226,002,009,011;012,1611196974
17,uniform_lambda100,p225,p226,002,010,011;012,1550171868
17,uniform_lambda100,p225,p226,004,003,011;012,495972357
17,uniform_lambda100,p225,p226,004,009,011;012,1433533254
17,uniform_lambda100,p225,p226,004,010,011;012,580750281
17,uniform_lambda100,p225,p226,005,003,011;012,2041839411
17,uniform_lambda100,p225,p226,005,009,011;012,5672929
17,uniform_lambda100,p225,p226,005,010,011;012,207027075
17,uniform_lambda100,p225,p226,006,003,011;012,1473953803
17,uniform_lambda100,p225,p226,006,009,011;012,1447227896
17,uniform_lambda100,p225,p226,006,010,011;012,1196241242
17,uniform_lambda100,p225,p226,007,003,011;012,1385336602
17,uniform_lambda100,p225,p226,007,009,011;012,451588781
17,uniform_lambda100,p225,p226,007,010,011;012,2032102683
17,uniform_lambda100,p225,p228,002,003,011;012,2089469059
17,uniform_lambda100,p225,p228,002,009,011;012,1525524116
17,uniform_lambda100,p225,p228,002,010,011;012,1358274278
17,uniform_lambda100,p225,p228,004,003,011;012,1833381102
17,uniform_lambda100,p225,p228,004,009,011;012,218142238
17,uniform_lambda100,p225,p228,004,010,011;012,1603222975
17,uniform_lambda100,p225,p228,005,003,011;012,1484388883
17,uniform_lambda100,p225,p228,005,009,011;012,900075000
17,uniform_lambda100,p225,p228,005,010,011;012,90798935
17,uniform_lambda100,p225,p228,006,003,011;012,181126279
17,uniform_lambda100,p225,p228,006,009,011;012,1355553039
17,uniform_lambda100,p225,p228,006,010,011;012,704713666
17,uniform_lambda100,p225,p228,007,003,011;012,362803589
17,uniform_lambda100,p225,p228,007,009,011;012,113896070
17,uniform_lambda100,p225,p228,007,010,011;012,1137300028
17,uniform_lambda100,p225,p232,002,003,011;012,897960478
17,uniform_lambda100,p225,p232,002,009,011;012,251226377
17,uniform_lambda100,p225,p232,002,010,011;012,81847895
17,uniform_lambda100,p225,p232,004,003,011;012,750158594
17,uniform_lambda100,p225,p232,004,009,011;012,2077586876
17,uniform_lambda100,p225,p232,004,010,011;012,1459610292
17,uniform_lambda100,p225,p232,005,003,011;012,629745744
17,uniform_lambda100,p225,p232,005,009,011;012,186565869
17,uniform_lambda100,p225,p232,005,010,011;012,567053064
17,uniform_lambda100,p225,p232,006,003,011;012,1827053335
17,uniform_lambda100,p225,p232,006,009,011;012,260038007
17,uniform_lambda100,p225,p232,006,010,011;012,2116989607
17,uniform_lambda100,p225,p232,007,003,011;012,1390650786
17,uniform_lambda100,p225,p232,007,009,011;012,27854055
17,uniform_lambda100,p225,p232,007,010,011;012,585319874
17,uniform_lambda100,p226,p225,002,003,011;012,349915604
17,uniform_lambda100,p226,p225,002,009,011;012,1366800996
17,uniform_lambda100,p226,p225,002,010,011;012,489067422
17,uniform_lambda100,p226,p225,004,003,011;012,1209558454
17,uniform_lambda100,p226,p225,004,009,011;012,790826680
17,uniform_lambda100,p226,p225,004,010,011;012,468818102
17,uniform_lambda100,p226,p225,005,003,011;012,1303711203
17,uniform_lambda100,p226,p225,005,009,011;012,389015445
17,uniform_lambda100,p226,p225,005,010,011;012,1785351480
17,uniform_lambda100,p226,p225,006,003,011;012,901579510
17,uniform_lambda100,p226,p225,006,009,011;012,965811466
17,uniform_lambda100,p226,p225,006,010,011;012,1759828277
17,uniform_lambda100,p226,p225,007,003,011;012,571595046
17,uniform_lambda100,p226,p225,007,009,011;012,1029633057
17,uniform_lambda100,p226,p225,007,010,011;012,1044461068
17,uniform_lambda100,p226,p228,002,003,011;012,520544351
17,uniform_lambda100,p226,p228,002,009,011;012,814523885
17,uniform_lambda100,p226,p228,002,010,011;012,3374686
17,uniform_lambda100,p226,p228,004,003,011;012,1080698512
17,uniform_lambda100,p226,p228,004,009,011;012,1712268370
17,uniform_lambda100,p226,p228,004,010,011;012,360002094
17,uniform_lambda100,p226,p228,005,003,011;012,998160540
17,uniform_lambda100,p226,p228,005,009,011;012,816668816
17,uniform_lambda100,p226,p228,005,010,011;012,208291180
17,uniform_lambda100,p226,p228,006,003,011;012,1126678664
17,uniform_lambda100,p226,p228,006,009,011;012,922182022
17,uniform_lambda100,p226,p228,006,010,011;012,1117228411
17,uniform_lambda100,p226,p228,007,003,011;012,1513778660
17,uniform_lambda100,p226,p228,007,009,011;012,1803291469
17,uniform_lambda100,p226,p228,007,010,011;012,1130556913
17,uniform_lambda100,p226,p232,002,003,011;012,2048120514
17,uniform_lambda100,p226,p232,002,009,011;012,1084178149
17,uniform_lambda100,p226,p232,002,010,011;012,1901047979
17,uniform_lambda100,p226,p232,004,003,011;012,514870948
17,uniform_lambda100,p226,p232,004,009,011;012,1137889584
17,uniform_lambda100,p226,p232,004,010,011;012,1365113382
17,uniform_lambda100,p226,p232,005,003,011;012,1984828308
17,uniform_lambda100,p226,p232,005,009,011;012,1363104135
17,uniform_lambda100,p226,p232,005,010,011;012,940351082
17,uniform_lambda100,p226,p232,006,003,011;012,993224316
17,uniform_lambda100,p226,p232,006,009,011;012,178305423
17,uniform_lambda100,p226,p232,006,010,011;012,828438043
17,uniform_lambda100,p226,p232,007,003,011;012,519590629
17,uniform_lambda100,p226,p232,007,009,011;012,2053344074
17,uniform_lambda100,p226,p232,007,010,011;012,116661901
17,uniform_lambda100,p228,p225,002,003,011;012,597158911
17,uniform_lambda100,p228,p225,002,009,011;012,1210538052
17,uniform_lambda100,p228,p225,002,010,011;012,1328074171
17,uniform_lambda100,p228,p225,004,003,011;012,176651200
17,uniform_lambda100,p228,p225,004,009,011;012,542505644
17,uniform_lambda100,p228,p225,004,010,011;012,107973430
17,uniform_lambda100,p228,p225,005,003,011;012,1099087206
17,uniform_lambda100,p228,p225,005,009,011;012,1788572670
17,uniform_lambda100,p228,p225,005,010,011;012,378947875
17,uniform_lambda100,p228,p225,006,003,011;012,532390414
17,uniform_lambda100,p228,p225,006,009,011;012,1713879272
17,uniform_lambda100,p228,p225,006,010,011;012,838929653
17,uniform_lambda100,p228,p225,007,003,011;012,1183800462
17,uniform_lambda100,p228,p225,007,009,011;012,229149410
17,uniform_lambda100,p228,p225,007,010,011;012,1148324609
17,uniform_lambda100,p228,p226,002,003,011;012,75453451
17,uniform_lambda100,p228,p226,002,009,011;012,426628402
17,uniform_lambda100,p228,p226,002,010,011;012,893880482
17,uniform_lambda100,p228,p226,004,003,011;012,1313015754
17,uniform_lambda100,p228,p226,004,009,011;012,1709760451
17,uniform_lambda100,p228,p226,004,010,011;012,1295720806
17,uniform_lambda100,p228,p226,005,003,011;012,415808786
17,uniform_lambda100,p228,p226,005,009,011;012,1001801638
17,uniform_lambda100,p228,p226,005,010,011;012,589148804
17,uniform_lambda100,p228,p226,006,003,011;012,1991796234
17,uniform_lambda100,p228,p226,006,009,011;012,1671701914
17,uniform_lambda100,p228,p226,006,010,011;012,1894773761
17,uniform_lambda100,p228,p226,007,003,011;012,1203347950
17,uniform_lambda100,p228,p226,007,009,011;012,929866497
17,uniform_lambda100,p228,p226,007,010,011;012,128397957
17,uniform_lambda100,p228,p232,002,003,011;012,1455715102
17,uniform_lambda100,p228,p232,002,009,011;012,551389551
17,uniform_lambda100,p228,p232,002,010,011;012,1672900787
17,uniform_lambda100,p228,p232,004,003,011;012,1502649226
17,uniform_lambda100,p228,p232,004,009,011;012,409959052
17,uniform_lambda100,p228,p232,004,010,011;012,139548712
17,uniform_lambda100,p228,p232,005,003,011;012,1413155447
17,uniform_lambda100,p228,p232,005,009,011;012,270929850
17,uniform_lambda100,p228,p232,005,010,011;012,101325192
17,uniform_lambda100,p228,p232,006,003,011;012,1268642312
17,uniform_lambda100,p228,p232,006,009,011;012,1011714227
17,uniform_lambda100,p228,p232,006,010,011;012,209665612
17,uniform_lambda100,p228,p232,007,003,011;012,1083210973
17,uniform_lambda100,p228,p232,007,009,011;012,2013915407
17,uniform_lambda100,p228,p232,007,010,011;012,652926024
17,uniform_lambda100,p232,p225,002,003,011;012,188502985
17,uniform_lambda100,p232,p225,002,009,011;012,640291781
17,uniform_lambda100,p232,p225,002,010,011;012,1640659922
17,uniform_lambda100,p232,p225,004,003,011;012,1703509952
17,uniform_lambda100,p232,p225,004,009,011;012,13479215
17,uniform_lambda100,p232,p225,004,010,011;012,1338836225
17,uniform_lambda100,p232,p225,005,003,011;012,1673392571
17,uniform_lambda100,p232,p225,005,009,011;012,50581793
17,uniform_lambda100,p232,p225,005,010,011;012,19192759
17,uniform_lambda100,p232,p225,006,003,011;012,1144426872
17,uniform_lambda100,p232,p225,006,009,011;012,1371328137
17,uniform_lambda100,p232,p225,006,010,011;012,1730629655
17,uniform_lambda100,p232,p225,007,003,011;012,667423488
17,uniform_lambda100,p232,p225,007,009,011;012,1123129074
17,uniform_lambda100,p232,p225,007,010,011;012,175798658
17,uniform_lambda100,p232,p226,002,003,011;012,1210857664
17,uniform_lambda100,p232,p226,002,009,011;012,332518382
17,uniform_lambda100,p232,p226,002,010,011;012,1074355282
17,uniform_lambda100,p232,p226,004,003,011;012,1917513586
17,uniform_lambda100,p232,p226,004,009,011;012,1487947001
17,uniform_lambda100,p232,p226,004,010,011;012,1795057648
17,uniform_lambda100,p232,p226,005,003,011;012,1186605641
17,uniform_lambda100,p232,p226,005,009,011;012,1137299715
17,uniform_lambda100,p232,p226,005,010,011;012,75814249
17,uniform_lambda100,p232,p226,006,003,011;012,145811180
17,uniform_lambda100,p232,p226,006,009,011;012,658836257
17,uniform_lambda100,p232,p226,006,010,011;012,834443
17,uniform_lambda100,p232,p226,007,003,011;012,803266502
17,uniform_lambda100,p232,p226,007,009,011;012,213692568
17,uniform_lambda100,p232,p226,007,010,011;012,1463117228
17,uniform_lambda100,p232,p228,002,003,011;012,808797021
17,uniform_lambda100,p232,p228,002,009,011;012,1450162594
17,uniform_lambda100,p232,p228,002,010,011;012,623775123
17,uniform_lambda100,p232,p228,004,003,011;012,1523981281
17,uniform_lambda100,p232,p228,004,009,011;012,1109075314
17,uniform_lambda100,p232,p228,004,010,011;012,368003904
17,uniform_lambda100,p232,p228,005,003,011;012,1324682445
17,uniform_lambda100,p232,p228,005,009,011;012,676126952
17,uniform_lambda100,p232,p228,005,010,011;012,184686877
17,uniform_lambda100,p232,p228,006,003,011;012,254195917
17,uniform_lambda100,p232,p228,006,009,011;012,408113856
17,uniform_lambda100,p232,p228,006,010,011;012,1201558640
17,uniform_lambda100,p232,p228,007,003,011;012,1008725325
17,uniform_lambda100,p232,p228,007,009,011;012,885132499
17,uniform_lambda100,p232,p228,007,010,011;012,827157073
17,content_only_lambda100,p225,p226,002,003,011;012,1416517186
17,content_only_lambda100,p225,p226,002,009,011;012,1611196974
17,content_only_lambda100,p225,p226,002,010,011;012,1550171868
17,content_only_lambda100,p225,p226,004,003,011;012,495972357
17,content_only_lambda100,p225,p226,004,009,011;012,1433533254
17,content_only_lambda100,p225,p226,004,010,011;012,580750281
17,content_only_lambda100,p225,p226,005,003,011;012,2041839411
17,content_only_lambda100,p225,p226,005,009,011;012,5672929
17,content_only_lambda100,p225,p226,005,010,011;012,207027075
17,content_only_lambda100,p225,p226,006,003,011;012,1473953803
17,content_only_lambda100,p225,p226,006,009,011;012,1447227896
17,content_only_lambda100,p225,p226,006,010,011;012,1196241242
17,content_only_lambda100,p225,p226,007,003,011;012,1385336602
17,content_only_lambda100,p225,p226,007,009,011;012,451588781
17,content_only_lambda100,p225,p226,007,010,011;012,2032102683
17,content_only_lambda100,p225,p228,002,003,011;012,2089469059
17,content_only_lambda100,p225,p228,002,009,011;012,1525524116
17,content_only_lambda100,p225,p228,002,010,011;012,1358274278
17,content_only_lambda100,p225,p228,004,003,011;012,1833381102
17,content_only_lambda100,p225,p228,004,009,011;012,218142238
17,content_only_lambda100,p225,p228,004,010,011;012,1603222975
17,content_only_lambda100,p225,p228,005,003,011;012,1484388883
17,content_only_lambda100,p225,p228,005,009,011;012,900075000
17,content_only_lambda100,p225,p228,005,010,011;012,90798935
17,content_only_lambda100,p225,p228,006,003,011;012,181126279
17,content_only_lambda100,p225,p228,006,009,011;012,1355553039
17,content_only_lambda100,p225,p228,006,010,011;012,704713666
17,content_only_lambda100,p225,p228,007,003,011;012,362803589
17,content_only_lambda100,p225,p228,007,009,011;012,113896070
17,content_only_lambda100,p225,p228,007,010,011;012,1137300028
17,content_only_lambda100,p225,p232,002,003,011;012,897960478
17,content_only_lambda100,p225,p232,002,009,011;012,251226377
17,content_only_lambda100,p225,p232,002,010,011;012,81847895
17,content_only_lambda100,p225,p232,004,003,011;012,750158594
17,content_only_lambda100,p225,p232,004,009,011;012,2077586876
17,content_only_lambda100,p225,p232,004,010,011;012,1459610292
17,content_only_lambda100,p225,p232,005,003,011;012,629745744
17,content_only_lambda100,p225,p232,005,009,011;012,186565869
17,content_only_lambda100,p225,p232,005,010,011;012,567053064
17,content_only_lambda100,p225,p232,006,003,011;012,1827053335
17,content_only_lambda100,p225,p232,006,009,011;012,260038007
17,content_only_lambda100,p225,p232,006,010,011;012,2116989607
17,content_only_lambda100,p225,p232,007,003,011;012,1390650786
17,content_only_lambda100,p225,p232,007,009,011;012,27854055
17,content_only_lambda100,p225,p232,007,010,011;012,585319874
17,content_only_lambda100,p226,p225,002,003,011;012,349915604
17,content_only_lambda100,p226,p225,002,009,011;012,1366800996
17,content_only_lambda100,p226,p225,002,010,011;012,489067422
17,content_only_lambda100,p226,p225,004,003,011;012,1209558454
17,content_only_lambda100,p226,p225,004,009,011;012,790826680
17,content_only_lambda100,p226,p225,004,010,011;012,468818102
17,content_only_lambda100,p226,p225,005,003,011;012,1303711203
17,content_only_lambda100,p226,p225,005,009,011;012,389015445
17,content_only_lambda100,p226,p225,005,010,011;012,1785351480
17,content_only_lambda100,p226,p225,006,003,011;012,901579510
17,content_only_lambda100,p226,p225,006,009,011;012,965811466
17,content_only_lambda100,p226,p225,006,010,011;012,1759828277
17,content_only_lambda100,p226,p225,007,003,011;012,571595046
17,content_only_lambda100,p226,p225,007,009,011;012,1029633057
17,content_only_lambda100,p226,p225,007,010,011;012,1044461068
17,content_only_lambda100,p226,p228,002,003,011;012,520544351
17,content_only_lambda100,p226,p228,002,009,011;012,814523885
17,content_only_lambda100,p226,p228,002,010,011;012,3374686
17,content_only_lambda100,p226,p228,004,003,011;012,1080698512
17,content_only_lambda100,p226,p228,004,009,011;012,1712268370
17,content_only_lambda100,p226,p228,004,010,011;012,360002094
17,content_only_lambda100,p226,p228,005,003,011;012,998160540
17,content_only_lambda100,p226,p228,005,009,011;012,816668816
17,content_only_lambda100,p226,p228,005,010,011;012,208291180
17,content_only_lambda100,p226,p228,006,003,011;012,1126678664
17,content_only_lambda100,p226,p228,006,009,011;012,922182022
17,content_only_lambda100,p226,p228,006,010,011;012,1117228411
17,content_only_lambda100,p226,p228,007,003,011;012,1513778660
17,content_only_lambda100,p226,p228,007,009,011;012,1803291469
17,content_only_lambda100,p226,p228,007,010,011;012,1130556913
17,content_only_lambda100,p226,p232,002,003,011;012,2048120514
17,content_only_lambda100,p226,p232,002,009,011;012,1084178149
17,content_only_lambda100,p226,p232,002,010,011;012,1901047979
17,content_only_lambda100,p226,p232,004,003,011;012,514870948
17,content_only_lambda100,p226,p232,004,009,011;012,1137889584
17,content_only_lambda100,p226,p232,004,010,011;012,1365113382
17,content_only_lambda100,p226,p232,005,003,011;012,1984828308
17,content_only_lambda100,p226,p232,005,009,011;012,1363104135
17,content_only_lambda100,p226,p232,005,010,011;012,940351082
17,content_only_lambda100,p226,p232,006,003,011;012,993224316
17,content_only_lambda100,p226,p232,006,009,011;012,178305423
17,content_only_lambda100,p226,p232,006,010,011;012,828438043
17,content_only_lambda100,p226,p232,007,003,011;012,519590629
17,content_only_lambda100,p226,p232,007,009,011;012,2053344074
17,content_only_lambda100,p226,p232,007,010,011;012,116661901
17,content_only_lambda100,p228,p225,002,003,011;012,597158911
17,content_only_lambda100,p228,p225,002,009,011;012,1210538052
17,content_only_lambda100,p228,p225,002,010,011;012,1328074171
17,content_only_lambda100,p228,p225,004,003,011;012,176651200
17,content_only_lambda100,p228,p225,004,009,011;012,542505644
17,content_only_lambda100,p228,p225,004,010,011;012,107973430
17,content_only_lambda100,p228,p225,005,003,011;012,1099087206
17,content_only_lambda100,p228,p225,005,009,011;012,1788572670
17,content_only_lambda100,p228,p225,005,010,011;012,378947875
17,content_only_lambda100,p228,p225,006,003,011;012,532390414
17,content_only_lambda100,p228,p225,006,009,011;012,1713879272
17,content_only_lambda100,p228,p225,006,010,011;012,838929653
17,content_only_lambda100,p228,p225,007,003,011;012,1183800462
17,content_only_lambda100,p228,p225,007,009,011;012,229149410
17,content_only_lambda100,p228,p225,007,010,011;012,1148324609
17,content_only_lambda100,p228,p226,002,003,011;012,75453451
17,content_only_lambda100,p228,p226,002,009,011;012,426628402
17,content_only_lambda100,p228,p226,002,010,011;012,893880482
17,content_only_lambda100,p228,p226,004,003,011;012,1313015754
17,content_only_lambda100,p228,p226,004,009,011;012,1709760451
17,content_only_lambda100,p228,p226,004,010,011;012,1295720806
17,content_only_lambda100,p228,p226,005,003,011;012,415808786
17,content_only_lambda100,p228,p226,005,009,011;012,1001801638
17,content_only_lambda100,p228,p226,005,010,011;012,589148804
17,content_only_lambda100,p228,p226,006,003,011;012,1991796234
17,content_only_lambda100,p228,p226,006,009,011;012,1671701914
17,content_only_lambda100,p228,p226,006,010,011;012,1894773761
17,content_only_lambda100,p228,p226,007,003,011;012,1203347950
17,content_only_lambda100,p228,p226,007,009,011;012,929866497
17,content_only_lambda100,p228,p226,007,010,011;012,128397957
17,content_only_lambda100,p228,p232,002,003,011;012,1455715102
17,content_only_lambda100,p228,p232,002,009,011;012,551389551
17,content_only_lambda100,p228,p232,002,010,011;012,1672900787
17,content_only_lambda100,p228,p232,004,003,011;012,1502649226
17,content_only_lambda100,p228,p232,004,009,011;012,409959052
17,content_only_lambda100,p228,p232,004,010,011;012,139548712
17,content_only_lambda100,p228,p232,005,003,011;012,1413155447
17,content_only_lambda100,p228,p232,005,009,011;012,270929850
17,content_only_lambda100,p228,p232,005,010,011;012,101325192
17,content_only_lambda100,p228,p232,006,003,011;012,1268642312
17,content_only_lambda100,p228,p232,006,009,011;012,1011714227
17,content_only_lambda100,p228,p232,006,010,011;012,209665612
17,content_only_lambda100,p228,p232,007,003,011;012,1083210973
17,content_only_lambda100,p228,p232,007,009,011;012,2013915407
17,content_only_lambda100,p228,p232,007,010,011;012,652926024
17,content_only_lambda100,p232,p225,002,003,011;012,188502985
17,content_only_lambda100,p232,p225,002,009,011;012,640291781
17,content_only_lambda100,p232,p225,002,010,011;012,1640659922
17,content_only_lambda100,p232,p225,004,003,011;012,1703509952
17,content_only_lambda100,p232,p225,004,009,011;012,13479215
17,content_only_lambda100,p232,p225,004,010,011;012,1338836225
17,content_only_lambda100,p232,p225,005,003,011;012,1673392571
17,content_only_lambda100,p232,p225,005,009,011;012,50581793
17,content_only_lambda100,p232,p225,005,010,011;012,19192759
17,content_only_lambda100,p232,p225,006,003,011;012,1144426872
17,content_only_lambda100,p232,p225,006,009,011;012,1371328137
17,content_only_lambda100,p232,p225,006,010,011;012,1730629655
17,content_only_lambda100,p232,p225,007,003,011;012,667423488
17,content_only_lambda100,p232,p225,007,009,011;012,1123129074
17,content_only_lambda100,p232,p225,007,010,011;012,175798658
17,content_only_lambda100,p232,p226,002,003,011;012,1210857664
17,content_only_lambda100,p232,p226,002,009,011;012,332518382
17,content_only_lambda100,p232,p226,002,010,011;012,1074355282
17,content_only_lambda100,p232,p226,004,003,011;012,1917513586
17,content_only_lambda100,p232,p226,004,009,011;012,1487947001
17,content_only_lambda100,p232,p226,004,010,011;012,1795057648
17,content_only_lambda100,p232,p226,005,003,011;012,1186605641
17,content_only_lambda100,p232,p226,005,009,011;012,1137299715
17,content_only_lambda100,p232,p226,005,010,011;012,75814249
17,content_only_lambda100,p232,p226,006,003,011;012,145811180
17,content_only_lambda100,p232,p226,006,009,011;012,658836257
17,content_only_lambda100,p232,p226,006,010,011;012,834443
17,content_only_lambda100,p232,p226,007,003,011;012,803266502
17,content_only_lambda100,p232,p226,007,009,011;012,213692568
17,content_only_lambda100,p232,p226,007,010,011;012,1463117228
17,content_only_lambda100,p232,p228,002,003,011;012,808797021
17,content_only_lambda100,p232,p228,002,009,011;012,1450162594
17,content_only_lambda100,p232,p228,002,010,011;012,623775123
17,content_only_lambda100,p232,p228,004,003,011;012,1523981281
17,content_only_lambda100,p232,p228,004,009,011;012,1109075314
17,content_only_lambda100,p232,p228,004,010,011;012,368003904
17,content_only_lambda100,p232,p228,005,003,011;012,1324682445
17,content_only_lambda100,p232,p228,005,009,011;012,676126952
17,content_only_lambda100,p232,p228,005,010,011;012,184686877
17,content_only_lambda100,p232,p228,006,003,011;012,254195917
17,content_only_lambda100,p232,p228,006,009,011;012,408113856
17,content_only_lambda100,p232,p228,006,010,011;012,1201558640
17,content_only_lambda100,p232,p228,007,003,011;012,1008725325
17,content_only_lambda100,p232,p228,007,009,011;012,885132499
17,content_only_lambda100,p232,p228,007,010,011;012,827157073
37,uniform_lambda100,p225,p226,002,003,011;012,1036748156
37,uniform_lambda100,p225,p226,002,009,011;012,671575371
37,uniform_lambda100,p225,p226,002,010,011;012,1686298278
37,uniform_lambda100,p225,p226,004,003,011;012,1887452074
37,uniform_lambda100,p225,p226,004,009,011;012,1342045438
37,uniform_lambda100,p225,p226,004,010,011;012,612632469
37,uniform_lambda100,p225,p226,005,003,011;012,2061092760
37,uniform_lambda100,p225,p226,005,009,011;012,119779151
37,uniform_lambda100,p225,p226,005,010,011;012,89069431
37,uniform_lambda100,p225,p226,006,003,011;012,1088886696
37,uniform_lambda100,p225,p226,006,009,011;012,975123667
37,uniform_lambda100,p225,p226,006,010,011;012,892529603
37,uniform_lambda100,p225,p226,007,003,011;012,453407822
37,uniform_lambda100,p225,p226,007,009,011;012,1232063437
37,uniform_lambda100,p225,p226,007,010,011;012,119483392
37,uniform_lambda100,p225,p228,002,003,011;012,342463850
37,uniform_lambda100,p225,p228,002,009,011;012,406055691
37,uniform_lambda100,p225,p228,002,010,011;012,416275786
37,uniform_lambda100,p225,p228,004,003,011;012,1754842794
37,uniform_lambda100,p225,p228,004,009,011;012,303825983
37,uniform_lambda100,p225,p228,004,010,011;012,1456292803
37,uniform_lambda100,p225,p228,005,003,011;012,2065588178
37,uniform_lambda100,p225,p228,005,009,011;012,944513317
37,uniform_lambda100,p225,p228,005,010,011;012,1627791992
37,uniform_lambda100,p225,p228,006,003,011;012,1986114958
37,uniform_lambda100,p225,p228,006,009,011;012,647212434
37,uniform_lambda100,p225,p228,006,010,011;012,1664454997
37,uniform_lambda100,p225,p228,007,003,011;012,805580411
37,uniform_lambda100,p225,p228,007,009,011;012,797071777
37,uniform_lambda100,p225,p228,007,010,011;012,1461245965
37,uniform_lambda100,p225,p232,002,003,011;012,2015861183
37,uniform_lambda100,p225,p232,002,009,011;012,106925250
37,uniform_lambda100,p225,p232,002,010,011;012,1806022772
37,uniform_lambda100,p225,p232,004,003,011;012,2129952535
37,uniform_lambda100,p225,p232,004,009,011;012,1797316740
37,uniform_lambda100,p225,p232,004,010,011;012,676215772
37,uniform_lambda100,p225,p232,005,003,011;012,784807117
37,uniform_lambda100,p225,p232,005,009,011;012,662962749
37,uniform_lambda100,p225,p232,005,010,011;012,836859084
37,uniform_lambda100,p225,p232,006,003,011;012,1261109399
37,uniform_lambda100,p225,p232,006,009,011;012,1907042557
37,uniform_lambda100,p225,p232,006,010,011;012,224876001
37,uniform_lambda100,p225,p232,007,003,011;012,5938672
37,uniform_lambda100,p225,p232,007,009,011;012,1782801674
37,uniform_lambda100,p225,p232,007,010,011;012,2520646
37,uniform_lambda100,p226,p225,002,003,011;012,559304035
37,uniform_lambda100,p226,p225,002,009,011;012,1410612030
37,uniform_lambda100,p226,p225,002,010,011;012,1433706929
37,uniform_lambda100,p226,p225,004,003,011;012,760872065
37,uniform_lambda100,p226,p225,004,009,011;012,1562094405
37,uniform_lambda100,p226,p225,004,010,011;012,315585412
37,uniform_lambda100,p226,p225,005,003,011;012,1507153616
37,uniform_lambda100,p226,p225,005,009,011;012,1325271476
37,uniform_lambda100,p226,p225,005,010,011;012,427991824
37,uniform_lambda100,p226,p225,006,003,011;012,1264585011
37,uniform_lambda100,p226,p225,006,009,011;012,1797772158
37,uniform_lambda100,p226,p225,006,010,011;012,1161732851
37,uniform_lambda100,p226,p225,007,003,011;012,948538603
37,uniform_lambda100,p226,p225,007,009,011;012,959951906
37,uniform_lambda100,p226,p225,007,010,011;012,2010204833
37,uniform_lambda100,p226,p228,002,003,011;012,487907946
37,uniform_lambda100,p226,p228,002,009,011;012,1873331101
37,uniform_lambda100,p226,p228,002,010,011;012,696974015
37,uniform_lambda100,p226,p228,004,003,011;012,834453724
37,uniform_lambda100,p226,p228,004,009,011;012,875321242
37,uniform_lambda100,p226,p228,004,010,011;012,831439615
37,uniform_lambda100,p226,p228,005,003,011;012,708761155
37,uniform_lambda100,p226,p228,005,009,011;012,1695243905
37,uniform_lambda100,p226,p228,005,010,011;012,760775066
37,uniform_lambda100,p226,p228,006,003,011;012,547552120
37,uniform_lambda100,p226,p228,006,009,011;012,1345437453
37,uniform_lambda100,p226,p228,006,010,011;012,1946694247
37,uniform_lambda100,p226,p228,007,003,011;012,1443294706
37,uniform_lambda100,p226,p228,007,009,011;012,323667929
37,uniform_lambda100,p226,p228,007,010,011;012,59814807
37,uniform_lambda100,p226,p232,002,003,011;012,262166582
37,uniform_lambda100,p226,p232,002,009,011;012,1046230106
37,uniform_lambda100,p226,p232,002,010,011;012,1777329602
37,uniform_lambda100,p226,p232,004,003,011;012,436694361
37,uniform_lambda100,p226,p232,004,009,011;012,637673654
37,uniform_lambda100,p226,p232,004,010,011;012,379760727
37,uniform_lambda100,p226,p232,005,003,011;012,1469448758
37,uniform_lambda100,p226,p232,005,009,011;012,855762944
37,uniform_lambda100,p226,p232,005,010,011;012,1949497160
37,uniform_lambda100,p226,p232,006,003,011;012,1403695221
37,uniform_lambda100,p226,p232,006,009,011;012,1115837866
37,uniform_lambda100,p226,p232,006,010,011;012,618580587
37,uniform_lambda100,p226,p232,007,003,011;012,1527468555
37,uniform_lambda100,p226,p232,007,009,011;012,1452243978
37,uniform_lambda100,p226,p232,007,010,011;012,1837823109
37,uniform_lambda100,p228,p225,002,003,011;012,933467775
37,uniform_lambda100,p228,p225,002,009,011;012,689762589
37,uniform_lambda100,p228,p225,002,010,011;012,1201406344
37,uniform_lambda100,p228,p225,004,003,011;012,1195444466
37,uniform_lambda100,p228,p225,004,009,011;012,233993062
37,uniform_lambda100,p228,p225,004,010,011;012,351754622
37,uniform_lambda100,p228,p225,005,003,011;012,1484849481
37,uniform_lambda100,p228,p225,005,009,011;012,405929767
37,uniform_lambda100,p228,p225,005,010,011;012,1230254093
37,uniform_lambda100,p228,p225,006,003,011;012,1053957973
37,uniform_lambda100,p228,p225,006,009,011;012,441149697
37,uniform_lambda100,p228,p225,006,010,011;012,1746287770
37,uniform_lambda100,p228,p225,007,003,011;012,1504961011
37,uniform_lambda100,p228,p225,007,009,011;012,2064711470
37,uniform_lambda100,p228,p225,007,010,011;012,953359764
37,uniform_lambda100,p228,p226,002,003,011;012,1205517586
37,uniform_lambda100,p228,p226,002,009,011;012,682797160
37,uniform_lambda100,p228,p226,002,010,011;012,63784817
37,uniform_lambda100,p228,p226,004,003,011;012,1790108048
37,uniform_lambda100,p228,p226,004,009,011;012,544715049
37,uniform_lambda100,p228,p226,004,010,011;012,1530905536
37,uniform_lambda100,p228,p226,005,003,011;012,511616254
37,uniform_lambda100,p228,p226,005,009,011;012,556729527
37,uniform_lambda100,p228,p226,005,010,011;012,399980510
37,uniform_lambda100,p228,p226,006,003,011;012,1071413196
37,uniform_lambda100,p228,p226,006,009,011;012,265443894
37,uniform_lambda100,p228,p226,006,010,011;012,1536663197
37,uniform_lambda100,p228,p226,007,003,011;012,715761443
37,uniform_lambda100,p228,p226,007,009,011;012,1323136364
37,uniform_lambda100,p228,p226,007,010,011;012,97167306
37,uniform_lambda100,p228,p232,002,003,011;012,2143011955
37,uniform_lambda100,p228,p232,002,009,011;012,963426397
37,uniform_lambda100,p228,p232,002,010,011;012,379913091
37,uniform_lambda100,p228,p232,004,003,011;012,1088339445
37,uniform_lambda100,p228,p232,004,009,011;012,1702366447
37,uniform_lambda100,p228,p232,004,010,011;012,618333127
37,uniform_lambda100,p228,p232,005,003,011;012,1621234417
37,uniform_lambda100,p228,p232,005,009,011;012,20268371
37,uniform_lambda100,p228,p232,005,010,011;012,1826977948
37,uniform_lambda100,p228,p232,006,003,011;012,2123777350
37,uniform_lambda100,p228,p232,006,009,011;012,258173343
37,uniform_lambda100,p228,p232,006,010,011;012,594048778
37,uniform_lambda100,p228,p232,007,003,011;012,798222096
37,uniform_lambda100,p228,p232,007,009,011;012,167141918
37,uniform_lambda100,p228,p232,007,010,011;012,1916370959
37,uniform_lambda100,p232,p225,002,003,011;012,2083786932
37,uniform_lambda100,p232,p225,002,009,011;012,1129546165
37,uniform_lambda100,p232,p225,002,010,011;012,1953853773
37,uniform_lambda100,p232,p225,004,003,011;012,537855194
37,uniform_lambda100,p232,p225,004,009,011;012,970668921
37,uniform_lambda100,p232,p225,004,010,011;012,1093435128
37,uniform_lambda100,p232,p225,005,003,011;012,1607271798
37,uniform_lambda100,p232,p225,005,009,011;012,2003479240
37,uniform_lambda100,p232,p225,005,010,011;012,100747060
37,uniform_lambda100,p232,p225,006,003,011;012,79572580
37,uniform_lambda100,p232,p225,006,009,011;012,229607327
37,uniform_lambda100,p232,p225,006,010,011;012,1334132551
37,uniform_lambda100,p232,p225,007,003,011;012,115314110
37,uniform_lambda100,p232,p225,007,009,011;012,1426888493
37,uniform_lambda100,p232,p225,007,010,011;012,2105875639
37,uniform_lambda100,p232,p226,002,003,011;012,324937414
37,uniform_lambda100,p232,p226,002,009,011;012,458330204
37,uniform_lambda100,p232,p226,002,010,011;012,1673886658
37,uniform_lambda100,p232,p226,004,003,011;012,166626153
37,uniform_lambda100,p232,p226,004,009,011;012,1134983923
37,uniform_lambda100,p232,p226,004,010,011;012,534790207
37,uniform_lambda100,p232,p226,005,003,011;012,1221328764
37,uniform_lambda100,p232,p226,005,009,011;012,432395033
37,uniform_lambda100,p232,p226,005,010,011;012,1536072858
37,uniform_lambda100,p232,p226,006,003,011;012,1848775583
37,uniform_lambda100,p232,p226,006,009,011;012,778131743
37,uniform_lambda100,p232,p226,006,010,011;012,1129790036
37,uniform_lambda100,p232,p226,007,003,011;012,1024950407
37,uniform_lambda100,p232,p226,007,009,011;012,116273991
37,uniform_lambda100,p232,p226,007,010,011;012,1398238740
37,uniform_lambda100,p232,p228,002,003,011;012,60777223
37,uniform_lambda100,p232,p228,002,009,011;012,1878549279
37,uniform_lambda100,p232,p228,002,010,011;012,2146322632
37,uniform_lambda100,p232,p228,004,003,011;012,907649256
37,uniform_lambda100,p232,p228,004,009,011;012,426382676
37,uniform_lambda100,p232,p228,004,010,011;012,164523813
37,uniform_lambda100,p232,p228,005,003,011;012,2025096260
37,uniform_lambda100,p232,p228,005,009,011;012,718471526
37,uniform_lambda100,p232,p228,005,010,011;012,529802469
37,uniform_lambda100,p232,p228,006,003,011;012,1288955143
37,uniform_lambda100,p232,p228,006,009,011;012,1158527554
37,uniform_lambda100,p232,p228,006,010,011;012,1984257886
37,uniform_lambda100,p232,p228,007,003,011;012,782034960
37,uniform_lambda100,p232,p228,007,009,011;012,500786404
37,uniform_lambda100,p232,p228,007,010,011;012,1684343213
37,content_only_lambda100,p225,p226,002,003,011;012,1036748156
37,content_only_lambda100,p225,p226,002,009,011;012,671575371
37,content_only_lambda100,p225,p226,002,010,011;012,1686298278
37,content_only_lambda100,p225,p226,004,003,011;012,1887452074
37,content_only_lambda100,p225,p226,004,009,011;012,1342045438
37,content_only_lambda100,p225,p226,004,010,011;012,612632469
37,content_only_lambda100,p225,p226,005,003,011;012,2061092760
37,content_only_lambda100,p225,p226,005,009,011;012,119779151
37,content_only_lambda100,p225,p226,005,010,011;012,89069431
37,content_only_lambda100,p225,p226,006,003,011;012,1088886696
37,content_only_lambda100,p225,p226,006,009,011;012,975123667
37,content_only_lambda100,p225,p226,006,010,011;012,892529603
37,content_only_lambda100,p225,p226,007,003,011;012,453407822
37,content_only_lambda100,p225,p226,007,009,011;012,1232063437
37,content_only_lambda100,p225,p226,007,010,011;012,119483392
37,content_only_lambda100,p225,p228,002,003,011;012,342463850
37,content_only_lambda100,p225,p228,002,009,011;012,406055691
37,content_only_lambda100,p225,p228,002,010,011;012,416275786
37,content_only_lambda100,p225,p228,004,003,011;012,1754842794
37,content_only_lambda100,p225,p228,004,009,011;012,303825983
37,content_only_lambda100,p225,p228,004,010,011;012,1456292803
37,content_only_lambda100,p225,p228,005,003,011;012,2065588178
37,content_only_lambda100,p225,p228,005,009,011;012,944513317
37,content_only_lambda100,p225,p228,005,010,011;012,1627791992
37,content_only_lambda100,p225,p228,006,003,011;012,1986114958
37,content_only_lambda100,p225,p228,006,009,011;012,647212434
37,content_only_lambda100,p225,p228,006,010,011;012,1664454997
37,content_only_lambda100,p225,p228,007,003,011;012,805580411
37,content_only_lambda100,p225,p228,007,009,011;012,797071777
37,content_only_lambda100,p225,p228,007,010,011;012,1461245965
37,content_only_lambda100,p225,p232,002,003,011;012,2015861183
37,content_only_lambda100,p225,p232,002,009,011;012,106925250
37,content_only_lambda100,p225,p232,002,010,011;012,1806022772
37,content_only_lambda100,p225,p232,004,003,011;012,2129952535
37,content_only_lambda100,p225,p232,004,009,011;012,1797316740
37,content_only_lambda100,p225,p232,004,010,011;012,676215772
37,content_only_lambda100,p225,p232,005,003,011;012,784807117
37,content_only_lambda100,p225,p232,005,009,011;012,662962749
37,content_only_lambda100,p225,p232,005,010,011;012,836859084
37,content_only_lambda100,p225,p232,006,003,011;012,1261109399
37,content_only_lambda100,p225,p232,006,009,011;012,1907042557
37,content_only_lambda100,p225,p232,006,010,011;012,224876001
37,content_only_lambda100,p225,p232,007,003,011;012,5938672
37,content_only_lambda100,p225,p232,007,009,011;012,1782801674
37,content_only_lambda100,p225,p232,007,010,011;012,2520646
37,content_only_lambda100,p226,p225,002,003,011;012,559304035
37,content_only_lambda100,p226,p225,002,009,011;012,1410612030
37,content_only_lambda100,p226,p225,002,010,011;012,1433706929
37,content_only_lambda100,p226,p225,004,003,011;012,760872065
37,content_only_lambda100,p226,p225,004,009,011;012,1562094405
37,content_only_lambda100,p226,p225,004,010,011;012,315585412
37,content_only_lambda100,p226,p225,005,003,011;012,1507153616
37,content_only_lambda100,p226,p225,005,009,011;012,1325271476
37,content_only_lambda100,p226,p225,005,010,011;012,427991824
37,content_only_lambda100,p226,p225,006,003,011;012,1264585011
37,content_only_lambda100,p226,p225,006,009,011;012,1797772158
37,content_only_lambda100,p226,p225,006,010,011;012,1161732851
37,content_only_lambda100,p226,p225,007,003,011;012,948538603
37,content_only_lambda100,p226,p225,007,009,011;012,959951906
37,content_only_lambda100,p226,p225,007,010,011;012,2010204833
37,content_only_lambda100,p226,p228,002,003,011;012,487907946
37,content_only_lambda100,p226,p228,002,009,011;012,1873331101
37,content_only_lambda100,p226,p228,002,010,011;012,696974015
37,content_only_lambda100,p226,p228,004,003,011;012,834453724
37,content_only_lambda100,p226,p228,004,009,011;012,875321242
37,content_only_lambda100,p226,p228,004,010,011;012,831439615
37,content_only_lambda100,p226,p228,005,003,011;012,708761155
37,content_only_lambda100,p226,p228,005,009,011;012,1695243905
37,content_only_lambda100,p226,p228,005,010,011;012,760775066
37,content_only_lambda100,p226,p228,006,003,011;012,547552120
37,content_only_lambda100,p226,p228,006,009,011;012,1345437453
37,content_only_lambda100,p226,p228,006,010,011;012,1946694247
37,content_only_lambda100,p226,p228,007,003,011;012,1443294706
37,content_only_lambda100,p226,p228,007,009,011;012,323667929
37,content_only_lambda100,p226,p228,007,010,011;012,59814807
37,content_only_lambda100,p226,p232,002,003,011;012,262166582
37,content_only_lambda100,p226,p232,002,009,011;012,1046230106
37,content_only_lambda100,p226,p232,002,010,011;012,1777329602
37,content_only_lambda100,p226,p232,004,003,011;012,436694361
37,content_only_lambda100,p226,p232,004,009,011;012,637673654
37,content_only_lambda100,p226,p232,004,010,011;012,379760727
37,content_only_lambda100,p226,p232,005,003,011;012,1469448758
37,content_only_lambda100,p226,p232,005,009,011;012,855762944
37,content_only_lambda100,p226,p232,005,010,011;012,1949497160
37,content_only_lambda100,p226,p232,006,003,011;012,1403695221
37,content_only_lambda100,p226,p232,006,009,011;012,1115837866
37,content_only_lambda100,p226,p232,006,010,011;012,618580587
37,content_only_lambda100,p226,p232,007,003,011;012,1527468555
37,content_only_lambda100,p226,p232,007,009,011;012,1452243978
37,content_only_lambda100,p226,p232,007,010,011;012,1837823109
37,content_only_lambda100,p228,p225,002,003,011;012,933467775
37,content_only_lambda100,p228,p225,002,009,011;012,689762589
37,content_only_lambda100,p228,p225,002,010,011;012,1201406344
37,content_only_lambda100,p228,p225,004,003,011;012,1195444466
37,content_only_lambda100,p228,p225,004,009,011;012,233993062
37,content_only_lambda100,p228,p225,004,010,011;012,351754622
37,content_only_lambda100,p228,p225,005,003,011;012,1484849481
37,content_only_lambda100,p228,p225,005,009,011;012,405929767
37,content_only_lambda100,p228,p225,005,010,011;012,1230254093
37,content_only_lambda100,p228,p225,006,003,011;012,1053957973
37,content_only_lambda100,p228,p225,006,009,011;012,441149697
37,content_only_lambda100,p228,p225,006,010,011;012,1746287770
37,content_only_lambda100,p228,p225,007,003,011;012,1504961011
37,content_only_lambda100,p228,p225,007,009,011;012,2064711470
37,content_only_lambda100,p228,p225,007,010,011;012,953359764
37,content_only_lambda100,p228,p226,002,003,011;012,1205517586
37,content_only_lambda100,p228,p226,002,009,011;012,682797160
37,content_only_lambda100,p228,p226,002,010,011;012,63784817
37,content_only_lambda100,p228,p226,004,003,011;012,1790108048
37,content_only_lambda100,p228,p226,004,009,011;012,544715049
37,content_only_lambda100,p228,p226,004,010,011;012,1530905536
37,content_only_lambda100,p228,p226,005,003,011;012,511616254
37,content_only_lambda100,p228,p226,005,009,011;012,556729527
37,content_only_lambda100,p228,p226,005,010,011;012,399980510
37,content_only_lambda100,p228,p226,006,003,011;012,1071413196
37,content_only_lambda100,p228,p226,006,009,011;012,265443894
37,content_only_lambda100,p228,p226,006,010,011;012,1536663197
37,content_only_lambda100,p228,p226,007,003,011;012,715761443
37,content_only_lambda100,p228,p226,007,009,011;012,1323136364
37,content_only_lambda100,p228,p226,007,010,011;012,97167306
37,content_only_lambda100,p228,p232,002,003,011;012,2143011955
37,content_only_lambda100,p228,p232,002,009,011;012,963426397
37,content_only_lambda100,p228,p232,002,010,011;012,379913091
37,content_only_lambda100,p228,p232,004,003,011;012,1088339445
37,content_only_lambda100,p228,p232,004,009,011;012,1702366447
37,content_only_lambda100,p228,p232,004,010,011;012,618333127
37,content_only_lambda100,p228,p232,005,003,011;012,1621234417
37,content_only_lambda100,p228,p232,005,009,011;012,20268371
37,content_only_lambda100,p228,p232,005,010,011;012,1826977948
37,content_only_lambda100,p228,p232,006,003,011;012,2123777350
37,content_only_lambda100,p228,p232,006,009,011;012,258173343
37,content_only_lambda100,p228,p232,006,010,011;012,594048778
37,content_only_lambda100,p228,p232,007,003,011;012,798222096
37,content_only_lambda100,p228,p232,007,009,011;012,167141918
37,content_only_lambda100,p228,p232,007,010,011;012,1916370959
37,content_only_lambda100,p232,p225,002,003,011;012,2083786932
37,content_only_lambda100,p232,p225,002,009,011;012,1129546165
37,content_only_lambda100,p232,p225,002,010,011;012,1953853773
37,content_only_lambda100,p232,p225,004,003,011;012,537855194
37,content_only_lambda100,p232,p225,004,009,011;012,970668921
37,content_only_lambda100,p232,p225,004,010,011;012,1093435128
37,content_only_lambda100,p232,p225,005,003,011;012,1607271798
37,content_only_lambda100,p232,p225,005,009,011;012,2003479240
37,content_only_lambda100,p232,p225,005,010,011;012,100747060
37,content_only_lambda100,p232,p225,006,003,011;012,79572580
37,content_only_lambda100,p232,p225,006,009,011;012,229607327
37,content_only_lambda100,p232,p225,006,010,011;012,1334132551
37,content_only_lambda100,p232,p225,007,003,011;012,115314110
37,content_only_lambda100,p232,p225,007,009,011;012,1426888493
37,content_only_lambda100,p232,p225,007,010,011;012,2105875639
37,content_only_lambda100,p232,p226,002,003,011;012,324937414
37,content_only_lambda100,p232,p226,002,009,011;012,458330204
37,content_only_lambda100,p232,p226,002,010,011;012,1673886658
37,content_only_lambda100,p232,p226,004,003,011;012,166626153
37,content_only_lambda100,p232,p226,004,009,011;012,1134983923
37,content_only_lambda100,p232,p226,004,010,011;012,534790207
37,content_only_lambda100,p232,p226,005,003,011;012,1221328764
37,content_only_lambda100,p232,p226,005,009,011;012,432395033
37,content_only_lambda100,p232,p226,005,010,011;012,1536072858
37,content_only_lambda100,p232,p226,006,003,011;012,1848775583
37,content_only_lambda100,p232,p226,006,009,011;012,778131743
37,content_only_lambda100,p232,p226,006,010,011;012,1129790036
37,content_only_lambda100,p232,p226,007,003,011;012,1024950407
37,content_only_lambda100,p232,p226,007,009,011;012,116273991
37,content_only_lambda100,p232,p226,007,010,011;012,1398238740
37,content_only_lambda100,p232,p228,002,003,011;012,60777223
37,content_only_lambda100,p232,p228,002,009,011;012,1878549279
37,content_only_lambda100,p232,p228,002,010,011;012,2146322632
37,content_only_lambda100,p232,p228,004,003,011;012,907649256
37,content_only_lambda100,p232,p228,004,009,011;012,426382676
37,content_only_lambda100,p232,p228,004,010,011;012,164523813
37,content_only_lambda100,p232,p228,005,003,011;012,2025096260
37,content_only_lambda100,p232,p228,005,009,011;012,718471526
37,content_only_lambda100,p232,p228,005,010,011;012,529802469
37,content_only_lambda100,p232,p228,006,003,011;012,1288955143
37,content_only_lambda100,p232,p228,006,009,011;012,1158527554
37,content_only_lambda100,p232,p228,006,010,011;012,1984257886
37,content_only_lambda100,p232,p228,007,003,011;012,782034960
37,content_only_lambda100,p232,p228,007,009,011;012,500786404
37,content_only_lambda100,p232,p228,007,010,011;012,1684343213
73,uniform_lambda100,p225,p226,002,003,011;012,12180621
73,uniform_lambda100,p225,p226,002,009,011;012,284673552
73,uniform_lambda100,p225,p226,002,010,011;012,2096273711
73,uniform_lambda100,p225,p226,004,003,011;012,1417195201
73,uniform_lambda100,p225,p226,004,009,011;012,527296093
73,uniform_lambda100,p225,p226,004,010,011;012,1065750588
73,uniform_lambda100,p225,p226,005,003,011;012,371162863
73,uniform_lambda100,p225,p226,005,009,011;012,1347002783
73,uniform_lambda100,p225,p226,005,010,011;012,92378605
73,uniform_lambda100,p225,p226,006,003,011;012,1083321505
73,uniform_lambda100,p225,p226,006,009,011;012,912575381
73,uniform_lambda100,p225,p226,006,010,011;012,1724820676
73,uniform_lambda100,p225,p226,007,003,011;012,746055113
73,uniform_lambda100,p225,p226,007,009,011;012,391237201
73,uniform_lambda100,p225,p226,007,010,011;012,1822931209
73,uniform_lambda100,p225,p228,002,003,011;012,1142915205
73,uniform_lambda100,p225,p228,002,009,011;012,1381672310
73,uniform_lambda100,p225,p228,002,010,011;012,79353204
73,uniform_lambda100,p225,p228,004,003,011;012,1436228206
73,uniform_lambda100,p225,p228,004,009,011;012,1125802501
73,uniform_lambda100,p225,p228,004,010,011;012,606426052
73,uniform_lambda100,p225,p228,005,003,011;012,1756225154
73,uniform_lambda100,p225,p228,005,009,011;012,1140317247
73,uniform_lambda100,p225,p228,005,010,011;012,1589442404
73,uniform_lambda100,p225,p228,006,003,011;012,275413382
73,uniform_lambda100,p225,p228,006,009,011;012,1167812253
73,uniform_lambda100,p225,p228,006,010,011;012,1427910413
73,uniform_lambda100,p225,p228,007,003,011;012,1017635691
73,uniform_lambda100,p225,p228,007,009,011;012,682439644
73,uniform_lambda100,p225,p228,007,010,011;012,1033608258
73,uniform_lambda100,p225,p232,002,003,011;012,956580694
73,uniform_lambda100,p225,p232,002,009,011;012,1650435833
73,uniform_lambda100,p225,p232,002,010,011;012,1156196282
73,uniform_lambda100,p225,p232,004,003,011;012,928268902
73,uniform_lambda100,p225,p232,004,009,011;012,146662004
73,uniform_lambda100,p225,p232,004,010,011;012,2106853702
73,uniform_lambda100,p225,p232,005,003,011;012,391041574
73,uniform_lambda100,p225,p232,005,009,011;012,796532965
73,uniform_lambda100,p225,p232,005,010,011;012,226284578
73,uniform_lambda100,p225,p232,006,003,011;012,26955968
73,uniform_lambda100,p225,p232,006,009,011;012,1794600585
73,uniform_lambda100,p225,p232,006,010,011;012,750704498
73,uniform_lambda100,p225,p232,007,003,011;012,57582657
73,uniform_lambda100,p225,p232,007,009,011;012,612611880
73,uniform_lambda100,p225,p232,007,010,011;012,1248154620
73,uniform_lambda100,p226,p225,002,003,011;012,589100247
73,uniform_lambda100,p226,p225,002,009,011;012,1264366237
73,uniform_lambda100,p226,p225,002,010,011;012,2051913820
73,uniform_lambda100,p226,p225,004,003,011;012,567914750
73,uniform_lambda100,p226,p225,004,009,011;012,287780200
73,uniform_lambda100,p226,p225,004,010,011;012,242361971
73,uniform_lambda100,p226,p225,005,003,011;012,1145785754
73,uniform_lambda100,p226,p225,005,009,011;012,318912746
73,uniform_lambda100,p226,p225,005,010,011;012,1195557771
73,uniform_lambda100,p226,p225,006,003,011;012,35027949
73,uniform_lambda100,p226,p225,006,009,011;012,1320837420
73,uniform_lambda100,p226,p225,006,010,011;012,1308521102
73,uniform_lambda100,p226,p225,007,003,011;012,1552048930
73,uniform_lambda100,p226,p225,007,009,011;012,503613781
73,uniform_lambda100,p226,p225,007,010,011;012,439723006
73,uniform_lambda100,p226,p228,002,003,011;012,539956591
73,uniform_lambda100,p226,p228,002,009,011;012,776849618
73,uniform_lambda100,p226,p228,002,010,011;012,221534749
73,uniform_lambda100,p226,p228,004,003,011;012,1979922666
73,uniform_lambda100,p226,p228,004,009,011;012,957294083
73,uniform_lambda100,p226,p228,004,010,011;012,347705437
73,uniform_lambda100,p226,p228,005,003,011;012,1619694124
73,uniform_lambda100,p226,p228,005,009,011;012,1610897205
73,uniform_lambda100,p226,p228,005,010,011;012,537319505
73,uniform_lambda100,p226,p228,006,003,011;012,719939181
73,uniform_lambda100,p226,p228,006,009,011;012,2147137717
73,uniform_lambda100,p226,p228,006,010,011;012,933305922
73,uniform_lambda100,p226,p228,007,003,011;012,687331675
73,uniform_lambda100,p226,p228,007,009,011;012,2078488727
73,uniform_lambda100,p226,p228,007,010,011;012,1593312750
73,uniform_lambda100,p226,p232,002,003,011;012,1175120962
73,uniform_lambda100,p226,p232,002,009,011;012,253166038
73,uniform_lambda100,p226,p232,002,010,011;012,2060374136
73,uniform_lambda100,p226,p232,004,003,011;012,1270175112
73,uniform_lambda100,p226,p232,004,009,011;012,130633457
73,uniform_lambda100,p226,p232,004,010,011;012,1740104150
73,uniform_lambda100,p226,p232,005,003,011;012,1142775199
73,uniform_lambda100,p226,p232,005,009,011;012,126251015
73,uniform_lambda100,p226,p232,005,010,011;012,2042818287
73,uniform_lambda100,p226,p232,006,003,011;012,1362806571
73,uniform_lambda100,p226,p232,006,009,011;012,1592469567
73,uniform_lambda100,p226,p232,006,010,011;012,614194874
73,uniform_lambda100,p226,p232,007,003,011;012,1238245419
73,uniform_lambda100,p226,p232,007,009,011;012,987944192
73,uniform_lambda100,p226,p232,007,010,011;012,164952897
73,uniform_lambda100,p228,p225,002,003,011;012,1196510483
73,uniform_lambda100,p228,p225,002,009,011;012,1463243008
73,uniform_lambda100,p228,p225,002,010,011;012,904258586
73,uniform_lambda100,p228,p225,004,003,011;012,1064727712
73,uniform_lambda100,p228,p225,004,009,011;012,1256837027
73,uniform_lambda100,p228,p225,004,010,011;012,1344426277
73,uniform_lambda100,p228,p225,005,003,011;012,558008397
73,uniform_lambda100,p228,p225,005,009,011;012,465635541
73,uniform_lambda100,p228,p225,005,010,011;012,1743432885
73,uniform_lambda100,p228,p225,006,003,011;012,2050832329
73,uniform_lambda100,p228,p225,006,009,011;012,1226600114
73,uniform_lambda100,p228,p225,006,010,011;012,1250322208
73,uniform_lambda100,p228,p225,007,003,011;012,766867303
73,uniform_lambda100,p228,p225,007,009,011;012,325461620
73,uniform_lambda100,p228,p225,007,010,011;012,1936530179
73,uniform_lambda100,p228,p226,002,003,011;012,605393277
73,uniform_lambda100,p228,p226,002,009,011;012,922302112
73,uniform_lambda100,p228,p226,002,010,011;012,2139575440
73,uniform_lambda100,p228,p226,004,003,011;012,1383125866
73,uniform_lambda100,p228,p226,004,009,011;012,1856755006
73,uniform_lambda100,p228,p226,004,010,011;012,474116092
73,uniform_lambda100,p228,p226,005,003,011;012,89860310
73,uniform_lambda100,p228,p226,005,009,011;012,1658480243
73,uniform_lambda100,p228,p226,005,010,011;012,1665144804
73,uniform_lambda100,p228,p226,006,003,011;012,1391943433
73,uniform_lambda100,p228,p226,006,009,011;012,1226293301
73,uniform_lambda100,p228,p226,006,010,011;012,669096339
73,uniform_lambda100,p228,p226,007,003,011;012,1802073634
73,uniform_lambda100,p228,p226,007,009,011;012,1101046468
73,uniform_lambda100,p228,p226,007,010,011;012,82672312
73,uniform_lambda100,p228,p232,002,003,011;012,1943613018
73,uniform_lambda100,p228,p232,002,009,011;012,867802358
73,uniform_lambda100,p228,p232,002,010,011;012,1259587541
73,uniform_lambda100,p228,p232,004,003,011;012,1875175887
73,uniform_lambda100,p228,p232,004,009,011;012,1250861994
73,uniform_lambda100,p228,p232,004,010,011;012,1612440377
73,uniform_lambda100,p228,p232,005,003,011;012,940388156
73,uniform_lambda100,p228,p232,005,009,011;012,1452939636
73,uniform_lambda100,p228,p232,005,010,011;012,1495235433
73,uniform_lambda100,p228,p232,006,003,011;012,1097194679
73,uniform_lambda100,p228,p232,006,009,011;012,2060790420
73,uniform_lambda100,p228,p232,006,010,011;012,985100816
73,uniform_lambda100,p228,p232,007,003,011;012,1445708158
73,uniform_lambda100,p228,p232,007,009,011;012,1242978773
73,uniform_lambda100,p228,p232,007,010,011;012,977748720
73,uniform_lambda100,p232,p225,002,003,011;012,322303171
73,uniform_lambda100,p232,p225,002,009,011;012,1457822977
73,uniform_lambda100,p232,p225,002,010,011;012,956122505
73,uniform_lambda100,p232,p225,004,003,011;012,1174734688
73,uniform_lambda100,p232,p225,004,009,011;012,523408194
73,uniform_lambda100,p232,p225,004,010,011;012,1521545554
73,uniform_lambda100,p232,p225,005,003,011;012,1064141059
73,uniform_lambda100,p232,p225,005,009,011;012,1379210800
73,uniform_lambda100,p232,p225,005,010,011;012,2014920178
73,uniform_lambda100,p232,p225,006,003,011;012,1818355558
73,uniform_lambda100,p232,p225,006,009,011;012,96554416
73,uniform_lambda100,p232,p225,006,010,011;012,297927630
73,uniform_lambda100,p232,p225,007,003,011;012,585649465
73,uniform_lambda100,p232,p225,007,009,011;012,213400237
73,uniform_lambda100,p232,p225,007,010,011;012,1800683193
73,uniform_lambda100,p232,p226,002,003,011;012,2049108797
73,uniform_lambda100,p232,p226,002,009,011;012,1609012774
73,uniform_lambda100,p232,p226,002,010,011;012,726055390
73,uniform_lambda100,p232,p226,004,003,011;012,381784152
73,uniform_lambda100,p232,p226,004,009,011;012,560868724
73,uniform_lambda100,p232,p226,004,010,011;012,1042944546
73,uniform_lambda100,p232,p226,005,003,011;012,209859989
73,uniform_lambda100,p232,p226,005,009,011;012,802840790
73,uniform_lambda100,p232,p226,005,010,011;012,28375202
73,uniform_lambda100,p232,p226,006,003,011;012,270494445
73,uniform_lambda100,p232,p226,006,009,011;012,1766837803
73,uniform_lambda100,p232,p226,006,010,011;012,1239979662
73,uniform_lambda100,p232,p226,007,003,011;012,619873053
73,uniform_lambda100,p232,p226,007,009,011;012,156513062
73,uniform_lambda100,p232,p226,007,010,011;012,1508027745
73,uniform_lambda100,p232,p228,002,003,011;012,1462540989
73,uniform_lambda100,p232,p228,002,009,011;012,1372077173
73,uniform_lambda100,p232,p228,002,010,011;012,1135513773
73,uniform_lambda100,p232,p228,004,003,011;012,470799998
73,uniform_lambda100,p232,p228,004,009,011;012,959054560
73,uniform_lambda100,p232,p228,004,010,011;012,1809721764
73,uniform_lambda100,p232,p228,005,003,011;012,360413215
73,uniform_lambda100,p232,p228,005,009,011;012,458156369
73,uniform_lambda100,p232,p228,005,010,011;012,1328853975
73,uniform_lambda100,p232,p228,006,003,011;012,1254137676
73,uniform_lambda100,p232,p228,006,009,011;012,968566278
73,uniform_lambda100,p232,p228,006,010,011;012,332998680
73,uniform_lambda100,p232,p228,007,003,011;012,182068820
73,uniform_lambda100,p232,p228,007,009,011;012,458972546
73,uniform_lambda100,p232,p228,007,010,011;012,847407186
73,content_only_lambda100,p225,p226,002,003,011;012,12180621
73,content_only_lambda100,p225,p226,002,009,011;012,284673552
73,content_only_lambda100,p225,p226,002,010,011;012,2096273711
73,content_only_lambda100,p225,p226,004,003,011;012,1417195201
73,content_only_lambda100,p225,p226,004,009,011;012,527296093
73,content_only_lambda100,p225,p226,004,010,011;012,1065750588
73,content_only_lambda100,p225,p226,005,003,011;012,371162863
73,content_only_lambda100,p225,p226,005,009,011;012,1347002783
73,content_only_lambda100,p225,p226,005,010,011;012,92378605
73,content_only_lambda100,p225,p226,006,003,011;012,1083321505
73,content_only_lambda100,p225,p226,006,009,011;012,912575381
73,content_only_lambda100,p225,p226,006,010,011;012,1724820676
73,content_only_lambda100,p225,p226,007,003,011;012,746055113
73,content_only_lambda100,p225,p226,007,009,011;012,391237201
73,content_only_lambda100,p225,p226,007,010,011;012,1822931209
73,content_only_lambda100,p225,p228,002,003,011;012,1142915205
73,content_only_lambda100,p225,p228,002,009,011;012,1381672310
73,content_only_lambda100,p225,p228,002,010,011;012,79353204
73,content_only_lambda100,p225,p228,004,003,011;012,1436228206
73,content_only_lambda100,p225,p228,004,009,011;012,1125802501
73,content_only_lambda100,p225,p228,004,010,011;012,606426052
73,content_only_lambda100,p225,p228,005,003,011;012,1756225154
73,content_only_lambda100,p225,p228,005,009,011;012,1140317247
73,content_only_lambda100,p225,p228,005,010,011;012,1589442404
73,content_only_lambda100,p225,p228,006,003,011;012,275413382
73,content_only_lambda100,p225,p228,006,009,011;012,1167812253
73,content_only_lambda100,p225,p228,006,010,011;012,1427910413
73,content_only_lambda100,p225,p228,007,003,011;012,1017635691
73,content_only_lambda100,p225,p228,007,009,011;012,682439644
73,content_only_lambda100,p225,p228,007,010,011;012,1033608258
73,content_only_lambda100,p225,p232,002,003,011;012,956580694
73,content_only_lambda100,p225,p232,002,009,011;012,1650435833
73,content_only_lambda100,p225,p232,002,010,011;012,1156196282
73,content_only_lambda100,p225,p232,004,003,011;012,928268902
73,content_only_lambda100,p225,p232,004,009,011;012,146662004
73,content_only_lambda100,p225,p232,004,010,011;012,2106853702
73,content_only_lambda100,p225,p232,005,003,011;012,391041574
73,content_only_lambda100,p225,p232,005,009,011;012,796532965
73,content_only_lambda100,p225,p232,005,010,011;012,226284578
73,content_only_lambda100,p225,p232,006,003,011;012,26955968
73,content_only_lambda100,p225,p232,006,009,011;012,1794600585
73,content_only_lambda100,p225,p232,006,010,011;012,750704498
73,content_only_lambda100,p225,p232,007,003,011;012,57582657
73,content_only_lambda100,p225,p232,007,009,011;012,612611880
73,content_only_lambda100,p225,p232,007,010,011;012,1248154620
73,content_only_lambda100,p226,p225,002,003,011;012,589100247
73,content_only_lambda100,p226,p225,002,009,011;012,1264366237
73,content_only_lambda100,p226,p225,002,010,011;012,2051913820
73,content_only_lambda100,p226,p225,004,003,011;012,567914750
73,content_only_lambda100,p226,p225,004,009,011;012,287780200
73,content_only_lambda100,p226,p225,004,010,011;012,242361971
73,content_only_lambda100,p226,p225,005,003,011;012,1145785754
73,content_only_lambda100,p226,p225,005,009,011;012,318912746
73,content_only_lambda100,p226,p225,005,010,011;012,1195557771
73,content_only_lambda100,p226,p225,006,003,011;012,35027949
73,content_only_lambda100,p226,p225,006,009,011;012,1320837420
73,content_only_lambda100,p226,p225,006,010,011;012,1308521102
73,content_only_lambda100,p226,p225,007,003,011;012,1552048930
73,content_only_lambda100,p226,p225,007,009,011;012,503613781
73,content_only_lambda100,p226,p225,007,010,011;012,439723006
73,content_only_lambda100,p226,p228,002,003,011;012,539956591
73,content_only_lambda100,p226,p228,002,009,011;012,776849618
73,content_only_lambda100,p226,p228,002,010,011;012,221534749
73,content_only_lambda100,p226,p228,004,003,011;012,1979922666
73,content_only_lambda100,p226,p228,004,009,011;012,957294083
73,content_only_lambda100,p226,p228,004,010,011;012,347705437
73,content_only_lambda100,p226,p228,005,003,011;012,1619694124
73,content_only_lambda100,p226,p228,005,009,011;012,1610897205
73,content_only_lambda100,p226,p228,005,010,011;012,537319505
73,content_only_lambda100,p226,p228,006,003,011;012,719939181
73,content_only_lambda100,p226,p228,006,009,011;012,2147137717
73,content_only_lambda100,p226,p228,006,010,011;012,933305922
73,content_only_lambda100,p226,p228,007,003,011;012,687331675
73,content_only_lambda100,p226,p228,007,009,011;012,2078488727
73,content_only_lambda100,p226,p228,007,010,011;012,1593312750
73,content_only_lambda100,p226,p232,002,003,011;012,1175120962
73,content_only_lambda100,p226,p232,002,009,011;012,253166038
73,content_only_lambda100,p226,p232,002,010,011;012,2060374136
73,content_only_lambda100,p226,p232,004,003,011;012,1270175112
73,content_only_lambda100,p226,p232,004,009,011;012,130633457
73,content_only_lambda100,p226,p232,004,010,011;012,1740104150
73,content_only_lambda100,p226,p232,005,003,011;012,1142775199
73,content_only_lambda100,p226,p232,005,009,011;012,126251015
73,content_only_lambda100,p226,p232,005,010,011;012,2042818287
73,content_only_lambda100,p226,p232,006,003,011;012,1362806571
73,content_only_lambda100,p226,p232,006,009,011;012,1592469567
73,content_only_lambda100,p226,p232,006,010,011;012,614194874
73,content_only_lambda100,p226,p232,007,003,011;012,1238245419
73,content_only_lambda100,p226,p232,007,009,011;012,987944192
73,content_only_lambda100,p226,p232,007,010,011;012,164952897
73,content_only_lambda100,p228,p225,002,003,011;012,1196510483
73,content_only_lambda100,p228,p225,002,009,011;012,1463243008
73,content_only_lambda100,p228,p225,002,010,011;012,904258586
73,content_only_lambda100,p228,p225,004,003,011;012,1064727712
73,content_only_lambda100,p228,p225,004,009,011;012,1256837027
73,content_only_lambda100,p228,p225,004,010,011;012,1344426277
73,content_only_lambda100,p228,p225,005,003,011;012,558008397
73,content_only_lambda100,p228,p225,005,009,011;012,465635541
73,content_only_lambda100,p228,p225,005,010,011;012,1743432885
73,content_only_lambda100,p228,p225,006,003,011;012,2050832329
73,content_only_lambda100,p228,p225,006,009,011;012,1226600114
73,content_only_lambda100,p228,p225,006,010,011;012,1250322208
73,content_only_lambda100,p228,p225,007,003,011;012,766867303
73,content_only_lambda100,p228,p225,007,009,011;012,325461620
73,content_only_lambda100,p228,p225,007,010,011;012,1936530179
73,content_only_lambda100,p228,p226,002,003,011;012,605393277
73,content_only_lambda100,p228,p226,002,009,011;012,922302112
73,content_only_lambda100,p228,p226,002,010,011;012,2139575440
73,content_only_lambda100,p228,p226,004,003,011;012,1383125866
73,content_only_lambda100,p228,p226,004,009,011;012,1856755006
73,content_only_lambda100,p228,p226,004,010,011;012,474116092
73,content_only_lambda100,p228,p226,005,003,011;012,89860310
73,content_only_lambda100,p228,p226,005,009,011;012,1658480243
73,content_only_lambda100,p228,p226,005,010,011;012,1665144804
73,content_only_lambda100,p228,p226,006,003,011;012,1391943433
73,content_only_lambda100,p228,p226,006,009,011;012,1226293301
73,content_only_lambda100,p228,p226,006,010,011;012,669096339
73,content_only_lambda100,p228,p226,007,003,011;012,1802073634
73,content_only_lambda100,p228,p226,007,009,011;012,1101046468
73,content_only_lambda100,p228,p226,007,010,011;012,82672312
73,content_only_lambda100,p228,p232,002,003,011;012,1943613018
73,content_only_lambda100,p228,p232,002,009,011;012,867802358
73,content_only_lambda100,p228,p232,002,010,011;012,1259587541
73,content_only_lambda100,p228,p232,004,003,011;012,1875175887
73,content_only_lambda100,p228,p232,004,009,011;012,1250861994
73,content_only_lambda100,p228,p232,004,010,011;012,1612440377
73,content_only_lambda100,p228,p232,005,003,011;012,940388156
73,content_only_lambda100,p228,p232,005,009,011;012,1452939636
73,content_only_lambda100,p228,p232,005,010,011;012,1495235433
73,content_only_lambda100,p228,p232,006,003,011;012,1097194679
73,content_only_lambda100,p228,p232,006,009,011;012,2060790420
73,content_only_lambda100,p228,p232,006,010,011;012,985100816
73,content_only_lambda100,p228,p232,007,003,011;012,1445708158
73,content_only_lambda100,p228,p232,007,009,011;012,1242978773
73,content_only_lambda100,p228,p232,007,010,011;012,977748720
73,content_only_lambda100,p232,p225,002,003,011;012,322303171
73,content_only_lambda100,p232,p225,002,009,011;012,1457822977
73,content_only_lambda100,p232,p225,002,010,011;012,956122505
73,content_only_lambda100,p232,p225,004,003,011;012,1174734688
73,content_only_lambda100,p232,p225,004,009,011;012,523408194
73,content_only_lambda100,p232,p225,004,010,011;012,1521545554
73,content_only_lambda100,p232,p225,005,003,011;012,1064141059
73,content_only_lambda100,p232,p225,005,009,011;012,1379210800
73,content_only_lambda100,p232,p225,005,010,011;012,2014920178
73,content_only_lambda100,p232,p225,006,003,011;012,1818355558
73,content_only_lambda100,p232,p225,006,009,011;012,96554416
73,content_only_lambda100,p232,p225,006,010,011;012,297927630
73,content_only_lambda100,p232,p225,007,003,011;012,585649465
73,content_only_lambda100,p232,p225,007,009,011;012,213400237
73,content_only_lambda100,p232,p225,007,010,011;012,1800683193
73,content_only_lambda100,p232,p226,002,003,011;012,2049108797
73,content_only_lambda100,p232,p226,002,009,011;012,1609012774
73,content_only_lambda100,p232,p226,002,010,011;012,726055390
73,content_only_lambda100,p232,p226,004,003,011;012,381784152
73,content_only_lambda100,p232,p226,004,009,011;012,560868724
73,content_only_lambda100,p232,p226,004,010,011;012,1042944546
73,content_only_lambda100,p232,p226,005,003,011;012,209859989
73,content_only_lambda100,p232,p226,005,009,011;012,802840790
73,content_only_lambda100,p232,p226,005,010,011;012,28375202
73,content_only_lambda100,p232,p226,006,003,011;012,270494445
73,content_only_lambda100,p232,p226,006,009,011;012,1766837803
73,content_only_lambda100,p232,p226,006,010,011;012,1239979662
73,content_only_lambda100,p232,p226,007,003,011;012,619873053
73,content_only_lambda100,p232,p226,007,009,011;012,156513062
73,content_only_lambda100,p232,p226,007,010,011;012,1508027745
73,content_only_lambda100,p232,p228,002,003,011;012,1462540989
73,content_only_lambda100,p232,p228,002,009,011;012,1372077173
73,content_only_lambda100,p232,p228,002,010,011;012,1135513773
73,content_only_lambda100,p232,p228,004,003,011;012,470799998
73,content_only_lambda100,p232,p228,004,009,011;012,959054560
73,content_only_lambda100,p232,p228,004,010,011;012,1809721764
73,content_only_lambda100,p232,p228,005,003,011;012,360413215
73,content_only_lambda100,p232,p228,005,009,011;012,458156369
73,content_only_lambda100,p232,p228,005,010,011;012,1328853975
73,content_only_lambda100,p232,p228,006,003,011;012,1254137676
73,content_only_lambda100,p232,p228,006,009,011;012,968566278
73,content_only_lambda100,p232,p228,006,010,011;012,332998680
73,content_only_lambda100,p232,p228,007,003,011;012,182068820
73,content_only_lambda100,p232,p228,007,009,011;012,458972546
73,content_only_lambda100,p232,p228,007,010,011;012,847407186
