metric,seed,source_units,mean_difference,positive_source_units
identity_delta,17,20,0.03473758565054998,15
identity_delta,37,20,0.029016372892591687,17
identity_delta,73,20,-0.011163163516256545,8
robust_content_error,17,20,-0.005432452599971787,10
robust_content_error,37,20,-0.0832297713180066,3
robust_content_error,73,20,-0.03246928452810805,6
wer,17,20,0.30131560705090116,11
wer,37,20,-0.2839844523668053,2
wer,73,20,-0.1214309764309764,6
cer,17,20,0.2911382292860566,12
cer,37,20,-0.27894414393172073,2
cer,73,20,-0.10120308422979263,6
clip_fraction,17,20,0.0,0
clip_fraction,37,20,-1.6846930090097127e-07,0
clip_fraction,73,20,0.0,0
silence_fraction,17,20,-0.01796994307999706,0
silence_fraction,37,20,-0.04687528175589363,0
silence_fraction,73,20,0.0029193883050926068,13
rms_dbfs,17,20,-0.5933716221467413,1
rms_dbfs,37,20,1.2138353833494888,17
rms_dbfs,73,20,-0.9484212031684583,0
peak_dbfs,17,20,0.44177153556328647,15
peak_dbfs,37,20,0.6008655017201482,13
peak_dbfs,73,20,-0.8024880327576721,2
duration_s,17,20,0.0,0
duration_s,37,20,0.0,0
duration_s,73,20,0.0,0
generation_seconds,17,20,-0.06524586343887531,6
generation_seconds,37,20,0.020621665772270877,12
generation_seconds,73,20,0.007695868639095568,11
