seed,source_speaker,source_sentence,metric,difference
17,p225,002,identity_delta,0.06615038712819415
17,p225,004,identity_delta,0.0016747911771138524
17,p225,005,identity_delta,0.0315600633621216
17,p225,006,identity_delta,0.030037244160970034
17,p225,007,identity_delta,0.04624141587151419
17,p226,002,identity_delta,0.035975880093044685
17,p226,004,identity_delta,-0.0010611481136745785
17,p226,005,identity_delta,0.031615700986650265
17,p226,006,identity_delta,0.046943492359585226
17,p226,007,identity_delta,0.00021596087349785853
17,p228,002,identity_delta,0.008553415536880497
17,p228,004,identity_delta,-0.015359580516815186
17,p228,005,identity_delta,-0.004463116327921552
17,p228,006,identity_delta,-0.04100314113828868
17,p228,007,identity_delta,-0.013070854875776519
17,p232,002,identity_delta,0.08712190389633176
17,p232,004,identity_delta,0.1005322006013658
17,p232,005,identity_delta,0.08426531155904131
17,p232,006,identity_delta,0.0645345118310716
17,p232,007,identity_delta,0.13428727454609335
37,p225,002,identity_delta,-0.029245002402199603
37,p225,004,identity_delta,0.04041902555359737
37,p225,005,identity_delta,0.028914637035793708
37,p225,006,identity_delta,-0.05129834678437971
37,p225,007,identity_delta,0.02267673942777844
37,p226,002,identity_delta,0.014885412322150342
37,p226,004,identity_delta,0.05220746994018552
37,p226,005,identity_delta,-0.01360517740249632
37,p226,006,identity_delta,0.002207643455929237
37,p226,007,identity_delta,2.3477607303231767e-05
37,p228,002,identity_delta,0.012392044067382776
37,p228,004,identity_delta,0.029108401801851074
37,p228,005,identity_delta,0.034297105338838375
37,p228,006,identity_delta,0.005725463231404624
37,p228,007,identity_delta,0.04111607207192313
37,p232,002,identity_delta,0.1225439177619086
37,p232,004,identity_delta,0.023491177293989425
37,p232,005,identity_delta,0.10957677496804126
37,p232,006,identity_delta,0.09507244163089328
37,p232,007,identity_delta,0.03981818093193905
73,p225,002,identity_delta,-0.01843510733710398
73,p225,004,identity_delta,-0.03554396828015646
73,p225,005,identity_delta,0.02594904104868572
73,p225,006,identity_delta,-0.027114729086558046
73,p225,007,identity_delta,0.025654352373547004
73,p226,002,identity_delta,0.016234596570332868
73,p226,004,identity_delta,0.007756127251519102
73,p226,005,identity_delta,-0.03773427671856349
73,p226,006,identity_delta,0.005102773507436141
73,p226,007,identity_delta,0.00848822461234196
73,p228,002,identity_delta,-0.024830145968331233
73,p228,004,identity_delta,-0.011379135979546436
73,p228,005,identity_delta,-0.04227344857321846
73,p228,006,identity_delta,-0.019364933172861722
73,p228,007,identity_delta,-0.032726615667343154
73,p232,002,identity_delta,-0.062129921383327895
73,p232,004,identity_delta,-0.019129719999101392
73,p232,005,identity_delta,-0.019408212767706986
73,p232,006,identity_delta,0.018090320958031553
73,p232,007,identity_delta,0.019531508286794032
17,p225,002,robust_content_error,-0.010101010101010104
17,p225,004,robust_content_error,0.037037037037037014
17,p225,005,robust_content_error,0.01111111111111112
17,p225,006,robust_content_error,-0.030216917684948368
17,p225,007,robust_content_error,0.03703703703703703
17,p226,002,robust_content_error,-0.05050505050505052
17,p226,004,robust_content_error,0.1371794871794872
17,p226,005,robust_content_error,-0.00555555555555556
17,p226,006,robust_content_error,0.032679738562091463
17,p226,007,robust_content_error,0.037037037037037056
17,p228,002,robust_content_error,-0.09090909090909094
17,p228,004,robust_content_error,-0.05113960113960118
17,p228,005,robust_content_error,-0.03888888888888889
17,p228,006,robust_content_error,0.019607843137254888
17,p228,007,robust_content_error,-0.10185185185185186
17,p232,002,robust_content_error,0.060606060606060615
17,p232,004,robust_content_error,0.05911680911680913
17,p232,005,robust_content_error,0.016666666666666656
17,p232,006,robust_content_error,-0.08496732026143793
17,p232,007,robust_content_error,-0.09259259259259259
37,p225,002,robust_content_error,-0.25252525252525254
37,p225,004,robust_content_error,-0.08148148148148146
37,p225,005,robust_content_error,-0.01666666666666668
37,p225,006,robust_content_error,-0.026143790849673207
37,p225,007,robust_content_error,-0.08333333333333336
37,p226,002,robust_content_error,0.01010101010101011
37,p226,004,robust_content_error,-0.15427350427350428
37,p226,005,robust_content_error,-0.09444444444444443
37,p226,006,robust_content_error,-0.09150326797385622
37,p226,007,robust_content_error,-0.12962962962962965
37,p228,002,robust_content_error,-0.0303030303030303
37,p228,004,robust_content_error,-0.011965811965811979
37,p228,005,robust_content_error,-0.05555555555555555
37,p228,006,robust_content_error,-0.2875816993464052
37,p228,007,robust_content_error,-0.1574074074074074
37,p232,002,robust_content_error,0.010101010101010123
37,p232,004,robust_content_error,-0.08148148148148149
37,p232,005,robust_content_error,-0.07222222222222224
37,p232,006,robust_content_error,0.006535947712418302
37,p232,007,robust_content_error,-0.0648148148148148
73,p225,002,robust_content_error,-0.020202020202020214
73,p225,004,robust_content_error,-0.06225071225071224
73,p225,005,robust_content_error,0.05555555555555555
73,p225,006,robust_content_error,-0.1111111111111111
73,p225,007,robust_content_error,0.055555555555555546
73,p226,002,robust_content_error,-0.14141414141414144
73,p226,004,robust_content_error,-0.05868945868945863
73,p226,005,robust_content_error,0.07777777777777778
73,p226,006,robust_content_error,-0.05228758169934639
73,p226,007,robust_content_error,-0.017195767195767223
73,p228,002,robust_content_error,-0.030303030303030314
73,p228,004,robust_content_error,-0.18034188034188034
73,p228,005,robust_content_error,-0.06666666666666668
73,p228,006,robust_content_error,-0.052287581699346414
73,p228,007,robust_content_error,0.009259259259259252
73,p232,002,robust_content_error,-0.020202020202020183
73,p232,004,robust_content_error,-0.12336182336182334
73,p232,005,robust_content_error,0.08333333333333336
73,p232,006,robust_content_error,-0.01307189542483658
73,p232,007,robust_content_error,0.018518518518518504
17,p225,002,wer,-0.010101010101010104
17,p225,004,wer,0.029629629629629586
17,p225,005,wer,-0.04444444444444443
17,p225,006,wer,-0.0196078431372549
17,p225,007,wer,1.9351851851851853
17,p226,002,wer,-0.0606060606060606
17,p226,004,wer,0.1333333333333333
17,p226,005,wer,1.15
17,p226,006,wer,0.915032679738562
17,p226,007,wer,0.05555555555555558
17,p228,002,wer,-0.12121212121212126
17,p228,004,wer,-0.06666666666666674
17,p228,005,wer,2.3111111111111113
17,p228,006,wer,0.02614379084967319
17,p228,007,wer,-0.09259259259259262
17,p232,002,wer,0.060606060606060615
17,p232,004,wer,0.059259259259259296
17,p232,005,wer,0.022222222222222216
17,p232,006,wer,-0.11764705882352944
17,p232,007,wer,-0.1388888888888889
37,p225,002,wer,-0.26262626262626265
37,p225,004,wer,-0.08148148148148146
37,p225,005,wer,1.4833333333333334
37,p225,006,wer,-0.09803921568627454
37,p225,007,wer,-0.1388888888888889
37,p226,002,wer,-3.2525252525252526
37,p226,004,wer,-0.14074074074074072
37,p226,005,wer,-0.10555555555555556
37,p226,006,wer,-0.09803921568627452
37,p226,007,wer,-0.18518518518518523
37,p228,002,wer,-0.0303030303030303
37,p228,004,wer,-1.2335811384723961e-17
37,p228,005,wer,-0.07777777777777778
37,p228,006,wer,-2.1241830065359473
37,p228,007,wer,-0.2777777777777778
37,p232,002,wer,0.010101010101010123
37,p232,004,wer,-0.07407407407407407
37,p232,005,wer,-0.10555555555555557
37,p232,006,wer,0.0
37,p232,007,wer,-0.12037037037037039
73,p225,002,wer,-0.020202020202020214
73,p225,004,wer,-0.05925925925925926
73,p225,005,wer,0.05555555555555555
73,p225,006,wer,-1.9477124183006533
73,p225,007,wer,0.0833333333333333
73,p226,002,wer,-0.16161616161616166
73,p226,004,wer,-0.04444444444444438
73,p226,005,wer,0.07777777777777778
73,p226,006,wer,-0.04575163398692809
73,p226,007,wer,-0.01851851851851853
73,p228,002,wer,-0.030303030303030314
73,p228,004,wer,-0.1851851851851852
73,p228,005,wer,-0.07222222222222224
73,p228,006,wer,-0.09803921568627454
73,p228,007,wer,0.009259259259259252
73,p232,002,wer,-0.020202020202020183
73,p232,004,wer,-0.12592592592592589
73,p232,005,wer,0.08333333333333336
73,p232,006,wer,-0.01960784313725488
73,p232,007,wer,0.1111111111111111
17,p225,002,cer,-0.018087855297157618
17,p225,004,cer,0.09615384615384619
17,p225,005,cer,-0.00813008130081299
17,p225,006,cer,0.027375201288244746
17,p225,007,cer,2.51984126984127
17,p226,002,cer,0.018087855297157635
17,p226,004,cer,0.055555555555555546
17,p226,005,cer,0.5501355013550135
17,p226,006,cer,1.0660225442834137
17,p226,007,cer,-0.029761904761904753
17,p228,002,cer,-0.06459948320413436
17,p228,004,cer,-0.034188034188034185
17,p228,005,cer,1.6558265582655824
17,p228,006,cer,0.05152979066022544
17,p228,007,cer,-0.0952380952380952
17,p232,002,cer,0.03100775193798449
17,p232,004,cer,0.09615384615384616
17,p232,005,cer,0.07859078590785905
17,p232,006,cer,-0.09017713365539454
17,p232,007,cer,-0.08333333333333331
37,p225,002,cer,-0.18087855297157626
37,p225,004,cer,-0.11538461538461539
37,p225,005,cer,1.0907859078590785
37,p225,006,cer,-0.13365539452495975
37,p225,007,cer,-0.14484126984126988
37,p226,002,cer,-2.8940568475452197
37,p226,004,cer,-0.1901709401709402
37,p226,005,cer,-0.10298102981029812
37,p226,006,cer,-0.1465378421900161
37,p226,007,cer,-0.14880952380952384
37,p228,002,cer,-0.03359173126614988
37,p228,004,cer,-0.07692307692307693
37,p228,005,cer,-0.0921409214092141
37,p228,006,cer,-1.780998389694042
37,p228,007,cer,-0.15476190476190477
37,p232,002,cer,0.005167958656330752
37,p232,004,cer,-0.13247863247863248
37,p232,005,cer,-0.10298102981029812
37,p232,006,cer,-0.1384863123993559
37,p232,007,cer,-0.10515873015873015
73,p225,002,cer,0.005167958656330758
73,p225,004,cer,-0.1346153846153846
73,p225,005,cer,0.08672086720867209
73,p225,006,cer,-1.4074074074074072
73,p225,007,cer,-0.02976190476190473
73,p226,002,cer,-0.14728682170542637
73,p226,004,cer,-0.06410256410256411
73,p226,005,cer,0.006775067750677525
73,p226,006,cer,-0.016103059581320425
73,p226,007,cer,1.2335811384723961e-17
73,p228,002,cer,-0.005167958656330752
73,p228,004,cer,-0.094017094017094
73,p228,005,cer,-0.04742547425474254
73,p228,006,cer,-0.1111111111111111
73,p228,007,cer,0.05753968253968253
73,p232,002,cer,-0.03359173126614986
73,p232,004,cer,-0.06837606837606838
73,p232,005,cer,0.08130081300813008
73,p232,006,cer,-0.07085346215780998
73,p232,007,cer,-0.03174603174603177
17,p225,002,clip_fraction,0.0
17,p225,004,clip_fraction,0.0
17,p225,005,clip_fraction,0.0
17,p225,006,clip_fraction,0.0
17,p225,007,clip_fraction,0.0
17,p226,002,clip_fraction,0.0
17,p226,004,clip_fraction,0.0
17,p226,005,clip_fraction,0.0
17,p226,006,clip_fraction,0.0
17,p226,007,clip_fraction,0.0
17,p228,002,clip_fraction,0.0
17,p228,004,clip_fraction,0.0
17,p228,005,clip_fraction,0.0
17,p228,006,clip_fraction,0.0
17,p228,007,clip_fraction,0.0
17,p232,002,clip_fraction,0.0
17,p232,004,clip_fraction,0.0
17,p232,005,clip_fraction,0.0
17,p232,006,clip_fraction,0.0
17,p232,007,clip_fraction,0.0
37,p225,002,clip_fraction,0.0
37,p225,004,clip_fraction,0.0
37,p225,005,clip_fraction,0.0
37,p225,006,clip_fraction,0.0
37,p225,007,clip_fraction,0.0
37,p226,002,clip_fraction,-1.0637935729847493e-06
37,p226,004,clip_fraction,0.0
37,p226,005,clip_fraction,0.0
37,p226,006,clip_fraction,-2.305592445034676e-06
37,p226,007,clip_fraction,0.0
37,p228,002,clip_fraction,0.0
37,p228,004,clip_fraction,0.0
37,p228,005,clip_fraction,0.0
37,p228,006,clip_fraction,0.0
37,p228,007,clip_fraction,0.0
37,p232,002,clip_fraction,0.0
37,p232,004,clip_fraction,0.0
37,p232,005,clip_fraction,0.0
37,p232,006,clip_fraction,0.0
37,p232,007,clip_fraction,0.0
73,p225,002,clip_fraction,0.0
73,p225,004,clip_fraction,0.0
73,p225,005,clip_fraction,0.0
73,p225,006,clip_fraction,0.0
73,p225,007,clip_fraction,0.0
73,p226,002,clip_fraction,0.0
73,p226,004,clip_fraction,0.0
73,p226,005,clip_fraction,0.0
73,p226,006,clip_fraction,0.0
73,p226,007,clip_fraction,0.0
73,p228,002,clip_fraction,0.0
73,p228,004,clip_fraction,0.0
73,p228,005,clip_fraction,0.0
73,p228,006,clip_fraction,0.0
73,p228,007,clip_fraction,0.0
73,p232,002,clip_fraction,0.0
73,p232,004,clip_fraction,0.0
73,p232,005,clip_fraction,0.0
73,p232,006,clip_fraction,0.0
73,p232,007,clip_fraction,0.0
17,p225,002,silence_fraction,-0.022233663642152204
17,p225,004,silence_fraction,-0.008356466212254474
17,p225,005,silence_fraction,-0.011890970986555961
17,p225,006,silence_fraction,-0.01483285064773292
17,p225,007,silence_fraction,-0.02451076193454242
17,p226,002,silence_fraction,-0.014646309912854032
17,p226,004,silence_fraction,-0.02809358157131013
17,p226,005,silence_fraction,-0.017381199353280332
17,p226,006,silence_fraction,-0.015770252324037178
17,p226,007,silence_fraction,-0.020865939760712285
17,p228,002,silence_fraction,-0.037031326145224176
17,p228,004,silence_fraction,-0.039458124652198126
17,p228,005,silence_fraction,-0.02358108813700918
17,p228,006,silence_fraction,-0.012037706356267287
17,p228,007,silence_fraction,-0.021656271656271667
17,p232,002,silence_fraction,-0.0042204923337315564
17,p232,004,silence_fraction,-0.007448916521233251
17,p232,005,silence_fraction,-0.00889097222222223
17,p232,006,silence_fraction,-0.01386228182205194
17,p232,007,silence_fraction,-0.012629685408299859
37,p225,002,silence_fraction,-0.019145723893664437
37,p225,004,silence_fraction,-0.054744759601289945
37,p225,005,silence_fraction,-0.038478647686832734
37,p225,006,silence_fraction,-0.03522956111941538
37,p225,007,silence_fraction,-0.024420373410464866
37,p226,002,silence_fraction,-0.041295402709695
37,p226,004,silence_fraction,-0.05329715355514096
37,p226,005,silence_fraction,-0.050074509116409545
37,p226,006,silence_fraction,-0.03969999631105209
37,p226,007,silence_fraction,-0.04257167617325173
37,p228,002,silence_fraction,-0.0319724278143275
37,p228,004,silence_fraction,-0.057911913374142095
37,p228,005,silence_fraction,-0.05938870614035092
37,p228,006,silence_fraction,-0.05621972617635429
37,p228,007,silence_fraction,-0.05466945310695312
37,p232,002,silence_fraction,-0.054822841995221035
37,p232,004,silence_fraction,-0.06338737092786505
37,p232,005,silence_fraction,-0.04927708333333333
37,p232,006,silence_fraction,-0.05780468417411666
37,p232,007,silence_fraction,-0.05309362449799196
73,p225,002,silence_fraction,0.00404553685132124
73,p225,004,silence_fraction,-0.008109104734681929
73,p225,005,silence_fraction,-0.011732651245551637
73,p225,006,silence_fraction,-0.004870972429828942
73,p225,007,silence_fraction,0.007221310193871128
73,p226,002,silence_fraction,0.006904020288671042
73,p226,004,silence_fraction,0.0014000634846600165
73,p226,005,silence_fraction,-0.004824830528284234
73,p226,006,silence_fraction,0.02008401578869707
73,p226,007,silence_fraction,0.01742052726766835
73,p228,002,silence_fraction,0.01860418189571149
73,p228,004,silence_fraction,0.0029874733351882656
73,p228,005,silence_fraction,-0.008788899331662495
73,p228,006,silence_fraction,0.003549451364175566
73,p228,007,silence_fraction,0.009484544640794627
73,p232,002,silence_fraction,0.007202683193946642
73,p232,004,silence_fraction,-0.0037233220622455124
73,p232,005,silence_fraction,0.0037937499999999968
73,p232,006,silence_fraction,0.0022591062686249663
73,p232,007,silence_fraction,-0.004519118139223516
17,p225,002,rms_dbfs,0.18715490123761291
17,p225,004,rms_dbfs,-0.3089401811040149
17,p225,005,rms_dbfs,-0.18018253232273118
17,p225,006,rms_dbfs,-0.05633410187581392
17,p225,007,rms_dbfs,-0.24531535359927878
17,p226,002,rms_dbfs,-0.6426983995090865
17,p226,004,rms_dbfs,-0.6466407677684501
17,p226,005,rms_dbfs,-0.48703743474441397
17,p226,006,rms_dbfs,-0.7524279871729741
17,p226,007,rms_dbfs,-0.9267797087670151
17,p228,002,rms_dbfs,-0.5097591643134969
17,p228,004,rms_dbfs,-0.48396103365092574
17,p228,005,rms_dbfs,-0.6012428715824755
17,p228,006,rms_dbfs,-0.4387326108317981
17,p228,007,rms_dbfs,-0.6738654596011844
17,p232,002,rms_dbfs,-1.2127734172625455
17,p232,004,rms_dbfs,-0.7793553594382566
17,p232,005,rms_dbfs,-1.1192617189817657
17,p232,006,rms_dbfs,-0.9567229974976479
17,p232,007,rms_dbfs,-1.0325562441485638
37,p225,002,rms_dbfs,-0.6506819420809704
37,p225,004,rms_dbfs,1.5671535141864072
37,p225,005,rms_dbfs,1.686693226128444
37,p225,006,rms_dbfs,0.7040633249949582
37,p225,007,rms_dbfs,1.1743924836101596
37,p226,002,rms_dbfs,-0.5536044718472262
37,p226,004,rms_dbfs,0.22463786563527754
37,p226,005,rms_dbfs,1.2581977591750533
37,p226,006,rms_dbfs,0.017971908900450886
37,p226,007,rms_dbfs,-0.2712745103607277
37,p228,002,rms_dbfs,1.0460107973187551
37,p228,004,rms_dbfs,2.250117591084343
37,p228,005,rms_dbfs,2.909325998709303
37,p228,006,rms_dbfs,1.9034677558688284
37,p228,007,rms_dbfs,2.455806350740726
37,p232,002,rms_dbfs,1.0678119254759832
37,p232,004,rms_dbfs,1.9690187261431842
37,p232,005,rms_dbfs,1.529408698925972
37,p232,006,rms_dbfs,2.182742064699871
37,p232,007,rms_dbfs,1.8054485996809815
73,p225,002,rms_dbfs,-0.7982600073222252
73,p225,004,rms_dbfs,-0.04423259587894574
73,p225,005,rms_dbfs,-0.2729037323944172
73,p225,006,rms_dbfs,-0.7822778516671308
73,p225,007,rms_dbfs,-1.0924912892338225
73,p226,002,rms_dbfs,-2.141409601563632
73,p226,004,rms_dbfs,-0.9336554341832759
73,p226,005,rms_dbfs,-0.7417606441456337
73,p226,006,rms_dbfs,-1.520139781868278
73,p226,007,rms_dbfs,-1.9169406108845588
73,p228,002,rms_dbfs,-2.048358925224152
73,p228,004,rms_dbfs,-1.3609489286274754
73,p228,005,rms_dbfs,-0.9866598945272398
73,p228,006,rms_dbfs,-0.8598025391218975
73,p228,007,rms_dbfs,-1.3541469117313123
73,p232,002,rms_dbfs,-0.8358999601008724
73,p232,004,rms_dbfs,-0.007227679534445031
73,p232,005,rms_dbfs,-0.33549469471994203
73,p232,006,rms_dbfs,-0.5408975331131481
73,p232,007,rms_dbfs,-0.3949154475267645
17,p225,002,peak_dbfs,1.2458026252163035
17,p225,004,peak_dbfs,0.7651361873627559
17,p225,005,peak_dbfs,1.0863338865155878
17,p225,006,peak_dbfs,0.67448624103334
17,p225,007,peak_dbfs,0.517585314246603
17,p226,002,peak_dbfs,0.6519688863067588
17,p226,004,peak_dbfs,0.023334856147609193
17,p226,005,peak_dbfs,-0.24279636137020105
17,p226,006,peak_dbfs,-0.8598661392901482
17,p226,007,peak_dbfs,0.5734585822790552
17,p228,002,peak_dbfs,0.762692713689744
17,p228,004,peak_dbfs,1.8149785137760521
17,p228,005,peak_dbfs,0.38311146739160873
17,p228,006,peak_dbfs,1.047227077590006
17,p228,007,peak_dbfs,0.901474715321573
17,p232,002,peak_dbfs,-0.5504528581817218
17,p232,004,peak_dbfs,0.5722397682891868
17,p232,005,peak_dbfs,-0.9030793419911546
17,p232,006,peak_dbfs,0.6442858857189737
17,p232,007,peak_dbfs,-0.27249130878620204
37,p225,002,peak_dbfs,-1.4697703787671736
37,p225,004,peak_dbfs,0.43985602226566184
37,p225,005,peak_dbfs,1.504452922652951
37,p225,006,peak_dbfs,0.4109152254703925
37,p225,007,peak_dbfs,0.6533621128814201
37,p226,002,peak_dbfs,-1.0370996935901284
37,p226,004,peak_dbfs,-0.0969848024251348
37,p226,005,peak_dbfs,0.5321934256005331
37,p226,006,peak_dbfs,0.35727538214415955
37,p226,007,peak_dbfs,-0.44318181775231735
37,p228,002,peak_dbfs,-0.22401514558446264
37,p228,004,peak_dbfs,1.679355705246743
37,p228,005,peak_dbfs,2.1252591451231178
37,p228,006,peak_dbfs,1.5120383162105981
37,p228,007,peak_dbfs,1.6903765884026452
37,p232,002,peak_dbfs,-0.20716125152024556
37,p232,004,peak_dbfs,1.4685234833742438
37,p232,005,peak_dbfs,-0.07449819905527072
37,p232,006,peak_dbfs,2.275026438397468
37,p232,007,peak_dbfs,0.9213865553277629
73,p225,002,peak_dbfs,-0.07283578345961968
73,p225,004,peak_dbfs,-0.2080918215654602
73,p225,005,peak_dbfs,-0.9573905449602075
73,p225,006,peak_dbfs,-0.5388688985920552
73,p225,007,peak_dbfs,-1.4742963619749325
73,p226,002,peak_dbfs,-1.8597063141783414
73,p226,004,peak_dbfs,-1.507166616872264
73,p226,005,peak_dbfs,-2.2269332995905455
73,p226,006,peak_dbfs,-1.0699377232546663
73,p226,007,peak_dbfs,-3.21974495084725
73,p228,002,peak_dbfs,0.2833355133725648
73,p228,004,peak_dbfs,-0.4541879024492475
73,p228,005,peak_dbfs,-0.9084964231965666
73,p228,006,peak_dbfs,1.0583080134161027
73,p228,007,peak_dbfs,-0.5764570146917827
73,p232,002,peak_dbfs,-0.24913335416613958
73,p232,004,peak_dbfs,-0.4615704756373044
73,p232,005,peak_dbfs,-0.1480195082955935
73,p232,006,peak_dbfs,-0.736477854464427
73,p232,007,peak_dbfs,-0.7220893337457044
17,p225,002,duration_s,0.0
17,p225,004,duration_s,0.0
17,p225,005,duration_s,0.0
17,p225,006,duration_s,0.0
17,p225,007,duration_s,0.0
17,p226,002,duration_s,0.0
17,p226,004,duration_s,0.0
17,p226,005,duration_s,0.0
17,p226,006,duration_s,0.0
17,p226,007,duration_s,0.0
17,p228,002,duration_s,0.0
17,p228,004,duration_s,0.0
17,p228,005,duration_s,0.0
17,p228,006,duration_s,0.0
17,p228,007,duration_s,0.0
17,p232,002,duration_s,0.0
17,p232,004,duration_s,0.0
17,p232,005,duration_s,0.0
17,p232,006,duration_s,0.0
17,p232,007,duration_s,0.0
37,p225,002,duration_s,0.0
37,p225,004,duration_s,0.0
37,p225,005,duration_s,0.0
37,p225,006,duration_s,0.0
37,p225,007,duration_s,0.0
37,p226,002,duration_s,0.0
37,p226,004,duration_s,0.0
37,p226,005,duration_s,0.0
37,p226,006,duration_s,0.0
37,p226,007,duration_s,0.0
37,p228,002,duration_s,0.0
37,p228,004,duration_s,0.0
37,p228,005,duration_s,0.0
37,p228,006,duration_s,0.0
37,p228,007,duration_s,0.0
37,p232,002,duration_s,0.0
37,p232,004,duration_s,0.0
37,p232,005,duration_s,0.0
37,p232,006,duration_s,0.0
37,p232,007,duration_s,0.0
73,p225,002,duration_s,0.0
73,p225,004,duration_s,0.0
73,p225,005,duration_s,0.0
73,p225,006,duration_s,0.0
73,p225,007,duration_s,0.0
73,p226,002,duration_s,0.0
73,p226,004,duration_s,0.0
73,p226,005,duration_s,0.0
73,p226,006,duration_s,0.0
73,p226,007,duration_s,0.0
73,p228,002,duration_s,0.0
73,p228,004,duration_s,0.0
73,p228,005,duration_s,0.0
73,p228,006,duration_s,0.0
73,p228,007,duration_s,0.0
73,p232,002,duration_s,0.0
73,p232,004,duration_s,0.0
73,p232,005,duration_s,0.0
73,p232,006,duration_s,0.0
73,p232,007,duration_s,0.0
17,p225,002,generation_seconds,-0.28669422800001254
17,p225,004,generation_seconds,-0.3958815438889032
17,p225,005,generation_seconds,-0.2690828832220904
17,p225,006,generation_seconds,0.1449398462221632
17,p225,007,generation_seconds,-0.049126694666748745
17,p226,002,generation_seconds,-0.019965413777804822
17,p226,004,generation_seconds,-0.028780864333384868
17,p226,005,generation_seconds,-0.06231259522206164
17,p226,006,generation_seconds,-0.08893771922238417
17,p226,007,generation_seconds,-0.08064069944447895
17,p228,002,generation_seconds,-0.04166500133343693
17,p228,004,generation_seconds,-0.060226077444314775
17,p228,005,generation_seconds,-0.04149576788891965
17,p228,006,generation_seconds,0.0011618283333524697
17,p228,007,generation_seconds,0.0020586431110641477
17,p232,002,generation_seconds,0.019752027000069776
17,p232,004,generation_seconds,0.012996173444611693
17,p232,005,generation_seconds,0.008332452333535103
17,p232,006,generation_seconds,-0.02363574544450743
17,p232,007,generation_seconds,-0.04571300533325484
37,p225,002,generation_seconds,-0.004669435222442391
37,p225,004,generation_seconds,-0.01704176088888845
37,p225,005,generation_seconds,0.029117472000305098
37,p225,006,generation_seconds,0.009540994111375569
37,p225,007,generation_seconds,-0.020152851888977433
37,p226,002,generation_seconds,0.05194067633349025
37,p226,004,generation_seconds,0.06760664544425647
37,p226,005,generation_seconds,0.062417447444406214
37,p226,006,generation_seconds,0.11554296777760224
37,p226,007,generation_seconds,0.08015579755586523
37,p228,002,generation_seconds,0.020190286666851718
37,p228,004,generation_seconds,0.017180617666781473
37,p228,005,generation_seconds,0.03940444144457938
37,p228,006,generation_seconds,0.02623137311113371
37,p228,007,generation_seconds,0.02152195733318231
37,p232,002,generation_seconds,-0.013335133444141216
37,p232,004,generation_seconds,-0.01886786699995153
37,p232,005,generation_seconds,-0.022213672888533945
37,p232,006,generation_seconds,-0.028916577222338685
37,p232,007,generation_seconds,-0.0032200628891385146
73,p225,002,generation_seconds,-0.002028094888576051
73,p225,004,generation_seconds,-0.02435889711058634
73,p225,005,generation_seconds,-0.02815661177757869
73,p225,006,generation_seconds,-0.01996958755545306
73,p225,007,generation_seconds,0.016801793221828336
73,p226,002,generation_seconds,0.032780906667539966
73,p226,004,generation_seconds,0.02749620433355145
73,p226,005,generation_seconds,0.000815491000038588
73,p226,006,generation_seconds,-0.0017826911112523744
73,p226,007,generation_seconds,0.05557360155600913
73,p228,002,generation_seconds,0.009592468556042948
73,p228,004,generation_seconds,-0.004179027777757977
73,p228,005,generation_seconds,-0.011537411110718388
73,p228,006,generation_seconds,-0.020645502666108467
73,p228,007,generation_seconds,-0.010802640777708797
73,p232,002,generation_seconds,0.004596525222344401
73,p232,004,generation_seconds,0.007429558555587591
73,p232,005,generation_seconds,0.030291722222197177
73,p232,006,generation_seconds,0.0481802207777946
73,p232,007,generation_seconds,0.04381934544471733
