metric,source_speaker,seed_source_units,mean_difference
identity_delta,p225,15,0.010509369549927882
identity_delta,p226,15,0.011283743823016138
identity_delta,p228,15,-0.0048852313447881645
identity_delta,p232,15,0.05321317800769098
robust_content_error,p225,15,-0.0331823999939942
robust_content_error,p226,15,-0.03338155671489005
robust_content_error,p228,15,-0.07508899959880352
robust_content_error,p232,15,-0.019855721620427494
wer,p225,15,0.060311612860632455
wer,p226,15,-0.11875222816399293
wer,p228,15,-0.05531656433617215
wer,p232,15,-0.025042582689641508
cer,p225,15,0.11021883899349029
cer,p226,15,-0.13621560062902638
cer,p228,15,-0.05501781621722931
cer,p232,15,-0.03766408731451026
clip_fraction,p225,15,0.0
clip_fraction,p226,15,-2.2462573453462835e-07
clip_fraction,p228,15,0.0
clip_fraction,p232,15,0.0
silence_fraction,p225,15,-0.01781931069998503
silence_fraction,p226,15,-0.01884748163242207
silence_fraction,p228,15,-0.024539332776992728
silence_fraction,p232,15,-0.021361656931664287
rms_dbfs,p225,15,0.05918919084521545
rms_dbfs,p226,15,-0.6689041212736327
rms_dbfs,p228,15,0.08315001030066659
rms_dbfs,p232,15,0.08928833084013606
peak_dbfs,p225,15,0.17177844988837113
peak_dbfs,p226,15,-0.6950124391128587
peak_dbfs,p228,15,0.7396667522412462
peak_dbfs,p232,15,0.10376590968425813
duration_s,p225,15,0.0
duration_s,p226,15,0.0
duration_s,p228,15,0.0
duration_s,p232,15,0.0
generation_seconds,p225,15,-0.06111749890363901
generation_seconds,p226,15,0.014127317000092846
generation_seconds,p228,15,-0.0035473208517317885
generation_seconds,p232,15,0.0012997307185994345
