unit_id,src,tgt,mid_a,mid_b,source_sentence,intermediate_reference_sentence,anchor_reference_sentence,alternate_reference_sentence,anchor_seed,alternate_seed,first_a_seed,first_b_seed,second_a_b_seed,second_b_a_seed,final_seed
p236_to_p239__s002,p236,p239,p259,p263,002,003,009,010,20260926,20260927,20260928,20260929,20260930,20260931,20260926
p236_to_p239__s004,p236,p239,p259,p263,004,003,009,010,20260936,20260937,20260938,20260939,20260940,20260941,20260936
p236_to_p239__s005,p236,p239,p259,p263,005,003,009,010,20260946,20260947,20260948,20260949,20260950,20260951,20260946
p236_to_p239__s006,p236,p239,p259,p263,006,003,009,010,20260956,20260957,20260958,20260959,20260960,20260961,20260956
p236_to_p239__s007,p236,p239,p259,p263,007,003,009,010,20260966,20260967,20260968,20260969,20260970,20260971,20260966
p236_to_p259__s002,p236,p259,p239,p263,002,003,009,010,20261926,20261927,20261928,20261929,20261930,20261931,20261926
p236_to_p259__s004,p236,p259,p239,p263,004,003,009,010,20261936,20261937,20261938,20261939,20261940,20261941,20261936
p236_to_p259__s005,p236,p259,p239,p263,005,003,009,010,20261946,20261947,20261948,20261949,20261950,20261951,20261946
p236_to_p259__s006,p236,p259,p239,p263,006,003,009,010,20261956,20261957,20261958,20261959,20261960,20261961,20261956
p236_to_p259__s007,p236,p259,p239,p263,007,003,009,010,20261966,20261967,20261968,20261969,20261970,20261971,20261966
p236_to_p263__s002,p236,p263,p239,p259,002,003,009,010,20262926,20262927,20262928,20262929,20262930,20262931,20262926
p236_to_p263__s004,p236,p263,p239,p259,004,003,009,010,20262936,20262937,20262938,20262939,20262940,20262941,20262936
p236_to_p263__s005,p236,p263,p239,p259,005,003,009,010,20262946,20262947,20262948,20262949,20262950,20262951,20262946
p236_to_p263__s006,p236,p263,p239,p259,006,003,009,010,20262956,20262957,20262958,20262959,20262960,20262961,20262956
p236_to_p263__s007,p236,p263,p239,p259,007,003,009,010,20262966,20262967,20262968,20262969,20262970,20262971,20262966
p239_to_p236__s002,p239,p236,p259,p263,002,003,009,010,20263926,20263927,20263928,20263929,20263930,20263931,20263926
p239_to_p236__s004,p239,p236,p259,p263,004,003,009,010,20263936,20263937,20263938,20263939,20263940,20263941,20263936
p239_to_p236__s005,p239,p236,p259,p263,005,003,009,010,20263946,20263947,20263948,20263949,20263950,20263951,20263946
p239_to_p236__s006,p239,p236,p259,p263,006,003,009,010,20263956,20263957,20263958,20263959,20263960,20263961,20263956
p239_to_p236__s007,p239,p236,p259,p263,007,003,009,010,20263966,20263967,20263968,20263969,20263970,20263971,20263966
p239_to_p259__s002,p239,p259,p236,p263,002,003,009,010,20264926,20264927,20264928,20264929,20264930,20264931,20264926
p239_to_p259__s004,p239,p259,p236,p263,004,003,009,010,20264936,20264937,20264938,20264939,20264940,20264941,20264936
p239_to_p259__s005,p239,p259,p236,p263,005,003,009,010,20264946,20264947,20264948,20264949,20264950,20264951,20264946
p239_to_p259__s006,p239,p259,p236,p263,006,003,009,010,20264956,20264957,20264958,20264959,20264960,20264961,20264956
p239_to_p259__s007,p239,p259,p236,p263,007,003,009,010,20264966,20264967,20264968,20264969,20264970,20264971,20264966
p239_to_p263__s002,p239,p263,p236,p259,002,003,009,010,20265926,20265927,20265928,20265929,20265930,20265931,20265926
p239_to_p263__s004,p239,p263,p236,p259,004,003,009,010,20265936,20265937,20265938,20265939,20265940,20265941,20265936
p239_to_p263__s005,p239,p263,p236,p259,005,003,009,010,20265946,20265947,20265948,20265949,20265950,20265951,20265946
p239_to_p263__s006,p239,p263,p236,p259,006,003,009,010,20265956,20265957,20265958,20265959,20265960,20265961,20265956
p239_to_p263__s007,p239,p263,p236,p259,007,003,009,010,20265966,20265967,20265968,20265969,20265970,20265971,20265966
p259_to_p236__s002,p259,p236,p239,p263,002,003,009,010,20266926,20266927,20266928,20266929,20266930,20266931,20266926
p259_to_p236__s004,p259,p236,p239,p263,004,003,009,010,20266936,20266937,20266938,20266939,20266940,20266941,20266936
p259_to_p236__s005,p259,p236,p239,p263,005,003,009,010,20266946,20266947,20266948,20266949,20266950,20266951,20266946
p259_to_p236__s006,p259,p236,p239,p263,006,003,009,010,20266956,20266957,20266958,20266959,20266960,20266961,20266956
p259_to_p236__s007,p259,p236,p239,p263,007,003,009,010,20266966,20266967,20266968,20266969,20266970,20266971,20266966
p259_to_p239__s002,p259,p239,p236,p263,002,003,009,010,20267926,20267927,20267928,20267929,20267930,20267931,20267926
p259_to_p239__s004,p259,p239,p236,p263,004,003,009,010,20267936,20267937,20267938,20267939,20267940,20267941,20267936
p259_to_p239__s005,p259,p239,p236,p263,005,003,009,010,20267946,20267947,20267948,20267949,20267950,20267951,20267946
p259_to_p239__s006,p259,p239,p236,p263,006,003,009,010,20267956,20267957,20267958,20267959,20267960,20267961,20267956
p259_to_p239__s007,p259,p239,p236,p263,007,003,009,010,20267966,20267967,20267968,20267969,20267970,20267971,20267966
p259_to_p263__s002,p259,p263,p236,p239,002,003,009,010,20268926,20268927,20268928,20268929,20268930,20268931,20268926
p259_to_p263__s004,p259,p263,p236,p239,004,003,009,010,20268936,20268937,20268938,20268939,20268940,20268941,20268936
p259_to_p263__s005,p259,p263,p236,p239,005,003,009,010,20268946,20268947,20268948,20268949,20268950,20268951,20268946
p259_to_p263__s006,p259,p263,p236,p239,006,003,009,010,20268956,20268957,20268958,20268959,20268960,20268961,20268956
p259_to_p263__s007,p259,p263,p236,p239,007,003,009,010,20268966,20268967,20268968,20268969,20268970,20268971,20268966
p263_to_p236__s002,p263,p236,p239,p259,002,003,009,010,20269926,20269927,20269928,20269929,20269930,20269931,20269926
p263_to_p236__s004,p263,p236,p239,p259,004,003,009,010,20269936,20269937,20269938,20269939,20269940,20269941,20269936
p263_to_p236__s005,p263,p236,p239,p259,005,003,009,010,20269946,20269947,20269948,20269949,20269950,20269951,20269946
p263_to_p236__s006,p263,p236,p239,p259,006,003,009,010,20269956,20269957,20269958,20269959,20269960,20269961,20269956
p263_to_p236__s007,p263,p236,p239,p259,007,003,009,010,20269966,20269967,20269968,20269969,20269970,20269971,20269966
p263_to_p239__s002,p263,p239,p236,p259,002,003,009,010,20270926,20270927,20270928,20270929,20270930,20270931,20270926
p263_to_p239__s004,p263,p239,p236,p259,004,003,009,010,20270936,20270937,20270938,20270939,20270940,20270941,20270936
p263_to_p239__s005,p263,p239,p236,p259,005,003,009,010,20270946,20270947,20270948,20270949,20270950,20270951,20270946
p263_to_p239__s006,p263,p239,p236,p259,006,003,009,010,20270956,20270957,20270958,20270959,20270960,20270961,20270956
p263_to_p239__s007,p263,p239,p236,p259,007,003,009,010,20270966,20270967,20270968,20270969,20270970,20270971,20270966
p263_to_p259__s002,p263,p259,p236,p239,002,003,009,010,20271926,20271927,20271928,20271929,20271930,20271931,20271926
p263_to_p259__s004,p263,p259,p236,p239,004,003,009,010,20271936,20271937,20271938,20271939,20271940,20271941,20271936
p263_to_p259__s005,p263,p259,p236,p239,005,003,009,010,20271946,20271947,20271948,20271949,20271950,20271951,20271946
p263_to_p259__s006,p263,p259,p236,p239,006,003,009,010,20271956,20271957,20271958,20271959,20271960,20271961,20271956
p263_to_p259__s007,p263,p259,p236,p239,007,003,009,010,20271966,20271967,20271968,20271969,20271970,20271971,20271966
