src,tgt,source_idx,ref_idx,alpha,word_edits,wer,char_edits,cer
p236,original,1,0,-1.0,0,0.0,0,0.0
p236,p239,1,1,0.0,3,0.2727272727272727,6,0.13953488372093023
p236,p239,1,2,0.0,0,0.0,0,0.0
p236,p239,1,3,0.0,0,0.0,0,0.0
p236,p239,1,1,0.25,2,0.18181818181818182,5,0.11627906976744186
p236,p239,1,2,0.25,2,0.18181818181818182,4,0.09302325581395349
p236,p239,1,3,0.25,0,0.0,0,0.0
p236,p239,1,1,0.5,2,0.18181818181818182,5,0.11627906976744186
p236,p239,1,2,0.5,0,0.0,0,0.0
p236,p239,1,3,0.5,1,0.09090909090909091,2,0.046511627906976744
p236,p239,1,1,0.75,2,0.18181818181818182,5,0.11627906976744186
p236,p239,1,2,0.75,0,0.0,0,0.0
p236,p239,1,3,0.75,2,0.18181818181818182,4,0.09302325581395349
p236,p239,1,1,1.0,2,0.18181818181818182,5,0.11627906976744186
p236,p239,1,2,1.0,0,0.0,0,0.0
p236,p239,1,3,1.0,1,0.09090909090909091,2,0.046511627906976744
p236,p259,1,1,0.0,3,0.2727272727272727,6,0.13953488372093023
p236,p259,1,2,0.0,1,0.09090909090909091,2,0.046511627906976744
p236,p259,1,3,0.0,1,0.09090909090909091,2,0.046511627906976744
p236,p259,1,1,0.25,3,0.2727272727272727,6,0.13953488372093023
p236,p259,1,2,0.25,1,0.09090909090909091,2,0.046511627906976744
p236,p259,1,3,0.25,1,0.09090909090909091,2,0.046511627906976744
p236,p259,1,1,0.5,1,0.09090909090909091,2,0.046511627906976744
p236,p259,1,2,0.5,1,0.09090909090909091,2,0.046511627906976744
p236,p259,1,3,0.5,1,0.09090909090909091,2,0.046511627906976744
p236,p259,1,1,0.75,1,0.09090909090909091,2,0.046511627906976744
p236,p259,1,2,0.75,1,0.09090909090909091,2,0.046511627906976744
p236,p259,1,3,0.75,1,0.09090909090909091,2,0.046511627906976744
p236,p259,1,1,1.0,1,0.09090909090909091,2,0.046511627906976744
p236,p259,1,2,1.0,1,0.09090909090909091,2,0.046511627906976744
p236,p259,1,3,1.0,1,0.09090909090909091,2,0.046511627906976744
p236,p263,1,1,0.0,3,0.2727272727272727,8,0.18604651162790697
p236,p263,1,2,0.0,2,0.18181818181818182,5,0.11627906976744186
p236,p263,1,3,0.0,1,0.09090909090909091,3,0.06976744186046512
p236,p263,1,1,0.25,4,0.36363636363636365,13,0.3023255813953488
p236,p263,1,2,0.25,2,0.18181818181818182,5,0.11627906976744186
p236,p263,1,3,0.25,1,0.09090909090909091,3,0.06976744186046512
p236,p263,1,1,0.5,6,0.5454545454545454,14,0.32558139534883723
p236,p263,1,2,0.5,0,0.0,0,0.0
p236,p263,1,3,0.5,1,0.09090909090909091,3,0.06976744186046512
p236,p263,1,1,0.75,5,0.45454545454545453,15,0.3488372093023256
p236,p263,1,2,0.75,2,0.18181818181818182,5,0.11627906976744186
p236,p263,1,3,0.75,1,0.09090909090909091,3,0.06976744186046512
p236,p263,1,1,1.0,0,0.0,0,0.0
p236,p263,1,2,1.0,0,0.0,0,0.0
p236,p263,1,3,1.0,1,0.09090909090909091,3,0.06976744186046512
p236,original,2,0,-1.0,2,0.1,6,0.075
p236,p239,2,1,0.0,7,0.35,24,0.3
p236,p239,2,2,0.0,5,0.25,17,0.2125
p236,p239,2,3,0.0,7,0.35,25,0.3125
p236,p239,2,1,0.25,9,0.45,32,0.4
p236,p239,2,2,0.25,5,0.25,17,0.2125
p236,p239,2,3,0.25,5,0.25,18,0.225
p236,p239,2,1,0.5,7,0.35,26,0.325
p236,p239,2,2,0.5,5,0.25,17,0.2125
p236,p239,2,3,0.5,7,0.35,22,0.275
p236,p239,2,1,0.75,7,0.35,26,0.325
p236,p239,2,2,0.75,5,0.25,17,0.2125
p236,p239,2,3,0.75,10,0.5,31,0.3875
p236,p239,2,1,1.0,7,0.35,21,0.2625
p236,p239,2,2,1.0,6,0.3,20,0.25
p236,p239,2,3,1.0,10,0.5,30,0.375
p236,p259,2,1,0.0,9,0.45,26,0.325
p236,p259,2,2,0.0,10,0.5,31,0.3875
p236,p259,2,3,0.0,12,0.6,31,0.3875
p236,p259,2,1,0.25,11,0.55,32,0.4
p236,p259,2,2,0.25,7,0.35,23,0.2875
p236,p259,2,3,0.25,14,0.7,35,0.4375
p236,p259,2,1,0.5,11,0.55,33,0.4125
p236,p259,2,2,0.5,7,0.35,23,0.2875
p236,p259,2,3,0.5,11,0.55,31,0.3875
p236,p259,2,1,0.75,11,0.55,33,0.4125
p236,p259,2,2,0.75,7,0.35,23,0.2875
p236,p259,2,3,0.75,14,0.7,35,0.4375
p236,p259,2,1,1.0,11,0.55,33,0.4125
p236,p259,2,2,1.0,8,0.4,24,0.3
p236,p259,2,3,1.0,14,0.7,35,0.4375
p236,p263,2,1,0.0,9,0.45,29,0.3625
p236,p263,2,2,0.0,7,0.35,25,0.3125
p236,p263,2,3,0.0,11,0.55,34,0.425
p236,p263,2,1,0.25,14,0.7,41,0.5125
p236,p263,2,2,0.25,7,0.35,25,0.3125
p236,p263,2,3,0.25,14,0.7,35,0.4375
p236,p263,2,1,0.5,15,0.75,45,0.5625
p236,p263,2,2,0.5,6,0.3,23,0.2875
p236,p263,2,3,0.5,14,0.7,41,0.5125
p236,p263,2,1,0.75,11,0.55,33,0.4125
p236,p263,2,2,0.75,6,0.3,23,0.2875
p236,p263,2,3,0.75,14,0.7,41,0.5125
p236,p263,2,1,1.0,12,0.6,34,0.425
p236,p263,2,2,1.0,6,0.3,23,0.2875
p236,p263,2,3,1.0,15,0.75,39,0.4875
p236,original,3,0,-1.0,0,0.0,0,0.0
p236,p239,3,1,0.0,1,0.06666666666666667,2,0.038461538461538464
p236,p239,3,2,0.0,1,0.06666666666666667,1,0.019230769230769232
p236,p239,3,3,0.0,1,0.06666666666666667,2,0.038461538461538464
p236,p239,3,1,0.25,1,0.06666666666666667,2,0.038461538461538464
p236,p239,3,2,0.25,1,0.06666666666666667,1,0.019230769230769232
p236,p239,3,3,0.25,1,0.06666666666666667,2,0.038461538461538464
p236,p239,3,1,0.5,2,0.13333333333333333,3,0.057692307692307696
p236,p239,3,2,0.5,1,0.06666666666666667,2,0.038461538461538464
p236,p239,3,3,0.5,1,0.06666666666666667,2,0.038461538461538464
p236,p239,3,1,0.75,2,0.13333333333333333,3,0.057692307692307696
p236,p239,3,2,0.75,1,0.06666666666666667,2,0.038461538461538464
p236,p239,3,3,0.75,1,0.06666666666666667,2,0.038461538461538464
p236,p239,3,1,1.0,2,0.13333333333333333,3,0.057692307692307696
p236,p239,3,2,1.0,1,0.06666666666666667,2,0.038461538461538464
p236,p239,3,3,1.0,1,0.06666666666666667,2,0.038461538461538464
p236,p259,3,1,0.0,2,0.13333333333333333,3,0.057692307692307696
p236,p259,3,2,0.0,1,0.06666666666666667,2,0.038461538461538464
p236,p259,3,3,0.0,2,0.13333333333333333,3,0.057692307692307696
p236,p259,3,1,0.25,2,0.13333333333333333,3,0.057692307692307696
p236,p259,3,2,0.25,1,0.06666666666666667,2,0.038461538461538464
p236,p259,3,3,0.25,2,0.13333333333333333,3,0.057692307692307696
p236,p259,3,1,0.5,2,0.13333333333333333,3,0.057692307692307696
p236,p259,3,2,0.5,1,0.06666666666666667,2,0.038461538461538464
p236,p259,3,3,0.5,2,0.13333333333333333,3,0.057692307692307696
p236,p259,3,1,0.75,2,0.13333333333333333,3,0.057692307692307696
p236,p259,3,2,0.75,1,0.06666666666666667,2,0.038461538461538464
p236,p259,3,3,0.75,2,0.13333333333333333,3,0.057692307692307696
p236,p259,3,1,1.0,2,0.13333333333333333,3,0.057692307692307696
p236,p259,3,2,1.0,1,0.06666666666666667,2,0.038461538461538464
p236,p259,3,3,1.0,2,0.13333333333333333,3,0.057692307692307696
p236,p263,3,1,0.0,2,0.13333333333333333,4,0.07692307692307693
p236,p263,3,2,0.0,2,0.13333333333333333,4,0.07692307692307693
p236,p263,3,3,0.0,3,0.2,7,0.1346153846153846
p236,p263,3,1,0.25,2,0.13333333333333333,4,0.07692307692307693
p236,p263,3,2,0.25,2,0.13333333333333333,4,0.07692307692307693
p236,p263,3,3,0.25,3,0.2,7,0.1346153846153846
p236,p263,3,1,0.5,2,0.13333333333333333,4,0.07692307692307693
p236,p263,3,2,0.5,2,0.13333333333333333,4,0.07692307692307693
p236,p263,3,3,0.5,3,0.2,7,0.1346153846153846
p236,p263,3,1,0.75,2,0.13333333333333333,4,0.07692307692307693
p236,p263,3,2,0.75,2,0.13333333333333333,4,0.07692307692307693
p236,p263,3,3,0.75,3,0.2,7,0.1346153846153846
p236,p263,3,1,1.0,2,0.13333333333333333,4,0.07692307692307693
p236,p263,3,2,1.0,2,0.13333333333333333,4,0.07692307692307693
p236,p263,3,3,1.0,3,0.2,7,0.1346153846153846
p236,original,4,0,-1.0,0,0.0,0,0.0
p236,p239,4,1,0.0,6,0.3,21,0.25609756097560976
p236,p239,4,2,0.0,13,0.65,33,0.4024390243902439
p236,p239,4,3,0.0,3,0.15,10,0.12195121951219512
p236,p239,4,1,0.25,5,0.25,12,0.14634146341463414
p236,p239,4,2,0.25,14,0.7,37,0.45121951219512196
p236,p239,4,3,0.25,5,0.25,18,0.21951219512195122
p236,p239,4,1,0.5,5,0.25,12,0.14634146341463414
p236,p239,4,2,0.5,14,0.7,36,0.43902439024390244
p236,p239,4,3,0.5,5,0.25,15,0.18292682926829268
p236,p239,4,1,0.75,7,0.35,19,0.23170731707317074
p236,p239,4,2,0.75,5,0.25,12,0.14634146341463414
p236,p239,4,3,0.75,5,0.25,14,0.17073170731707318
p236,p239,4,1,1.0,5,0.25,12,0.14634146341463414
p236,p239,4,2,1.0,6,0.3,14,0.17073170731707318
p236,p239,4,3,1.0,6,0.3,16,0.1951219512195122
p236,p259,4,1,0.0,7,0.35,14,0.17073170731707318
p236,p259,4,2,0.0,6,0.3,17,0.2073170731707317
p236,p259,4,3,0.0,7,0.35,23,0.2804878048780488
p236,p259,4,1,0.25,9,0.45,19,0.23170731707317074
p236,p259,4,2,0.25,8,0.4,21,0.25609756097560976
p236,p259,4,3,0.25,7,0.35,23,0.2804878048780488
p236,p259,4,1,0.5,6,0.3,14,0.17073170731707318
p236,p259,4,2,0.5,8,0.4,22,0.2682926829268293
p236,p259,4,3,0.5,11,0.55,31,0.3780487804878049
p236,p259,4,1,0.75,6,0.3,15,0.18292682926829268
p236,p259,4,2,0.75,8,0.4,22,0.2682926829268293
p236,p259,4,3,0.75,10,0.5,29,0.35365853658536583
p236,p259,4,1,1.0,6,0.3,15,0.18292682926829268
p236,p259,4,2,1.0,8,0.4,22,0.2682926829268293
p236,p259,4,3,1.0,10,0.5,29,0.35365853658536583
p236,p263,4,1,0.0,7,0.35,16,0.1951219512195122
p236,p263,4,2,0.0,5,0.25,13,0.15853658536585366
p236,p263,4,3,0.0,5,0.25,14,0.17073170731707318
p236,p263,4,1,0.25,7,0.35,16,0.1951219512195122
p236,p263,4,2,0.25,7,0.35,18,0.21951219512195122
p236,p263,4,3,0.25,5,0.25,14,0.17073170731707318
p236,p263,4,1,0.5,8,0.4,19,0.23170731707317074
p236,p263,4,2,0.5,6,0.3,14,0.17073170731707318
p236,p263,4,3,0.5,6,0.3,15,0.18292682926829268
p236,p263,4,1,0.75,8,0.4,19,0.23170731707317074
p236,p263,4,2,0.75,5,0.25,13,0.15853658536585366
p236,p263,4,3,0.75,4,0.2,11,0.13414634146341464
p236,p263,4,1,1.0,7,0.35,19,0.23170731707317074
p236,p263,4,2,1.0,5,0.25,13,0.15853658536585366
p236,p263,4,3,1.0,5,0.25,14,0.17073170731707318
p236,original,5,0,-1.0,0,0.0,0,0.0
p236,p239,5,1,0.0,5,0.29411764705882354,10,0.14492753623188406
p236,p239,5,2,0.0,2,0.11764705882352941,3,0.043478260869565216
p236,p239,5,3,0.0,2,0.11764705882352941,3,0.043478260869565216
p236,p239,5,1,0.25,3,0.17647058823529413,8,0.11594202898550725
p236,p239,5,2,0.25,3,0.17647058823529413,6,0.08695652173913043
p236,p239,5,3,0.25,2,0.11764705882352941,3,0.043478260869565216
p236,p239,5,1,0.5,4,0.23529411764705882,8,0.11594202898550725
p236,p239,5,2,0.5,5,0.29411764705882354,6,0.08695652173913043
p236,p239,5,3,0.5,2,0.11764705882352941,3,0.043478260869565216
p236,p239,5,1,0.75,6,0.35294117647058826,12,0.17391304347826086
p236,p239,5,2,0.75,5,0.29411764705882354,6,0.08695652173913043
p236,p239,5,3,0.75,0,0.0,0,0.0
p236,p239,5,1,1.0,0,0.0,0,0.0
p236,p239,5,2,1.0,5,0.29411764705882354,8,0.11594202898550725
p236,p239,5,3,1.0,0,0.0,0,0.0
p236,p259,5,1,0.0,8,0.47058823529411764,9,0.13043478260869565
p236,p259,5,2,0.0,13,0.7647058823529411,20,0.2898550724637681
p236,p259,5,3,0.0,8,0.47058823529411764,13,0.18840579710144928
p236,p259,5,1,0.25,9,0.5294117647058824,9,0.13043478260869565
p236,p259,5,2,0.25,13,0.7647058823529411,16,0.2318840579710145
p236,p259,5,3,0.25,8,0.47058823529411764,13,0.18840579710144928
p236,p259,5,1,0.5,10,0.5882352941176471,10,0.14492753623188406
p236,p259,5,2,0.5,13,0.7647058823529411,16,0.2318840579710145
p236,p259,5,3,0.5,8,0.47058823529411764,13,0.18840579710144928
p236,p259,5,1,0.75,9,0.5294117647058824,14,0.2028985507246377
p236,p259,5,2,0.75,13,0.7647058823529411,16,0.2318840579710145
p236,p259,5,3,0.75,8,0.47058823529411764,13,0.18840579710144928
p236,p259,5,1,1.0,9,0.5294117647058824,14,0.2028985507246377
p236,p259,5,2,1.0,13,0.7647058823529411,16,0.2318840579710145
p236,p259,5,3,1.0,8,0.47058823529411764,13,0.18840579710144928
p236,p263,5,1,0.0,8,0.47058823529411764,16,0.2318840579710145
p236,p263,5,2,0.0,9,0.5294117647058824,18,0.2608695652173913
p236,p263,5,3,0.0,4,0.23529411764705882,10,0.14492753623188406
p236,p263,5,1,0.25,6,0.35294117647058826,14,0.2028985507246377
p236,p263,5,2,0.25,9,0.5294117647058824,19,0.2753623188405797
p236,p263,5,3,0.25,4,0.23529411764705882,9,0.13043478260869565
p236,p263,5,1,0.5,6,0.35294117647058826,12,0.17391304347826086
p236,p263,5,2,0.5,5,0.29411764705882354,5,0.07246376811594203
p236,p263,5,3,0.5,3,0.17647058823529413,8,0.11594202898550725
p236,p263,5,1,0.75,6,0.35294117647058826,11,0.15942028985507245
p236,p263,5,2,0.75,5,0.29411764705882354,5,0.07246376811594203
p236,p263,5,3,0.75,6,0.35294117647058826,16,0.2318840579710145
p236,p263,5,1,1.0,6,0.35294117647058826,10,0.14492753623188406
p236,p263,5,2,1.0,5,0.29411764705882354,5,0.07246376811594203
p236,p263,5,3,1.0,5,0.29411764705882354,12,0.17391304347826086
p239,original,1,0,-1.0,0,0.0,0,0.0
p239,p236,1,1,0.0,0,0.0,0,0.0
p239,p236,1,2,0.0,3,1.0,6,0.375
p239,p236,1,3,0.0,0,0.0,0,0.0
p239,p236,1,1,0.25,0,0.0,0,0.0
p239,p236,1,2,0.25,3,1.0,6,0.375
p239,p236,1,3,0.25,2,0.6666666666666666,5,0.3125
p239,p236,1,1,0.5,0,0.0,0,0.0
p239,p236,1,2,0.5,3,1.0,6,0.375
p239,p236,1,3,0.5,2,0.6666666666666666,5,0.3125
p239,p236,1,1,0.75,0,0.0,0,0.0
p239,p236,1,2,0.75,3,1.0,6,0.375
p239,p236,1,3,0.75,3,1.0,9,0.5625
p239,p236,1,1,1.0,3,1.0,6,0.375
p239,p236,1,2,1.0,3,1.0,8,0.5
p239,p236,1,3,1.0,3,1.0,9,0.5625
p239,p259,1,1,0.0,0,0.0,0,0.0
p239,p259,1,2,0.0,0,0.0,0,0.0
p239,p259,1,3,0.0,0,0.0,0,0.0
p239,p259,1,1,0.25,0,0.0,0,0.0
p239,p259,1,2,0.25,0,0.0,0,0.0
p239,p259,1,3,0.25,0,0.0,0,0.0
p239,p259,1,1,0.5,0,0.0,0,0.0
p239,p259,1,2,0.5,0,0.0,0,0.0
p239,p259,1,3,0.5,0,0.0,0,0.0
p239,p259,1,1,0.75,0,0.0,0,0.0
p239,p259,1,2,0.75,0,0.0,0,0.0
p239,p259,1,3,0.75,0,0.0,0,0.0
p239,p259,1,1,1.0,0,0.0,0,0.0
p239,p259,1,2,1.0,0,0.0,0,0.0
p239,p259,1,3,1.0,0,0.0,0,0.0
p239,p263,1,1,0.0,2,0.6666666666666666,6,0.375
p239,p263,1,2,0.0,2,0.6666666666666666,6,0.375
p239,p263,1,3,0.0,2,0.6666666666666666,4,0.25
p239,p263,1,1,0.25,2,0.6666666666666666,6,0.375
p239,p263,1,2,0.25,2,0.6666666666666666,6,0.375
p239,p263,1,3,0.25,2,0.6666666666666666,4,0.25
p239,p263,1,1,0.5,2,0.6666666666666666,6,0.375
p239,p263,1,2,0.5,2,0.6666666666666666,6,0.375
p239,p263,1,3,0.5,2,0.6666666666666666,4,0.25
p239,p263,1,1,0.75,2,0.6666666666666666,6,0.375
p239,p263,1,2,0.75,2,0.6666666666666666,6,0.375
p239,p263,1,3,0.75,1,0.3333333333333333,3,0.1875
p239,p263,1,1,1.0,2,0.6666666666666666,6,0.375
p239,p263,1,2,1.0,2,0.6666666666666666,6,0.375
p239,p263,1,3,1.0,2,0.6666666666666666,6,0.375
p239,original,2,0,-1.0,0,0.0,0,0.0
p239,p236,2,1,0.0,5,0.45454545454545453,10,0.23255813953488372
p239,p236,2,2,0.0,4,0.36363636363636365,12,0.27906976744186046
p239,p236,2,3,0.0,3,0.2727272727272727,7,0.16279069767441862
p239,p236,2,1,0.25,3,0.2727272727272727,7,0.16279069767441862
p239,p236,2,2,0.25,4,0.36363636363636365,12,0.27906976744186046
p239,p236,2,3,0.25,5,0.45454545454545453,15,0.3488372093023256
p239,p236,2,1,0.5,3,0.2727272727272727,7,0.16279069767441862
p239,p236,2,2,0.5,4,0.36363636363636365,12,0.27906976744186046
p239,p236,2,3,0.5,4,0.36363636363636365,11,0.2558139534883721
p239,p236,2,1,0.75,5,0.45454545454545453,7,0.16279069767441862
p239,p236,2,2,0.75,4,0.36363636363636365,12,0.27906976744186046
p239,p236,2,3,0.75,5,0.45454545454545453,13,0.3023255813953488
p239,p236,2,1,1.0,3,0.2727272727272727,7,0.16279069767441862
p239,p236,2,2,1.0,4,0.36363636363636365,12,0.27906976744186046
p239,p236,2,3,1.0,4,0.36363636363636365,10,0.23255813953488372
p239,p259,2,1,0.0,4,0.36363636363636365,8,0.18604651162790697
p239,p259,2,2,0.0,5,0.45454545454545453,7,0.16279069767441862
p239,p259,2,3,0.0,6,0.5454545454545454,9,0.20930232558139536
p239,p259,2,1,0.25,4,0.36363636363636365,8,0.18604651162790697
p239,p259,2,2,0.25,5,0.45454545454545453,7,0.16279069767441862
p239,p259,2,3,0.25,6,0.5454545454545454,9,0.20930232558139536
p239,p259,2,1,0.5,4,0.36363636363636365,8,0.18604651162790697
p239,p259,2,2,0.5,4,0.36363636363636365,6,0.13953488372093023
p239,p259,2,3,0.5,6,0.5454545454545454,9,0.20930232558139536
p239,p259,2,1,0.75,4,0.36363636363636365,8,0.18604651162790697
p239,p259,2,2,0.75,4,0.36363636363636365,6,0.13953488372093023
p239,p259,2,3,0.75,6,0.5454545454545454,9,0.20930232558139536
p239,p259,2,1,1.0,4,0.36363636363636365,8,0.18604651162790697
p239,p259,2,2,1.0,4,0.36363636363636365,6,0.13953488372093023
p239,p259,2,3,1.0,6,0.5454545454545454,9,0.20930232558139536
p239,p263,2,1,0.0,2,0.18181818181818182,4,0.09302325581395349
p239,p263,2,2,0.0,2,0.18181818181818182,6,0.13953488372093023
p239,p263,2,3,0.0,4,0.36363636363636365,11,0.2558139534883721
p239,p263,2,1,0.25,2,0.18181818181818182,4,0.09302325581395349
p239,p263,2,2,0.25,2,0.18181818181818182,6,0.13953488372093023
p239,p263,2,3,0.25,2,0.18181818181818182,6,0.13953488372093023
p239,p263,2,1,0.5,3,0.2727272727272727,5,0.11627906976744186
p239,p263,2,2,0.5,2,0.18181818181818182,7,0.16279069767441862
p239,p263,2,3,0.5,4,0.36363636363636365,11,0.2558139534883721
p239,p263,2,1,0.75,3,0.2727272727272727,7,0.16279069767441862
p239,p263,2,2,0.75,2,0.18181818181818182,6,0.13953488372093023
p239,p263,2,3,0.75,3,0.2727272727272727,7,0.16279069767441862
p239,p263,2,1,1.0,3,0.2727272727272727,7,0.16279069767441862
p239,p263,2,2,1.0,2,0.18181818181818182,6,0.13953488372093023
p239,p263,2,3,1.0,4,0.36363636363636365,8,0.18604651162790697
p239,original,3,0,-1.0,2,0.1,7,0.0875
p239,p236,3,1,0.0,8,0.4,25,0.3125
p239,p236,3,2,0.0,9,0.45,27,0.3375
p239,p236,3,3,0.0,6,0.3,17,0.2125
p239,p236,3,1,0.25,8,0.4,25,0.3125
p239,p236,3,2,0.25,9,0.45,22,0.275
p239,p236,3,3,0.25,7,0.35,20,0.25
p239,p236,3,1,0.5,10,0.5,29,0.3625
p239,p236,3,2,0.5,10,0.5,27,0.3375
p239,p236,3,3,0.5,8,0.4,23,0.2875
p239,p236,3,1,0.75,8,0.4,22,0.275
p239,p236,3,2,0.75,9,0.45,30,0.375
p239,p236,3,3,0.75,8,0.4,23,0.2875
p239,p236,3,1,1.0,6,0.3,16,0.2
p239,p236,3,2,1.0,10,0.5,29,0.3625
p239,p236,3,3,1.0,7,0.35,23,0.2875
p239,p259,3,1,0.0,10,0.5,27,0.3375
p239,p259,3,2,0.0,12,0.6,34,0.425
p239,p259,3,3,0.0,13,0.65,34,0.425
p239,p259,3,1,0.25,9,0.45,26,0.325
p239,p259,3,2,0.25,13,0.65,36,0.45
p239,p259,3,3,0.25,9,0.45,24,0.3
p239,p259,3,1,0.5,9,0.45,26,0.325
p239,p259,3,2,0.5,13,0.65,37,0.4625
p239,p259,3,3,0.5,10,0.5,29,0.3625
p239,p259,3,1,0.75,11,0.55,26,0.325
p239,p259,3,2,0.75,13,0.65,37,0.4625
p239,p259,3,3,0.75,10,0.5,26,0.325
p239,p259,3,1,1.0,14,0.7,31,0.3875
p239,p259,3,2,1.0,13,0.65,37,0.4625
p239,p259,3,3,1.0,9,0.45,23,0.2875
p239,p263,3,1,0.0,11,0.55,30,0.375
p239,p263,3,2,0.0,11,0.55,28,0.35
p239,p263,3,3,0.0,12,0.6,33,0.4125
p239,p263,3,1,0.25,12,0.6,36,0.45
p239,p263,3,2,0.25,12,0.6,29,0.3625
p239,p263,3,3,0.25,11,0.55,27,0.3375
p239,p263,3,1,0.5,11,0.55,30,0.375
p239,p263,3,2,0.5,12,0.6,29,0.3625
p239,p263,3,3,0.5,12,0.6,29,0.3625
p239,p263,3,1,0.75,9,0.45,22,0.275
p239,p263,3,2,0.75,13,0.65,31,0.3875
p239,p263,3,3,0.75,13,0.65,35,0.4375
p239,p263,3,1,1.0,9,0.45,22,0.275
p239,p263,3,2,1.0,13,0.65,31,0.3875
p239,p263,3,3,1.0,14,0.7,38,0.475
p239,original,4,0,-1.0,0,0.0,0,0.0
p239,p236,4,1,0.0,5,0.3333333333333333,8,0.15384615384615385
p239,p236,4,2,0.0,3,0.2,8,0.15384615384615385
p239,p236,4,3,0.0,3,0.2,8,0.15384615384615385
p239,p236,4,1,0.25,3,0.2,6,0.11538461538461539
p239,p236,4,2,0.25,3,0.2,6,0.11538461538461539
p239,p236,4,3,0.25,3,0.2,8,0.15384615384615385
p239,p236,4,1,0.5,5,0.3333333333333333,8,0.15384615384615385
p239,p236,4,2,0.5,3,0.2,6,0.11538461538461539
p239,p236,4,3,0.5,3,0.2,8,0.15384615384615385
p239,p236,4,1,0.75,3,0.2,6,0.11538461538461539
p239,p236,4,2,0.75,3,0.2,6,0.11538461538461539
p239,p236,4,3,0.75,3,0.2,8,0.15384615384615385
p239,p236,4,1,1.0,5,0.3333333333333333,10,0.19230769230769232
p239,p236,4,2,1.0,3,0.2,6,0.11538461538461539
p239,p236,4,3,1.0,3,0.2,8,0.15384615384615385
p239,p259,4,1,0.0,7,0.4666666666666667,12,0.23076923076923078
p239,p259,4,2,0.0,3,0.2,9,0.17307692307692307
p239,p259,4,3,0.0,4,0.26666666666666666,8,0.15384615384615385
p239,p259,4,1,0.25,5,0.3333333333333333,6,0.11538461538461539
p239,p259,4,2,0.25,3,0.2,7,0.1346153846153846
p239,p259,4,3,0.25,4,0.26666666666666666,11,0.21153846153846154
p239,p259,4,1,0.5,5,0.3333333333333333,6,0.11538461538461539
p239,p259,4,2,0.5,4,0.26666666666666666,7,0.1346153846153846
p239,p259,4,3,0.5,4,0.26666666666666666,11,0.21153846153846154
p239,p259,4,1,0.75,5,0.3333333333333333,6,0.11538461538461539
p239,p259,4,2,0.75,6,0.4,10,0.19230769230769232
p239,p259,4,3,0.75,4,0.26666666666666666,11,0.21153846153846154
p239,p259,4,1,1.0,5,0.3333333333333333,6,0.11538461538461539
p239,p259,4,2,1.0,6,0.4,10,0.19230769230769232
p239,p259,4,3,1.0,4,0.26666666666666666,11,0.21153846153846154
p239,p263,4,1,0.0,8,0.5333333333333333,19,0.36538461538461536
p239,p263,4,2,0.0,5,0.3333333333333333,15,0.28846153846153844
p239,p263,4,3,0.0,7,0.4666666666666667,23,0.4423076923076923
p239,p263,4,1,0.25,8,0.5333333333333333,19,0.36538461538461536
p239,p263,4,2,0.25,7,0.4666666666666667,22,0.4230769230769231
p239,p263,4,3,0.25,7,0.4666666666666667,23,0.4423076923076923
p239,p263,4,1,0.5,9,0.6,22,0.4230769230769231
p239,p263,4,2,0.5,7,0.4666666666666667,22,0.4230769230769231
p239,p263,4,3,0.5,4,0.26666666666666666,15,0.28846153846153844
p239,p263,4,1,0.75,9,0.6,22,0.4230769230769231
p239,p263,4,2,0.75,6,0.4,17,0.3269230769230769
p239,p263,4,3,0.75,4,0.26666666666666666,10,0.19230769230769232
p239,p263,4,1,1.0,13,0.8666666666666667,28,0.5384615384615384
p239,p263,4,2,1.0,6,0.4,18,0.34615384615384615
p239,p263,4,3,1.0,3,0.2,10,0.19230769230769232
p239,original,5,0,-1.0,1,0.05,1,0.012195121951219513
p239,p236,5,1,0.0,9,0.45,25,0.3048780487804878
p239,p236,5,2,0.0,11,0.55,34,0.4146341463414634
p239,p236,5,3,0.0,5,0.25,21,0.25609756097560976
p239,p236,5,1,0.25,10,0.5,28,0.34146341463414637
p239,p236,5,2,0.25,12,0.6,34,0.4146341463414634
p239,p236,5,3,0.25,7,0.35,24,0.2926829268292683
p239,p236,5,1,0.5,8,0.4,27,0.32926829268292684
p239,p236,5,2,0.5,12,0.6,34,0.4146341463414634
p239,p236,5,3,0.5,7,0.35,24,0.2926829268292683
p239,p236,5,1,0.75,8,0.4,27,0.32926829268292684
p239,p236,5,2,0.75,11,0.55,35,0.4268292682926829
p239,p236,5,3,0.75,7,0.35,24,0.2926829268292683
p239,p236,5,1,1.0,10,0.5,30,0.36585365853658536
p239,p236,5,2,1.0,11,0.55,35,0.4268292682926829
p239,p236,5,3,1.0,6,0.3,21,0.25609756097560976
p239,p259,5,1,0.0,6,0.3,23,0.2804878048780488
p239,p259,5,2,0.0,5,0.25,21,0.25609756097560976
p239,p259,5,3,0.0,5,0.25,20,0.24390243902439024
p239,p259,5,1,0.25,6,0.3,24,0.2926829268292683
p239,p259,5,2,0.25,5,0.25,21,0.25609756097560976
p239,p259,5,3,0.25,5,0.25,20,0.24390243902439024
p239,p259,5,1,0.5,5,0.25,21,0.25609756097560976
p239,p259,5,2,0.5,5,0.25,21,0.25609756097560976
p239,p259,5,3,0.5,5,0.25,20,0.24390243902439024
p239,p259,5,1,0.75,5,0.25,21,0.25609756097560976
p239,p259,5,2,0.75,5,0.25,21,0.25609756097560976
p239,p259,5,3,0.75,5,0.25,20,0.24390243902439024
p239,p259,5,1,1.0,5,0.25,21,0.25609756097560976
p239,p259,5,2,1.0,5,0.25,21,0.25609756097560976
p239,p259,5,3,1.0,5,0.25,20,0.24390243902439024
p239,p263,5,1,0.0,8,0.4,28,0.34146341463414637
p239,p263,5,2,0.0,7,0.35,25,0.3048780487804878
p239,p263,5,3,0.0,8,0.4,23,0.2804878048780488
p239,p263,5,1,0.25,7,0.35,28,0.34146341463414637
p239,p263,5,2,0.25,7,0.35,25,0.3048780487804878
p239,p263,5,3,0.25,8,0.4,23,0.2804878048780488
p239,p263,5,1,0.5,7,0.35,28,0.34146341463414637
p239,p263,5,2,0.5,7,0.35,25,0.3048780487804878
p239,p263,5,3,0.5,8,0.4,23,0.2804878048780488
p239,p263,5,1,0.75,7,0.35,26,0.3170731707317073
p239,p263,5,2,0.75,7,0.35,25,0.3048780487804878
p239,p263,5,3,0.75,7,0.35,28,0.34146341463414637
p239,p263,5,1,1.0,8,0.4,28,0.34146341463414637
p239,p263,5,2,1.0,7,0.35,25,0.3048780487804878
p239,p263,5,3,1.0,8,0.4,20,0.24390243902439024
p259,original,1,0,-1.0,0,0.0,0,0.0
p259,p236,1,1,0.0,0,0.0,0,0.0
p259,p236,1,2,0.0,0,0.0,0,0.0
p259,p236,1,3,0.0,0,0.0,0,0.0
p259,p236,1,1,0.25,0,0.0,0,0.0
p259,p236,1,2,0.25,0,0.0,0,0.0
p259,p236,1,3,0.25,0,0.0,0,0.0
p259,p236,1,1,0.5,0,0.0,0,0.0
p259,p236,1,2,0.5,0,0.0,0,0.0
p259,p236,1,3,0.5,0,0.0,0,0.0
p259,p236,1,1,0.75,0,0.0,0,0.0
p259,p236,1,2,0.75,0,0.0,0,0.0
p259,p236,1,3,0.75,0,0.0,0,0.0
p259,p236,1,1,1.0,0,0.0,0,0.0
p259,p236,1,2,1.0,0,0.0,0,0.0
p259,p236,1,3,1.0,0,0.0,0,0.0
p259,p239,1,1,0.0,1,0.3333333333333333,3,0.1875
p259,p239,1,2,0.0,0,0.0,0,0.0
p259,p239,1,3,0.0,0,0.0,0,0.0
p259,p239,1,1,0.25,1,0.3333333333333333,3,0.1875
p259,p239,1,2,0.25,0,0.0,0,0.0
p259,p239,1,3,0.25,0,0.0,0,0.0
p259,p239,1,1,0.5,1,0.3333333333333333,3,0.1875
p259,p239,1,2,0.5,0,0.0,0,0.0
p259,p239,1,3,0.5,0,0.0,0,0.0
p259,p239,1,1,0.75,0,0.0,0,0.0
p259,p239,1,2,0.75,0,0.0,0,0.0
p259,p239,1,3,0.75,0,0.0,0,0.0
p259,p239,1,1,1.0,0,0.0,0,0.0
p259,p239,1,2,1.0,0,0.0,0,0.0
p259,p239,1,3,1.0,0,0.0,0,0.0
p259,p263,1,1,0.0,1,0.3333333333333333,3,0.1875
p259,p263,1,2,0.0,1,0.3333333333333333,3,0.1875
p259,p263,1,3,0.0,1,0.3333333333333333,3,0.1875
p259,p263,1,1,0.25,1,0.3333333333333333,3,0.1875
p259,p263,1,2,0.25,1,0.3333333333333333,3,0.1875
p259,p263,1,3,0.25,1,0.3333333333333333,3,0.1875
p259,p263,1,1,0.5,1,0.3333333333333333,3,0.1875
p259,p263,1,2,0.5,1,0.3333333333333333,3,0.1875
p259,p263,1,3,0.5,0,0.0,0,0.0
p259,p263,1,1,0.75,1,0.3333333333333333,3,0.1875
p259,p263,1,2,0.75,1,0.3333333333333333,3,0.1875
p259,p263,1,3,0.75,1,0.3333333333333333,3,0.1875
p259,p263,1,1,1.0,1,0.3333333333333333,3,0.1875
p259,p263,1,2,1.0,1,0.3333333333333333,3,0.1875
p259,p263,1,3,1.0,1,0.3333333333333333,3,0.1875
p259,original,2,0,-1.0,0,0.0,0,0.0
p259,p236,2,1,0.0,4,0.36363636363636365,12,0.27906976744186046
p259,p236,2,2,0.0,3,0.2727272727272727,7,0.16279069767441862
p259,p236,2,3,0.0,1,0.09090909090909091,3,0.06976744186046512
p259,p236,2,1,0.25,5,0.45454545454545453,15,0.3488372093023256
p259,p236,2,2,0.25,3,0.2727272727272727,7,0.16279069767441862
p259,p236,2,3,0.25,1,0.09090909090909091,3,0.06976744186046512
p259,p236,2,1,0.5,5,0.45454545454545453,15,0.3488372093023256
p259,p236,2,2,0.5,3,0.2727272727272727,7,0.16279069767441862
p259,p236,2,3,0.5,1,0.09090909090909091,3,0.06976744186046512
p259,p236,2,1,0.75,4,0.36363636363636365,12,0.27906976744186046
p259,p236,2,2,0.75,3,0.2727272727272727,7,0.16279069767441862
p259,p236,2,3,0.75,1,0.09090909090909091,3,0.06976744186046512
p259,p236,2,1,1.0,1,0.09090909090909091,2,0.046511627906976744
p259,p236,2,2,1.0,3,0.2727272727272727,7,0.16279069767441862
p259,p236,2,3,1.0,1,0.09090909090909091,3,0.06976744186046512
p259,p239,2,1,0.0,1,0.09090909090909091,2,0.046511627906976744
p259,p239,2,2,0.0,1,0.09090909090909091,2,0.046511627906976744
p259,p239,2,3,0.0,0,0.0,0,0.0
p259,p239,2,1,0.25,1,0.09090909090909091,2,0.046511627906976744
p259,p239,2,2,0.25,1,0.09090909090909091,2,0.046511627906976744
p259,p239,2,3,0.25,0,0.0,0,0.0
p259,p239,2,1,0.5,1,0.09090909090909091,2,0.046511627906976744
p259,p239,2,2,0.5,1,0.09090909090909091,2,0.046511627906976744
p259,p239,2,3,0.5,0,0.0,0,0.0
p259,p239,2,1,0.75,1,0.09090909090909091,2,0.046511627906976744
p259,p239,2,2,0.75,1,0.09090909090909091,2,0.046511627906976744
p259,p239,2,3,0.75,1,0.09090909090909091,2,0.046511627906976744
p259,p239,2,1,1.0,1,0.09090909090909091,2,0.046511627906976744
p259,p239,2,2,1.0,1,0.09090909090909091,2,0.046511627906976744
p259,p239,2,3,1.0,1,0.09090909090909091,2,0.046511627906976744
p259,p263,2,1,0.0,0,0.0,0,0.0
p259,p263,2,2,0.0,2,0.18181818181818182,3,0.06976744186046512
p259,p263,2,3,0.0,0,0.0,0,0.0
p259,p263,2,1,0.25,0,0.0,0,0.0
p259,p263,2,2,0.25,2,0.18181818181818182,3,0.06976744186046512
p259,p263,2,3,0.25,0,0.0,0,0.0
p259,p263,2,1,0.5,3,0.2727272727272727,7,0.16279069767441862
p259,p263,2,2,0.5,2,0.18181818181818182,4,0.09302325581395349
p259,p263,2,3,0.5,2,0.18181818181818182,8,0.18604651162790697
p259,p263,2,1,0.75,1,0.09090909090909091,3,0.06976744186046512
p259,p263,2,2,0.75,2,0.18181818181818182,4,0.09302325581395349
p259,p263,2,3,0.75,2,0.18181818181818182,8,0.18604651162790697
p259,p263,2,1,1.0,1,0.09090909090909091,3,0.06976744186046512
p259,p263,2,2,1.0,2,0.18181818181818182,4,0.09302325581395349
p259,p263,2,3,1.0,2,0.18181818181818182,8,0.18604651162790697
p259,original,3,0,-1.0,1,0.05,2,0.025
p259,p236,3,1,0.0,4,0.2,10,0.125
p259,p236,3,2,0.0,6,0.3,19,0.2375
p259,p236,3,3,0.0,5,0.25,14,0.175
p259,p236,3,1,0.25,4,0.2,10,0.125
p259,p236,3,2,0.25,6,0.3,22,0.275
p259,p236,3,3,0.25,6,0.3,18,0.225
p259,p236,3,1,0.5,4,0.2,10,0.125
p259,p236,3,2,0.5,6,0.3,22,0.275
p259,p236,3,3,0.5,8,0.4,22,0.275
p259,p236,3,1,0.75,4,0.2,10,0.125
p259,p236,3,2,0.75,6,0.3,22,0.275
p259,p236,3,3,0.75,6,0.3,18,0.225
p259,p236,3,1,1.0,4,0.2,10,0.125
p259,p236,3,2,1.0,6,0.3,22,0.275
p259,p236,3,3,1.0,8,0.4,25,0.3125
p259,p239,3,1,0.0,10,0.5,27,0.3375
p259,p239,3,2,0.0,10,0.5,27,0.3375
p259,p239,3,3,0.0,9,0.45,24,0.3
p259,p239,3,1,0.25,8,0.4,25,0.3125
p259,p239,3,2,0.25,9,0.45,26,0.325
p259,p239,3,3,0.25,5,0.25,16,0.2
p259,p239,3,1,0.5,8,0.4,25,0.3125
p259,p239,3,2,0.5,10,0.5,27,0.3375
p259,p239,3,3,0.5,5,0.25,16,0.2
p259,p239,3,1,0.75,10,0.5,26,0.325
p259,p239,3,2,0.75,7,0.35,23,0.2875
p259,p239,3,3,0.75,9,0.45,23,0.2875
p259,p239,3,1,1.0,12,0.6,27,0.3375
p259,p239,3,2,1.0,10,0.5,30,0.375
p259,p239,3,3,1.0,7,0.35,16,0.2
p259,p263,3,1,0.0,7,0.35,16,0.2
p259,p263,3,2,0.0,5,0.25,18,0.225
p259,p263,3,3,0.0,5,0.25,19,0.2375
p259,p263,3,1,0.25,8,0.4,24,0.3
p259,p263,3,2,0.25,7,0.35,26,0.325
p259,p263,3,3,0.25,5,0.25,19,0.2375
p259,p263,3,1,0.5,8,0.4,25,0.3125
p259,p263,3,2,0.5,7,0.35,23,0.2875
p259,p263,3,3,0.5,5,0.25,19,0.2375
p259,p263,3,1,0.75,8,0.4,25,0.3125
p259,p263,3,2,0.75,7,0.35,27,0.3375
p259,p263,3,3,0.75,5,0.25,19,0.2375
p259,p263,3,1,1.0,8,0.4,25,0.3125
p259,p263,3,2,1.0,7,0.35,27,0.3375
p259,p263,3,3,1.0,6,0.3,16,0.2
p259,original,4,0,-1.0,0,0.0,0,0.0
p259,p236,4,1,0.0,4,0.26666666666666666,6,0.11538461538461539
p259,p236,4,2,0.0,4,0.26666666666666666,6,0.11538461538461539
p259,p236,4,3,0.0,2,0.13333333333333333,3,0.057692307692307696
p259,p236,4,1,0.25,4,0.26666666666666666,6,0.11538461538461539
p259,p236,4,2,0.25,4,0.26666666666666666,6,0.11538461538461539
p259,p236,4,3,0.25,2,0.13333333333333333,3,0.057692307692307696
p259,p236,4,1,0.5,3,0.2,5,0.09615384615384616
p259,p236,4,2,0.5,4,0.26666666666666666,7,0.1346153846153846
p259,p236,4,3,0.5,2,0.13333333333333333,3,0.057692307692307696
p259,p236,4,1,0.75,3,0.2,5,0.09615384615384616
p259,p236,4,2,0.75,4,0.26666666666666666,7,0.1346153846153846
p259,p236,4,3,0.75,3,0.2,4,0.07692307692307693
p259,p236,4,1,1.0,3,0.2,5,0.09615384615384616
p259,p236,4,2,1.0,1,0.06666666666666667,2,0.038461538461538464
p259,p236,4,3,1.0,3,0.2,4,0.07692307692307693
p259,p239,4,1,0.0,2,0.13333333333333333,2,0.038461538461538464
p259,p239,4,2,0.0,2,0.13333333333333333,6,0.11538461538461539
p259,p239,4,3,0.0,1,0.06666666666666667,2,0.038461538461538464
p259,p239,4,1,0.25,2,0.13333333333333333,2,0.038461538461538464
p259,p239,4,2,0.25,2,0.13333333333333333,6,0.11538461538461539
p259,p239,4,3,0.25,1,0.06666666666666667,2,0.038461538461538464
p259,p239,4,1,0.5,2,0.13333333333333333,2,0.038461538461538464
p259,p239,4,2,0.5,2,0.13333333333333333,6,0.11538461538461539
p259,p239,4,3,0.5,1,0.06666666666666667,2,0.038461538461538464
p259,p239,4,1,0.75,2,0.13333333333333333,2,0.038461538461538464
p259,p239,4,2,0.75,2,0.13333333333333333,6,0.11538461538461539
p259,p239,4,3,0.75,1,0.06666666666666667,2,0.038461538461538464
p259,p239,4,1,1.0,3,0.2,6,0.11538461538461539
p259,p239,4,2,1.0,2,0.13333333333333333,6,0.11538461538461539
p259,p239,4,3,1.0,1,0.06666666666666667,2,0.038461538461538464
p259,p263,4,1,0.0,2,0.13333333333333333,3,0.057692307692307696
p259,p263,4,2,0.0,4,0.26666666666666666,6,0.11538461538461539
p259,p263,4,3,0.0,2,0.13333333333333333,5,0.09615384615384616
p259,p263,4,1,0.25,3,0.2,4,0.07692307692307693
p259,p263,4,2,0.25,4,0.26666666666666666,6,0.11538461538461539
p259,p263,4,3,0.25,1,0.06666666666666667,1,0.019230769230769232
p259,p263,4,1,0.5,3,0.2,4,0.07692307692307693
p259,p263,4,2,0.5,4,0.26666666666666666,6,0.11538461538461539
p259,p263,4,3,0.5,3,0.2,5,0.09615384615384616
p259,p263,4,1,0.75,1,0.06666666666666667,1,0.019230769230769232
p259,p263,4,2,0.75,4,0.26666666666666666,6,0.11538461538461539
p259,p263,4,3,0.75,3,0.2,5,0.09615384615384616
p259,p263,4,1,1.0,1,0.06666666666666667,1,0.019230769230769232
p259,p263,4,2,1.0,4,0.26666666666666666,6,0.11538461538461539
p259,p263,4,3,1.0,3,0.2,5,0.09615384615384616
p259,original,5,0,-1.0,2,0.1,4,0.04878048780487805
p259,p236,5,1,0.0,6,0.3,15,0.18292682926829268
p259,p236,5,2,0.0,8,0.4,17,0.2073170731707317
p259,p236,5,3,0.0,5,0.25,14,0.17073170731707318
p259,p236,5,1,0.25,6,0.3,15,0.18292682926829268
p259,p236,5,2,0.25,7,0.35,12,0.14634146341463414
p259,p236,5,3,0.25,5,0.25,8,0.0975609756097561
p259,p236,5,1,0.5,6,0.3,15,0.18292682926829268
p259,p236,5,2,0.5,8,0.4,17,0.2073170731707317
p259,p236,5,3,0.5,6,0.3,15,0.18292682926829268
p259,p236,5,1,0.75,6,0.3,15,0.18292682926829268
p259,p236,5,2,0.75,7,0.35,12,0.14634146341463414
p259,p236,5,3,0.75,6,0.3,17,0.2073170731707317
p259,p236,5,1,1.0,6,0.3,15,0.18292682926829268
p259,p236,5,2,1.0,20,1.0,3554,43.34146341463415
p259,p236,5,3,1.0,8,0.4,17,0.2073170731707317
p259,p239,5,1,0.0,6,0.3,14,0.17073170731707318
p259,p239,5,2,0.0,8,0.4,16,0.1951219512195122
p259,p239,5,3,0.0,4,0.2,7,0.08536585365853659
p259,p239,5,1,0.25,6,0.3,14,0.17073170731707318
p259,p239,5,2,0.25,8,0.4,16,0.1951219512195122
p259,p239,5,3,0.25,6,0.3,12,0.14634146341463414
p259,p239,5,1,0.5,5,0.25,11,0.13414634146341464
p259,p239,5,2,0.5,8,0.4,16,0.1951219512195122
p259,p239,5,3,0.5,7,0.35,15,0.18292682926829268
p259,p239,5,1,0.75,7,0.35,17,0.2073170731707317
p259,p239,5,2,0.75,8,0.4,16,0.1951219512195122
p259,p239,5,3,0.75,7,0.35,15,0.18292682926829268
p259,p239,5,1,1.0,7,0.35,15,0.18292682926829268
p259,p239,5,2,1.0,8,0.4,17,0.2073170731707317
p259,p239,5,3,1.0,6,0.3,11,0.13414634146341464
p259,p263,5,1,0.0,9,0.45,20,0.24390243902439024
p259,p263,5,2,0.0,7,0.35,14,0.17073170731707318
p259,p263,5,3,0.0,7,0.35,16,0.1951219512195122
p259,p263,5,1,0.25,7,0.35,16,0.1951219512195122
p259,p263,5,2,0.25,8,0.4,19,0.23170731707317074
p259,p263,5,3,0.25,7,0.35,16,0.1951219512195122
p259,p263,5,1,0.5,7,0.35,16,0.1951219512195122
p259,p263,5,2,0.5,7,0.35,15,0.18292682926829268
p259,p263,5,3,0.5,7,0.35,16,0.1951219512195122
p259,p263,5,1,0.75,7,0.35,16,0.1951219512195122
p259,p263,5,2,0.75,7,0.35,15,0.18292682926829268
p259,p263,5,3,0.75,7,0.35,16,0.1951219512195122
p259,p263,5,1,1.0,6,0.3,15,0.18292682926829268
p259,p263,5,2,1.0,7,0.35,15,0.18292682926829268
p259,p263,5,3,1.0,7,0.35,16,0.1951219512195122
p263,original,1,0,-1.0,1,0.3333333333333333,1,0.0625
p263,p236,1,1,0.0,0,0.0,0,0.0
p263,p236,1,2,0.0,2,0.6666666666666666,4,0.25
p263,p236,1,3,0.0,2,0.6666666666666666,4,0.25
p263,p236,1,1,0.25,1,0.3333333333333333,3,0.1875
p263,p236,1,2,0.25,2,0.6666666666666666,4,0.25
p263,p236,1,3,0.25,1,0.3333333333333333,3,0.1875
p263,p236,1,1,0.5,1,0.3333333333333333,3,0.1875
p263,p236,1,2,0.5,2,0.6666666666666666,4,0.25
p263,p236,1,3,0.5,1,0.3333333333333333,3,0.1875
p263,p236,1,1,0.75,1,0.3333333333333333,3,0.1875
p263,p236,1,2,0.75,2,0.6666666666666666,4,0.25
p263,p236,1,3,0.75,2,0.6666666666666666,4,0.25
p263,p236,1,1,1.0,1,0.3333333333333333,3,0.1875
p263,p236,1,2,1.0,2,0.6666666666666666,4,0.25
p263,p236,1,3,1.0,2,0.6666666666666666,4,0.25
p263,p239,1,1,0.0,2,0.6666666666666666,5,0.3125
p263,p239,1,2,0.0,2,0.6666666666666666,4,0.25
p263,p239,1,3,0.0,1,0.3333333333333333,2,0.125
p263,p239,1,1,0.25,2,0.6666666666666666,5,0.3125
p263,p239,1,2,0.25,2,0.6666666666666666,4,0.25
p263,p239,1,3,0.25,1,0.3333333333333333,2,0.125
p263,p239,1,1,0.5,1,0.3333333333333333,3,0.1875
p263,p239,1,2,0.5,2,0.6666666666666666,4,0.25
p263,p239,1,3,0.5,1,0.3333333333333333,2,0.125
p263,p239,1,1,0.75,1,0.3333333333333333,4,0.25
p263,p239,1,2,0.75,2,0.6666666666666666,4,0.25
p263,p239,1,3,0.75,1,0.3333333333333333,2,0.125
p263,p239,1,1,1.0,2,0.6666666666666666,4,0.25
p263,p239,1,2,1.0,2,0.6666666666666666,4,0.25
p263,p239,1,3,1.0,2,0.6666666666666666,4,0.25
p263,p259,1,1,0.0,0,0.0,0,0.0
p263,p259,1,2,0.0,1,0.3333333333333333,2,0.125
p263,p259,1,3,0.0,0,0.0,0,0.0
p263,p259,1,1,0.25,0,0.0,0,0.0
p263,p259,1,2,0.25,1,0.3333333333333333,2,0.125
p263,p259,1,3,0.25,0,0.0,0,0.0
p263,p259,1,1,0.5,0,0.0,0,0.0
p263,p259,1,2,0.5,1,0.3333333333333333,2,0.125
p263,p259,1,3,0.5,0,0.0,0,0.0
p263,p259,1,1,0.75,0,0.0,0,0.0
p263,p259,1,2,0.75,1,0.3333333333333333,2,0.125
p263,p259,1,3,0.75,0,0.0,0,0.0
p263,p259,1,1,1.0,0,0.0,0,0.0
p263,p259,1,2,1.0,1,0.3333333333333333,2,0.125
p263,p259,1,3,1.0,1,0.3333333333333333,2,0.125
p263,original,2,0,-1.0,0,0.0,0,0.0
p263,p236,2,1,0.0,5,0.45454545454545453,14,0.32558139534883723
p263,p236,2,2,0.0,8,0.7272727272727273,25,0.5813953488372093
p263,p236,2,3,0.0,9,0.8181818181818182,24,0.5581395348837209
p263,p236,2,1,0.25,5,0.45454545454545453,13,0.3023255813953488
p263,p236,2,2,0.25,8,0.7272727272727273,25,0.5813953488372093
p263,p236,2,3,0.25,9,0.8181818181818182,24,0.5581395348837209
p263,p236,2,1,0.5,5,0.45454545454545453,14,0.32558139534883723
p263,p236,2,2,0.5,9,0.8181818181818182,28,0.6511627906976745
p263,p236,2,3,0.5,7,0.6363636363636364,16,0.37209302325581395
p263,p236,2,1,0.75,8,0.7272727272727273,21,0.4883720930232558
p263,p236,2,2,0.75,8,0.7272727272727273,25,0.5813953488372093
p263,p236,2,3,0.75,7,0.6363636363636364,22,0.5116279069767442
p263,p236,2,1,1.0,8,0.7272727272727273,22,0.5116279069767442
p263,p236,2,2,1.0,8,0.7272727272727273,25,0.5813953488372093
p263,p236,2,3,1.0,9,0.8181818181818182,20,0.46511627906976744
p263,p239,2,1,0.0,5,0.45454545454545453,19,0.4418604651162791
p263,p239,2,2,0.0,10,0.9090909090909091,32,0.7441860465116279
p263,p239,2,3,0.0,6,0.5454545454545454,23,0.5348837209302325
p263,p239,2,1,0.25,6,0.5454545454545454,21,0.4883720930232558
p263,p239,2,2,0.25,8,0.7272727272727273,24,0.5581395348837209
p263,p239,2,3,0.25,11,1.0,34,0.7906976744186046
p263,p239,2,1,0.5,7,0.6363636363636364,27,0.627906976744186
p263,p239,2,2,0.5,10,0.9090909090909091,33,0.7674418604651163
p263,p239,2,3,0.5,8,0.7272727272727273,29,0.6744186046511628
p263,p239,2,1,0.75,7,0.6363636363636364,27,0.627906976744186
p263,p239,2,2,0.75,10,0.9090909090909091,33,0.7674418604651163
p263,p239,2,3,0.75,8,0.7272727272727273,28,0.6511627906976745
p263,p239,2,1,1.0,8,0.7272727272727273,27,0.627906976744186
p263,p239,2,2,1.0,8,0.7272727272727273,28,0.6511627906976745
p263,p239,2,3,1.0,8,0.7272727272727273,24,0.5581395348837209
p263,p259,2,1,0.0,6,0.5454545454545454,21,0.4883720930232558
p263,p259,2,2,0.0,7,0.6363636363636364,23,0.5348837209302325
p263,p259,2,3,0.0,3,0.2727272727272727,10,0.23255813953488372
p263,p259,2,1,0.25,6,0.5454545454545454,20,0.46511627906976744
p263,p259,2,2,0.25,6,0.5454545454545454,18,0.4186046511627907
p263,p259,2,3,0.25,3,0.2727272727272727,10,0.23255813953488372
p263,p259,2,1,0.5,5,0.45454545454545453,20,0.46511627906976744
p263,p259,2,2,0.5,6,0.5454545454545454,18,0.4186046511627907
p263,p259,2,3,0.5,6,0.5454545454545454,21,0.4883720930232558
p263,p259,2,1,0.75,5,0.45454545454545453,19,0.4418604651162791
p263,p259,2,2,0.75,8,0.7272727272727273,24,0.5581395348837209
p263,p259,2,3,0.75,7,0.6363636363636364,21,0.4883720930232558
p263,p259,2,1,1.0,8,0.7272727272727273,26,0.6046511627906976
p263,p259,2,2,1.0,8,0.7272727272727273,24,0.5581395348837209
p263,p259,2,3,1.0,6,0.5454545454545454,21,0.4883720930232558
p263,original,3,0,-1.0,3,0.15,10,0.125
p263,p236,3,1,0.0,10,0.5,22,0.275
p263,p236,3,2,0.0,9,0.45,25,0.3125
p263,p236,3,3,0.0,11,0.55,31,0.3875
p263,p236,3,1,0.25,13,0.65,32,0.4
p263,p236,3,2,0.25,8,0.4,24,0.3
p263,p236,3,3,0.25,13,0.65,36,0.45
p263,p236,3,1,0.5,8,0.4,23,0.2875
p263,p236,3,2,0.5,9,0.45,27,0.3375
p263,p236,3,3,0.5,15,0.75,39,0.4875
p263,p236,3,1,0.75,9,0.45,28,0.35
p263,p236,3,2,0.75,8,0.4,24,0.3
p263,p236,3,3,0.75,12,0.6,24,0.3
p263,p236,3,1,1.0,9,0.45,26,0.325
p263,p236,3,2,1.0,8,0.4,24,0.3
p263,p236,3,3,1.0,8,0.4,21,0.2625
p263,p239,3,1,0.0,6,0.3,19,0.2375
p263,p239,3,2,0.0,5,0.25,16,0.2
p263,p239,3,3,0.0,8,0.4,16,0.2
p263,p239,3,1,0.25,7,0.35,19,0.2375
p263,p239,3,2,0.25,5,0.25,16,0.2
p263,p239,3,3,0.25,7,0.35,14,0.175
p263,p239,3,1,0.5,7,0.35,22,0.275
p263,p239,3,2,0.5,6,0.3,18,0.225
p263,p239,3,3,0.5,8,0.4,17,0.2125
p263,p239,3,1,0.75,8,0.4,17,0.2125
p263,p239,3,2,0.75,6,0.3,18,0.225
p263,p239,3,3,0.75,8,0.4,17,0.2125
p263,p239,3,1,1.0,8,0.4,16,0.2
p263,p239,3,2,1.0,6,0.3,20,0.25
p263,p239,3,3,1.0,8,0.4,16,0.2
p263,p259,3,1,0.0,11,0.55,30,0.375
p263,p259,3,2,0.0,5,0.25,17,0.2125
p263,p259,3,3,0.0,6,0.3,19,0.2375
p263,p259,3,1,0.25,8,0.4,28,0.35
p263,p259,3,2,0.25,5,0.25,15,0.1875
p263,p259,3,3,0.25,6,0.3,18,0.225
p263,p259,3,1,0.5,10,0.5,32,0.4
p263,p259,3,2,0.5,5,0.25,15,0.1875
p263,p259,3,3,0.5,6,0.3,19,0.2375
p263,p259,3,1,0.75,10,0.5,32,0.4
p263,p259,3,2,0.75,5,0.25,15,0.1875
p263,p259,3,3,0.75,6,0.3,19,0.2375
p263,p259,3,1,1.0,11,0.55,34,0.425
p263,p259,3,2,1.0,5,0.25,15,0.1875
p263,p259,3,3,1.0,7,0.35,23,0.2875
p263,original,4,0,-1.0,0,0.0,0,0.0
p263,p236,4,1,0.0,4,0.26666666666666666,14,0.2692307692307692
p263,p236,4,2,0.0,4,0.26666666666666666,13,0.25
p263,p236,4,3,0.0,4,0.26666666666666666,10,0.19230769230769232
p263,p236,4,1,0.25,4,0.26666666666666666,15,0.28846153846153844
p263,p236,4,2,0.25,4,0.26666666666666666,13,0.25
p263,p236,4,3,0.25,4,0.26666666666666666,10,0.19230769230769232
p263,p236,4,1,0.5,4,0.26666666666666666,14,0.2692307692307692
p263,p236,4,2,0.5,4,0.26666666666666666,13,0.25
p263,p236,4,3,0.5,4,0.26666666666666666,10,0.19230769230769232
p263,p236,4,1,0.75,5,0.3333333333333333,13,0.25
p263,p236,4,2,0.75,4,0.26666666666666666,10,0.19230769230769232
p263,p236,4,3,0.75,4,0.26666666666666666,12,0.23076923076923078
p263,p236,4,1,1.0,4,0.26666666666666666,13,0.25
p263,p236,4,2,1.0,5,0.3333333333333333,11,0.21153846153846154
p263,p236,4,3,1.0,5,0.3333333333333333,14,0.2692307692307692
p263,p239,4,1,0.0,5,0.3333333333333333,16,0.3076923076923077
p263,p239,4,2,0.0,6,0.4,19,0.36538461538461536
p263,p239,4,3,0.0,10,0.6666666666666666,25,0.4807692307692308
p263,p239,4,1,0.25,5,0.3333333333333333,15,0.28846153846153844
p263,p239,4,2,0.25,6,0.4,19,0.36538461538461536
p263,p239,4,3,0.25,10,0.6666666666666666,25,0.4807692307692308
p263,p239,4,1,0.5,6,0.4,19,0.36538461538461536
p263,p239,4,2,0.5,6,0.4,19,0.36538461538461536
p263,p239,4,3,0.5,10,0.6666666666666666,23,0.4423076923076923
p263,p239,4,1,0.75,5,0.3333333333333333,15,0.28846153846153844
p263,p239,4,2,0.75,10,0.6666666666666666,26,0.5
p263,p239,4,3,0.75,7,0.4666666666666667,20,0.38461538461538464
p263,p239,4,1,1.0,4,0.26666666666666666,14,0.2692307692307692
p263,p239,4,2,1.0,9,0.6,25,0.4807692307692308
p263,p239,4,3,1.0,7,0.4666666666666667,21,0.40384615384615385
p263,p259,4,1,0.0,7,0.4666666666666667,18,0.34615384615384615
p263,p259,4,2,0.0,7,0.4666666666666667,17,0.3269230769230769
p263,p259,4,3,0.0,7,0.4666666666666667,18,0.34615384615384615
p263,p259,4,1,0.25,7,0.4666666666666667,18,0.34615384615384615
p263,p259,4,2,0.25,7,0.4666666666666667,18,0.34615384615384615
p263,p259,4,3,0.25,7,0.4666666666666667,18,0.34615384615384615
p263,p259,4,1,0.5,7,0.4666666666666667,19,0.36538461538461536
p263,p259,4,2,0.5,7,0.4666666666666667,17,0.3269230769230769
p263,p259,4,3,0.5,7,0.4666666666666667,18,0.34615384615384615
p263,p259,4,1,0.75,7,0.4666666666666667,19,0.36538461538461536
p263,p259,4,2,0.75,8,0.5333333333333333,24,0.46153846153846156
p263,p259,4,3,0.75,7,0.4666666666666667,18,0.34615384615384615
p263,p259,4,1,1.0,7,0.4666666666666667,18,0.34615384615384615
p263,p259,4,2,1.0,7,0.4666666666666667,21,0.40384615384615385
p263,p259,4,3,1.0,7,0.4666666666666667,18,0.34615384615384615
p263,original,5,0,-1.0,3,0.15,10,0.12195121951219512
p263,p236,5,1,0.0,9,0.45,26,0.3170731707317073
p263,p236,5,2,0.0,11,0.55,34,0.4146341463414634
p263,p236,5,3,0.0,20,1.0,3554,43.34146341463415
p263,p236,5,1,0.25,9,0.45,26,0.3170731707317073
p263,p236,5,2,0.25,11,0.55,34,0.4146341463414634
p263,p236,5,3,0.25,223,11.15,434,5.2926829268292686
p263,p236,5,1,0.5,9,0.45,26,0.3170731707317073
p263,p236,5,2,0.5,11,0.55,34,0.4146341463414634
p263,p236,5,3,0.5,20,1.0,3554,43.34146341463415
p263,p236,5,1,0.75,10,0.5,27,0.32926829268292684
p263,p236,5,2,0.75,11,0.55,34,0.4146341463414634
p263,p236,5,3,0.75,20,1.0,3554,43.34146341463415
p263,p236,5,1,1.0,11,0.55,31,0.3780487804878049
p263,p236,5,2,1.0,11,0.55,34,0.4146341463414634
p263,p236,5,3,1.0,20,1.0,3554,43.34146341463415
p263,p239,5,1,0.0,12,0.6,36,0.43902439024390244
p263,p239,5,2,0.0,13,0.65,39,0.47560975609756095
p263,p239,5,3,0.0,14,0.7,34,0.4146341463414634
p263,p239,5,1,0.25,11,0.55,31,0.3780487804878049
p263,p239,5,2,0.25,13,0.65,38,0.4634146341463415
p263,p239,5,3,0.25,12,0.6,31,0.3780487804878049
p263,p239,5,1,0.5,10,0.5,32,0.3902439024390244
p263,p239,5,2,0.5,14,0.7,39,0.47560975609756095
p263,p239,5,3,0.5,16,0.8,37,0.45121951219512196
p263,p239,5,1,0.75,10,0.5,27,0.32926829268292684
p263,p239,5,2,0.75,13,0.65,39,0.47560975609756095
p263,p239,5,3,0.75,17,0.85,42,0.5121951219512195
p263,p239,5,1,1.0,9,0.45,25,0.3048780487804878
p263,p239,5,2,1.0,13,0.65,39,0.47560975609756095
p263,p239,5,3,1.0,16,0.8,38,0.4634146341463415
p263,p259,5,1,0.0,11,0.55,27,0.32926829268292684
p263,p259,5,2,0.0,13,0.65,31,0.3780487804878049
p263,p259,5,3,0.0,14,0.7,36,0.43902439024390244
p263,p259,5,1,0.25,11,0.55,23,0.2804878048780488
p263,p259,5,2,0.25,14,0.7,30,0.36585365853658536
p263,p259,5,3,0.25,14,0.7,36,0.43902439024390244
p263,p259,5,1,0.5,12,0.6,23,0.2804878048780488
p263,p259,5,2,0.5,14,0.7,32,0.3902439024390244
p263,p259,5,3,0.5,14,0.7,36,0.43902439024390244
p263,p259,5,1,0.75,15,0.75,29,0.35365853658536583
p263,p259,5,2,0.75,14,0.7,32,0.3902439024390244
p263,p259,5,3,0.75,12,0.6,31,0.3780487804878049
p263,p259,5,1,1.0,11,0.55,26,0.3170731707317073
p263,p259,5,2,1.0,13,0.65,30,0.36585365853658536
p263,p259,5,3,1.0,13,0.65,31,0.3780487804878049
