src,tgt,source_idx,ref_idx,alpha,delta
p236,p239,1,1,0.0,0.21339845657348633
p236,p239,1,2,0.0,0.21799105405807495
p236,p239,1,3,0.0,0.24446213245391846
p236,p239,2,1,0.0,0.2179868221282959
p236,p239,2,2,0.0,0.23695766925811768
p236,p239,2,3,0.0,0.22221845388412476
p236,p239,3,1,0.0,0.17193657159805298
p236,p239,3,2,0.0,0.19551193714141846
p236,p239,3,3,0.0,0.16733121871948242
p236,p239,4,1,0.0,0.21417737007141113
p236,p239,4,2,0.0,-0.03255051374435425
p236,p239,4,3,0.0,0.20419496297836304
p236,p239,5,1,0.0,0.23993957042694092
p236,p239,5,2,0.0,0.27270418405532837
p236,p239,5,3,0.0,0.2582741975784302
p236,p239,1,1,0.25,0.22886008024215698
p236,p239,1,2,0.25,0.2046934962272644
p236,p239,1,3,0.25,0.23727720975875854
p236,p239,2,1,0.25,0.22833281755447388
p236,p239,2,2,0.25,0.23583906888961792
p236,p239,2,3,0.25,0.21450567245483398
p236,p239,3,1,0.25,0.19091761112213135
p236,p239,3,2,0.25,0.20253878831863403
p236,p239,3,3,0.25,0.17705655097961426
p236,p239,4,1,0.25,0.22927749156951904
p236,p239,4,2,0.25,-0.030726134777069092
p236,p239,4,3,0.25,0.21110159158706665
p236,p239,5,1,0.25,0.2481602430343628
p236,p239,5,2,0.25,0.2704275846481323
p236,p239,5,3,0.25,0.27283668518066406
p236,p239,1,1,0.5,0.23400938510894775
p236,p239,1,2,0.5,0.20154035091400146
p236,p239,1,3,0.5,0.2418726086616516
p236,p239,2,1,0.5,0.23668396472930908
p236,p239,2,2,0.5,0.2311961054801941
p236,p239,2,3,0.5,0.2111668586730957
p236,p239,3,1,0.5,0.18414676189422607
p236,p239,3,2,0.5,0.19704973697662354
p236,p239,3,3,0.5,0.19026023149490356
p236,p239,4,1,0.5,0.24214988946914673
p236,p239,4,2,0.5,-0.04212391376495361
p236,p239,4,3,0.5,0.22321009635925293
p236,p239,5,1,0.5,0.23934876918792725
p236,p239,5,2,0.5,0.27393221855163574
p236,p239,5,3,0.5,0.273942232131958
p236,p239,1,1,0.75,0.24017906188964844
p236,p239,1,2,0.75,0.19105911254882812
p236,p239,1,3,0.75,0.22548681497573853
p236,p239,2,1,0.75,0.24410027265548706
p236,p239,2,2,0.75,0.23110413551330566
p236,p239,2,3,0.75,0.22584480047225952
p236,p239,3,1,0.75,0.18718010187149048
p236,p239,3,2,0.75,0.19709277153015137
p236,p239,3,3,0.75,0.18081188201904297
p236,p239,4,1,0.75,0.24317073822021484
p236,p239,4,2,0.75,0.24377095699310303
p236,p239,4,3,0.75,0.23867452144622803
p236,p239,5,1,0.75,0.2554982304573059
p236,p239,5,2,0.75,0.2799898386001587
p236,p239,5,3,0.75,0.274173378944397
p236,p239,1,1,1.0,0.24787718057632446
p236,p239,1,2,1.0,0.18665432929992676
p236,p239,1,3,1.0,0.22011065483093262
p236,p239,2,1,1.0,0.23718762397766113
p236,p239,2,2,1.0,0.23571521043777466
p236,p239,2,3,1.0,0.2317759394645691
p236,p239,3,1,1.0,0.19644594192504883
p236,p239,3,2,1.0,0.19158518314361572
p236,p239,3,3,1.0,0.17997217178344727
p236,p239,4,1,1.0,0.23278623819351196
p236,p239,4,2,1.0,0.23991262912750244
p236,p239,4,3,1.0,0.23759305477142334
p236,p239,5,1,1.0,0.24832576513290405
p236,p239,5,2,1.0,0.281405508518219
p236,p239,5,3,1.0,0.2739103436470032
p236,p259,1,1,0.0,0.4532840847969055
p236,p259,1,2,0.0,0.5273628830909729
p236,p259,1,3,0.0,0.4929656982421875
p236,p259,2,1,0.0,0.3828006982803345
p236,p259,2,2,0.0,0.4055368900299072
p236,p259,2,3,0.0,0.37310791015625
p236,p259,3,1,0.0,0.44663751125335693
p236,p259,3,2,0.0,0.44786787033081055
p236,p259,3,3,0.0,0.44757401943206787
p236,p259,4,1,0.0,0.4384382963180542
p236,p259,4,2,0.0,0.44487422704696655
p236,p259,4,3,0.0,0.43532127141952515
p236,p259,5,1,0.0,0.44999992847442627
p236,p259,5,2,0.0,0.4616936445236206
p236,p259,5,3,0.0,0.4712825417518616
p236,p259,1,1,0.25,0.4550568461418152
p236,p259,1,2,0.25,0.5162003040313721
p236,p259,1,3,0.25,0.4904967248439789
p236,p259,2,1,0.25,0.39139389991760254
p236,p259,2,2,0.25,0.4046260118484497
p236,p259,2,3,0.25,0.3818591833114624
p236,p259,3,1,0.25,0.4442307949066162
p236,p259,3,2,0.25,0.45612382888793945
p236,p259,3,3,0.25,0.4477817416191101
p236,p259,4,1,0.25,0.4474183917045593
p236,p259,4,2,0.25,0.4475715756416321
p236,p259,4,3,0.25,0.43279731273651123
p236,p259,5,1,0.25,0.45859581232070923
p236,p259,5,2,0.25,0.4578576683998108
p236,p259,5,3,0.25,0.46816498041152954
p236,p259,1,1,0.5,0.4644031524658203
p236,p259,1,2,0.5,0.5075791478157043
p236,p259,1,3,0.5,0.4950926899909973
p236,p259,2,1,0.5,0.38986390829086304
p236,p259,2,2,0.5,0.4022310972213745
p236,p259,2,3,0.5,0.40996670722961426
p236,p259,3,1,0.5,0.4355311989784241
p236,p259,3,2,0.5,0.45006847381591797
p236,p259,3,3,0.5,0.4475111961364746
p236,p259,4,1,0.5,0.4663960933685303
p236,p259,4,2,0.5,0.44224220514297485
p236,p259,4,3,0.5,0.4529222249984741
p236,p259,5,1,0.5,0.45951592922210693
p236,p259,5,2,0.5,0.4617162346839905
p236,p259,5,3,0.5,0.4706518054008484
p236,p259,1,1,0.75,0.5038341283798218
p236,p259,1,2,0.75,0.5199781656265259
p236,p259,1,3,0.75,0.5010441839694977
p236,p259,2,1,0.75,0.39532434940338135
p236,p259,2,2,0.75,0.4021531343460083
p236,p259,2,3,0.75,0.37986958026885986
p236,p259,3,1,0.75,0.4391212463378906
p236,p259,3,2,0.75,0.4572300910949707
p236,p259,3,3,0.75,0.4462841749191284
p236,p259,4,1,0.75,0.4661911725997925
p236,p259,4,2,0.75,0.4433608055114746
p236,p259,4,3,0.75,0.43801069259643555
p236,p259,5,1,0.75,0.45283758640289307
p236,p259,5,2,0.75,0.45843231678009033
p236,p259,5,3,0.75,0.4694938659667969
p236,p259,1,1,1.0,0.5258116126060486
p236,p259,1,2,1.0,0.5196006000041962
p236,p259,1,3,1.0,0.49769875407218933
p236,p259,2,1,1.0,0.4053383469581604
p236,p259,2,2,1.0,0.39740586280822754
p236,p259,2,3,1.0,0.3775351643562317
p236,p259,3,1,1.0,0.4409164786338806
p236,p259,3,2,1.0,0.46491217613220215
p236,p259,3,3,1.0,0.45510149002075195
p236,p259,4,1,1.0,0.4551045894622803
p236,p259,4,2,1.0,0.4505969285964966
p236,p259,4,3,1.0,0.44067442417144775
p236,p259,5,1,1.0,0.4423544406890869
p236,p259,5,2,1.0,0.4599170684814453
p236,p259,5,3,1.0,0.4678548574447632
p236,p263,1,1,0.0,0.5827619433403015
p236,p263,1,2,0.0,0.5096164047718048
p236,p263,1,3,0.0,0.5872065424919128
p236,p263,2,1,0.0,0.49778512120246887
p236,p263,2,2,0.0,0.4819467067718506
p236,p263,2,3,0.0,0.4407918453216553
p236,p263,3,1,0.0,0.5435739457607269
p236,p263,3,2,0.0,0.4971827566623688
p236,p263,3,3,0.0,0.4979853630065918
p236,p263,4,1,0.0,0.5071364045143127
p236,p263,4,2,0.0,0.4542074203491211
p236,p263,4,3,0.0,0.47075164318084717
p236,p263,5,1,0.0,0.5236726999282837
p236,p263,5,2,0.0,0.4182000160217285
p236,p263,5,3,0.0,0.48135578632354736
p236,p263,1,1,0.25,0.5343918204307556
p236,p263,1,2,0.25,0.5115393698215485
p236,p263,1,3,0.25,0.5700029134750366
p236,p263,2,1,0.25,0.5081033706665039
p236,p263,2,2,0.25,0.4789694547653198
p236,p263,2,3,0.25,0.4329477846622467
p236,p263,3,1,0.25,0.5462406575679779
p236,p263,3,2,0.25,0.48546159267425537
p236,p263,3,3,0.25,0.5065960586071014
p236,p263,4,1,0.25,0.5133165121078491
p236,p263,4,2,0.25,0.4479847550392151
p236,p263,4,3,0.25,0.4423710107803345
p236,p263,5,1,0.25,0.4757566452026367
p236,p263,5,2,0.25,0.4262058138847351
p236,p263,5,3,0.25,0.4689064025878906
p236,p263,1,1,0.5,0.5029451251029968
p236,p263,1,2,0.5,0.5031302571296692
p236,p263,1,3,0.5,0.5580234825611115
p236,p263,2,1,0.5,0.49365490674972534
p236,p263,2,2,0.5,0.4738313853740692
p236,p263,2,3,0.5,0.44106724858283997
p236,p263,3,1,0.5,0.5648429691791534
p236,p263,3,2,0.5,0.47759413719177246
p236,p263,3,3,0.5,0.5079024732112885
p236,p263,4,1,0.5,0.49894508719444275
p236,p263,4,2,0.5,0.45271390676498413
p236,p263,4,3,0.5,0.45075076818466187
p236,p263,5,1,0.5,0.4567737579345703
p236,p263,5,2,0.5,0.4226369559764862
p236,p263,5,3,0.5,0.4481912851333618
p236,p263,1,1,0.75,0.4530765116214752
p236,p263,1,2,0.75,0.47561177611351013
p236,p263,1,3,0.75,0.5485924184322357
p236,p263,2,1,0.75,0.5103929936885834
p236,p263,2,2,0.75,0.4720579981803894
p236,p263,2,3,0.75,0.44284307956695557
p236,p263,3,1,0.75,0.5406351089477539
p236,p263,3,2,0.75,0.46736201643943787
p236,p263,3,3,0.75,0.5043217241764069
p236,p263,4,1,0.75,0.4910722076892853
p236,p263,4,2,0.75,0.4454139173030853
p236,p263,4,3,0.75,0.45323339104652405
p236,p263,5,1,0.75,0.43483948707580566
p236,p263,5,2,0.75,0.4101846218109131
p236,p263,5,3,0.75,0.4362812340259552
p236,p263,1,1,1.0,0.43914151191711426
p236,p263,1,2,1.0,0.4720090925693512
p236,p263,1,3,1.0,0.5279162526130676
p236,p263,2,1,1.0,0.4935590326786041
p236,p263,2,2,1.0,0.47087159752845764
p236,p263,2,3,1.0,0.45111680030822754
p236,p263,3,1,1.0,0.5307379961013794
p236,p263,3,2,1.0,0.46490678191185
p236,p263,3,3,1.0,0.48610958456993103
p236,p263,4,1,1.0,0.46012312173843384
p236,p263,4,2,1.0,0.448618620634079
p236,p263,4,3,1.0,0.4555247724056244
p236,p263,5,1,1.0,0.4208967685699463
p236,p263,5,2,1.0,0.4049576222896576
p236,p263,5,3,1.0,0.4377707540988922
p239,p236,1,1,0.0,0.08591777086257935
p239,p236,1,2,0.0,0.22178101539611816
p239,p236,1,3,0.0,0.12775719165802002
p239,p236,2,1,0.0,0.1695706844329834
p239,p236,2,2,0.0,0.12429600954055786
p239,p236,2,3,0.0,0.1765056848526001
p239,p236,3,1,0.0,0.11144733428955078
p239,p236,3,2,0.0,0.17630982398986816
p239,p236,3,3,0.0,0.13469576835632324
p239,p236,4,1,0.0,0.21162575483322144
p239,p236,4,2,0.0,0.1933603286743164
p239,p236,4,3,0.0,0.22337877750396729
p239,p236,5,1,0.0,0.12283104658126831
p239,p236,5,2,0.0,0.14510834217071533
p239,p236,5,3,0.0,0.17189514636993408
p239,p236,1,1,0.25,0.12852340936660767
p239,p236,1,2,0.25,0.23361843824386597
p239,p236,1,3,0.25,0.1428202986717224
p239,p236,2,1,0.25,0.1770113706588745
p239,p236,2,2,0.25,0.1306530237197876
p239,p236,2,3,0.25,0.1642729640007019
p239,p236,3,1,0.25,0.12653052806854248
p239,p236,3,2,0.25,0.17498797178268433
p239,p236,3,3,0.25,0.1897091269493103
p239,p236,4,1,0.25,0.18551898002624512
p239,p236,4,2,0.25,0.1965317726135254
p239,p236,4,3,0.25,0.2125188112258911
p239,p236,5,1,0.25,0.1339283585548401
p239,p236,5,2,0.25,0.14391833543777466
p239,p236,5,3,0.25,0.175742506980896
p239,p236,1,1,0.5,0.13016074895858765
p239,p236,1,2,0.5,0.24238085746765137
p239,p236,1,3,0.5,0.15062940120697021
p239,p236,2,1,0.5,0.1710216999053955
p239,p236,2,2,0.5,0.13042724132537842
p239,p236,2,3,0.5,0.1400471329689026
p239,p236,3,1,0.5,0.11937153339385986
p239,p236,3,2,0.5,0.1764235496520996
p239,p236,3,3,0.5,0.18760281801223755
p239,p236,4,1,0.5,0.19568896293640137
p239,p236,4,2,0.5,0.20477527379989624
p239,p236,4,3,0.5,0.1848941445350647
p239,p236,5,1,0.5,0.1303272247314453
p239,p236,5,2,0.5,0.14295393228530884
p239,p236,5,3,0.5,0.18023687601089478
p239,p236,1,1,0.75,0.18424928188323975
p239,p236,1,2,0.75,0.2502349615097046
p239,p236,1,3,0.75,0.1353663206100464
p239,p236,2,1,0.75,0.10169106721878052
p239,p236,2,2,0.75,0.1318170428276062
p239,p236,2,3,0.75,0.1526660919189453
p239,p236,3,1,0.75,0.15970832109451294
p239,p236,3,2,0.75,0.17303526401519775
p239,p236,3,3,0.75,0.17858004570007324
p239,p236,4,1,0.75,0.19293123483657837
p239,p236,4,2,0.75,0.20570510625839233
p239,p236,4,3,0.75,0.20336967706680298
p239,p236,5,1,0.75,0.12771481275558472
p239,p236,5,2,0.75,0.1461830735206604
p239,p236,5,3,0.75,0.17265081405639648
p239,p236,1,1,1.0,0.16521108150482178
p239,p236,1,2,1.0,0.26485615968704224
p239,p236,1,3,1.0,0.11523783206939697
p239,p236,2,1,1.0,0.09024965763092041
p239,p236,2,2,1.0,0.13636893033981323
p239,p236,2,3,1.0,0.11461907625198364
p239,p236,3,1,1.0,0.142053484916687
p239,p236,3,2,1.0,0.16588395833969116
p239,p236,3,3,1.0,0.19937580823898315
p239,p236,4,1,1.0,0.18727058172225952
p239,p236,4,2,1.0,0.2014329433441162
p239,p236,4,3,1.0,0.19724589586257935
p239,p236,5,1,1.0,0.1240270733833313
p239,p236,5,2,1.0,0.14829397201538086
p239,p236,5,3,1.0,0.16012197732925415
p239,p259,1,1,0.0,0.21093899011611938
p239,p259,1,2,0.0,0.21980220079421997
p239,p259,1,3,0.0,0.23237085342407227
p239,p259,2,1,0.0,0.23708832263946533
p239,p259,2,2,0.0,0.2373638153076172
p239,p259,2,3,0.0,0.22046828269958496
p239,p259,3,1,0.0,0.13409364223480225
p239,p259,3,2,0.0,0.13596540689468384
p239,p259,3,3,0.0,0.20103144645690918
p239,p259,4,1,0.0,0.15520554780960083
p239,p259,4,2,0.0,0.16984719038009644
p239,p259,4,3,0.0,0.1725614070892334
p239,p259,5,1,0.0,0.13795769214630127
p239,p259,5,2,0.0,0.16275346279144287
p239,p259,5,3,0.0,0.15889990329742432
p239,p259,1,1,0.25,0.2015148401260376
p239,p259,1,2,0.25,0.20938313007354736
p239,p259,1,3,0.25,0.24223637580871582
p239,p259,2,1,0.25,0.20176011323928833
p239,p259,2,2,0.25,0.21524804830551147
p239,p259,2,3,0.25,0.2210521697998047
p239,p259,3,1,0.25,0.14895009994506836
p239,p259,3,2,0.25,0.1327781081199646
p239,p259,3,3,0.25,0.13863253593444824
p239,p259,4,1,0.25,0.15686291456222534
p239,p259,4,2,0.25,0.16852623224258423
p239,p259,4,3,0.25,0.17210936546325684
p239,p259,5,1,0.25,0.12802189588546753
p239,p259,5,2,0.25,0.15934991836547852
p239,p259,5,3,0.25,0.16157060861587524
p239,p259,1,1,0.5,0.21063876152038574
p239,p259,1,2,0.5,0.21591591835021973
p239,p259,1,3,0.5,0.23862314224243164
p239,p259,2,1,0.5,0.21951526403427124
p239,p259,2,2,0.5,0.22421610355377197
p239,p259,2,3,0.5,0.22592735290527344
p239,p259,3,1,0.5,0.15094244480133057
p239,p259,3,2,0.5,0.12678742408752441
p239,p259,3,3,0.5,0.10835927724838257
p239,p259,4,1,0.5,0.15791690349578857
p239,p259,4,2,0.5,0.16490036249160767
p239,p259,4,3,0.5,0.17353248596191406
p239,p259,5,1,0.5,0.13156884908676147
p239,p259,5,2,0.5,0.1609562635421753
p239,p259,5,3,0.5,0.15919411182403564
p239,p259,1,1,0.75,0.20870590209960938
p239,p259,1,2,0.75,0.21972280740737915
p239,p259,1,3,0.75,0.23749685287475586
p239,p259,2,1,0.75,0.24453341960906982
p239,p259,2,2,0.75,0.21966296434402466
p239,p259,2,3,0.75,0.22353601455688477
p239,p259,3,1,0.75,0.15663081407546997
p239,p259,3,2,0.75,0.11531400680541992
p239,p259,3,3,0.75,0.1088566780090332
p239,p259,4,1,0.75,0.16629934310913086
p239,p259,4,2,0.75,0.16790765523910522
p239,p259,4,3,0.75,0.17150211334228516
p239,p259,5,1,0.75,0.1453157663345337
p239,p259,5,2,0.75,0.15751338005065918
p239,p259,5,3,0.75,0.1671462059020996
p239,p259,1,1,1.0,0.21591633558273315
p239,p259,1,2,1.0,0.22396516799926758
p239,p259,1,3,1.0,0.24265044927597046
p239,p259,2,1,1.0,0.2511892318725586
p239,p259,2,2,1.0,0.21446025371551514
p239,p259,2,3,1.0,0.22395706176757812
p239,p259,3,1,1.0,0.1598028540611267
p239,p259,3,2,1.0,0.12118148803710938
p239,p259,3,3,1.0,0.14123237133026123
p239,p259,4,1,1.0,0.1784166693687439
p239,p259,4,2,1.0,0.16804134845733643
p239,p259,4,3,1.0,0.17744946479797363
p239,p259,5,1,1.0,0.1475546956062317
p239,p259,5,2,1.0,0.16597062349319458
p239,p259,5,3,1.0,0.16223222017288208
p239,p263,1,1,0.0,0.533512532711029
p239,p263,1,2,0.0,0.5674705505371094
p239,p263,1,3,0.0,0.5580846071243286
p239,p263,2,1,0.0,0.46104007959365845
p239,p263,2,2,0.0,0.4494265615940094
p239,p263,2,3,0.0,0.4470328688621521
p239,p263,3,1,0.0,0.43304377794265747
p239,p263,3,2,0.0,0.37889981269836426
p239,p263,3,3,0.0,0.42297518253326416
p239,p263,4,1,0.0,0.4275273084640503
p239,p263,4,2,0.0,0.4201282262802124
p239,p263,4,3,0.0,0.4326421022415161
p239,p263,5,1,0.0,0.4361482858657837
p239,p263,5,2,0.0,0.4408673942089081
p239,p263,5,3,0.0,0.38227421045303345
p239,p263,1,1,0.25,0.5385198593139648
p239,p263,1,2,0.25,0.5665688216686249
p239,p263,1,3,0.25,0.5679342448711395
p239,p263,2,1,0.25,0.4529110789299011
p239,p263,2,2,0.25,0.4553478956222534
p239,p263,2,3,0.25,0.4589969515800476
p239,p263,3,1,0.25,0.4261651039123535
p239,p263,3,2,0.25,0.3741804361343384
p239,p263,3,3,0.25,0.42862629890441895
p239,p263,4,1,0.25,0.4260063171386719
p239,p263,4,2,0.25,0.4219787120819092
p239,p263,4,3,0.25,0.4350496530532837
p239,p263,5,1,0.25,0.429196834564209
p239,p263,5,2,0.25,0.4166242778301239
p239,p263,5,3,0.25,0.40636900067329407
p239,p263,1,1,0.5,0.5400960147380829
p239,p263,1,2,0.5,0.5715764164924622
p239,p263,1,3,0.5,0.570738285779953
p239,p263,2,1,0.5,0.44399428367614746
p239,p263,2,2,0.5,0.4514285922050476
p239,p263,2,3,0.5,0.4619687795639038
p239,p263,3,1,0.5,0.4300353229045868
p239,p263,3,2,0.5,0.37883520126342773
p239,p263,3,3,0.5,0.4188538193702698
p239,p263,4,1,0.5,0.3677583336830139
p239,p263,4,2,0.5,0.4460435211658478
p239,p263,4,3,0.5,0.43780961632728577
p239,p263,5,1,0.5,0.42736107110977173
p239,p263,5,2,0.5,0.4095071852207184
p239,p263,5,3,0.5,0.3964228928089142
p239,p263,1,1,0.75,0.5486177206039429
p239,p263,1,2,0.75,0.5741020292043686
p239,p263,1,3,0.75,0.5798686891794205
p239,p263,2,1,0.75,0.4479900300502777
p239,p263,2,2,0.75,0.45075201988220215
p239,p263,2,3,0.75,0.4552938640117645
p239,p263,3,1,0.75,0.42913955450057983
p239,p263,3,2,0.75,0.39362889528274536
p239,p263,3,3,0.75,0.42199552059173584
p239,p263,4,1,0.75,0.37058109045028687
p239,p263,4,2,0.75,0.46762576699256897
p239,p263,4,3,0.75,0.4422375559806824
p239,p263,5,1,0.75,0.4553566575050354
p239,p263,5,2,0.75,0.3979090452194214
p239,p263,5,3,0.75,0.41296476125717163
p239,p263,1,1,1.0,0.5562402009963989
p239,p263,1,2,1.0,0.5724071860313416
p239,p263,1,3,1.0,0.5678727328777313
p239,p263,2,1,1.0,0.4570890963077545
p239,p263,2,2,1.0,0.44500553607940674
p239,p263,2,3,1.0,0.4614361822605133
p239,p263,3,1,1.0,0.44432321190834045
p239,p263,3,2,1.0,0.397025465965271
p239,p263,3,3,1.0,0.40861600637435913
p239,p263,4,1,1.0,0.38909822702407837
p239,p263,4,2,1.0,0.4621783494949341
p239,p263,4,3,1.0,0.4173942804336548
p239,p263,5,1,1.0,0.43377530574798584
p239,p263,5,2,1.0,0.4031428098678589
p239,p263,5,3,1.0,0.4202277362346649
p259,p236,1,1,0.0,0.4136544466018677
p259,p236,1,2,0.0,0.56600022315979
p259,p236,1,3,0.0,0.5806016623973846
p259,p236,2,1,0.0,0.4415915608406067
p259,p236,2,2,0.0,0.37375468015670776
p259,p236,2,3,0.0,0.4889756143093109
p259,p236,3,1,0.0,0.4002532362937927
p259,p236,3,2,0.0,0.39523762464523315
p259,p236,3,3,0.0,0.42430710792541504
p259,p236,4,1,0.0,0.4288843870162964
p259,p236,4,2,0.0,0.38881826400756836
p259,p236,4,3,0.0,0.4438295364379883
p259,p236,5,1,0.0,0.46487122774124146
p259,p236,5,2,0.0,0.5205133557319641
p259,p236,5,3,0.0,0.5629417300224304
p259,p236,1,1,0.25,0.4201470613479614
p259,p236,1,2,0.25,0.5611364543437958
p259,p236,1,3,0.25,0.5746821463108063
p259,p236,2,1,0.25,0.5088265240192413
p259,p236,2,2,0.25,0.36013859510421753
p259,p236,2,3,0.25,0.4519968628883362
p259,p236,3,1,0.25,0.39404088258743286
p259,p236,3,2,0.25,0.39021360874176025
p259,p236,3,3,0.25,0.4138946533203125
p259,p236,4,1,0.25,0.4273301959037781
p259,p236,4,2,0.25,0.38673508167266846
p259,p236,4,3,0.25,0.4515160918235779
p259,p236,5,1,0.25,0.4599595069885254
p259,p236,5,2,0.25,0.5168456435203552
p259,p236,5,3,0.25,0.4902728199958801
p259,p236,1,1,0.5,0.4616280794143677
p259,p236,1,2,0.5,0.5691235065460205
p259,p236,1,3,0.5,0.48169374465942383
p259,p236,2,1,0.5,0.49965864419937134
p259,p236,2,2,0.5,0.37553006410598755
p259,p236,2,3,0.5,0.4558258652687073
p259,p236,3,1,0.5,0.39481377601623535
p259,p236,3,2,0.5,0.3912932276725769
p259,p236,3,3,0.5,0.4066293239593506
p259,p236,4,1,0.5,0.3823254704475403
p259,p236,4,2,0.5,0.3812940716743469
p259,p236,4,3,0.5,0.44066405296325684
p259,p236,5,1,0.5,0.4526851177215576
p259,p236,5,2,0.5,0.5069180727005005
p259,p236,5,3,0.5,0.48190873861312866
p259,p236,1,1,0.75,0.45896589756011963
p259,p236,1,2,0.75,0.5749351382255554
p259,p236,1,3,0.75,0.4761054515838623
p259,p236,2,1,0.75,0.44788146018981934
p259,p236,2,2,0.75,0.37647342681884766
p259,p236,2,3,0.75,0.4267841577529907
p259,p236,3,1,0.75,0.4020587205886841
p259,p236,3,2,0.75,0.39114314317703247
p259,p236,3,3,0.75,0.3887425661087036
p259,p236,4,1,0.75,0.43402522802352905
p259,p236,4,2,0.75,0.38615965843200684
p259,p236,4,3,0.75,0.43152517080307007
p259,p236,5,1,0.75,0.42841124534606934
p259,p236,5,2,0.75,0.4975031614303589
p259,p236,5,3,0.75,0.5472588539123535
p259,p236,1,1,1.0,0.45170310139656067
p259,p236,1,2,1.0,0.6042032539844513
p259,p236,1,3,1.0,0.47960153222084045
p259,p236,2,1,1.0,0.3831549882888794
p259,p236,2,2,1.0,0.35179102420806885
p259,p236,2,3,1.0,0.37008869647979736
p259,p236,3,1,1.0,0.37909066677093506
p259,p236,3,2,1.0,0.38502037525177
p259,p236,3,3,1.0,0.39926964044570923
p259,p236,4,1,1.0,0.4349569082260132
p259,p236,4,2,1.0,0.3754243850708008
p259,p236,4,3,1.0,0.4025835394859314
p259,p236,5,1,1.0,0.4236900806427002
p259,p236,5,2,1.0,0.06647741794586182
p259,p236,5,3,1.0,0.4544369578361511
p259,p239,1,1,0.0,0.1442902684211731
p259,p239,1,2,0.0,0.14713919162750244
p259,p239,1,3,0.0,0.16868144273757935
p259,p239,2,1,0.0,0.20407074689865112
p259,p239,2,2,0.0,0.16168850660324097
p259,p239,2,3,0.0,0.14726370573043823
p259,p239,3,1,0.0,0.13047349452972412
p259,p239,3,2,0.0,0.09764862060546875
p259,p239,3,3,0.0,0.1234484314918518
p259,p239,4,1,0.0,0.16361463069915771
p259,p239,4,2,0.0,0.17404377460479736
p259,p239,4,3,0.0,0.1620631217956543
p259,p239,5,1,0.0,0.1799609661102295
p259,p239,5,2,0.0,0.156133234500885
p259,p239,5,3,0.0,0.15531909465789795
p259,p239,1,1,0.25,0.11730343103408813
p259,p239,1,2,0.25,0.12462937831878662
p259,p239,1,3,0.25,0.15888243913650513
p259,p239,2,1,0.25,0.17202526330947876
p259,p239,2,2,0.25,0.15542006492614746
p259,p239,2,3,0.25,0.13589471578598022
p259,p239,3,1,0.25,0.12238186597824097
p259,p239,3,2,0.25,0.09337478876113892
p259,p239,3,3,0.25,0.12349367141723633
p259,p239,4,1,0.25,0.15980464220046997
p259,p239,4,2,0.25,0.16451424360275269
p259,p239,4,3,0.25,0.15687066316604614
p259,p239,5,1,0.25,0.16768985986709595
p259,p239,5,2,0.25,0.14893454313278198
p259,p239,5,3,0.25,0.14848273992538452
p259,p239,1,1,0.5,0.10561519861221313
p259,p239,1,2,0.5,0.14472651481628418
p259,p239,1,3,0.5,0.16176515817642212
p259,p239,2,1,0.5,0.1777525544166565
p259,p239,2,2,0.5,0.15040898323059082
p259,p239,2,3,0.5,0.1401766538619995
p259,p239,3,1,0.5,0.11349302530288696
p259,p239,3,2,0.5,0.08656525611877441
p259,p239,3,3,0.5,0.1211671233177185
p259,p239,4,1,0.5,0.14808189868927002
p259,p239,4,2,0.5,0.1584358811378479
p259,p239,4,3,0.5,0.14998972415924072
p259,p239,5,1,0.5,0.16650176048278809
p259,p239,5,2,0.5,0.1361485719680786
p259,p239,5,3,0.5,0.14402008056640625
p259,p239,1,1,0.75,0.10438859462738037
p259,p239,1,2,0.75,0.13185888528823853
p259,p239,1,3,0.75,0.16177654266357422
p259,p239,2,1,0.75,0.15081501007080078
p259,p239,2,2,0.75,0.133192777633667
p259,p239,2,3,0.75,0.14409995079040527
p259,p239,3,1,0.75,0.12116992473602295
p259,p239,3,2,0.75,0.08381617069244385
p259,p239,3,3,0.75,0.11996477842330933
p259,p239,4,1,0.75,0.15139061212539673
p259,p239,4,2,0.75,0.15346509218215942
p259,p239,4,3,0.75,0.14640605449676514
p259,p239,5,1,0.75,0.17154812812805176
p259,p239,5,2,0.75,0.1296229362487793
p259,p239,5,3,0.75,0.13835829496383667
p259,p239,1,1,1.0,0.08414101600646973
p259,p239,1,2,1.0,0.12709969282150269
p259,p239,1,3,1.0,0.157579243183136
p259,p239,2,1,1.0,0.15511935949325562
p259,p239,2,2,1.0,0.1264246106147766
p259,p239,2,3,1.0,0.13839614391326904
p259,p239,3,1,1.0,0.10174405574798584
p259,p239,3,2,1.0,0.07770401239395142
p259,p239,3,3,1.0,0.11480802297592163
p259,p239,4,1,1.0,0.15648269653320312
p259,p239,4,2,1.0,0.15360969305038452
p259,p239,4,3,1.0,0.14652180671691895
p259,p239,5,1,1.0,0.16359102725982666
p259,p239,5,2,1.0,0.1375790238380432
p259,p239,5,3,1.0,0.13566869497299194
p259,p263,1,1,0.0,0.27536827325820923
p259,p263,1,2,0.0,0.3580780625343323
p259,p263,1,3,0.0,0.33001708984375
p259,p263,2,1,0.0,0.24082046747207642
p259,p263,2,2,0.0,0.26592451333999634
p259,p263,2,3,0.0,0.16820085048675537
p259,p263,3,1,0.0,0.1592729091644287
p259,p263,3,2,0.0,0.23720955848693848
p259,p263,3,3,0.0,0.2754976153373718
p259,p263,4,1,0.0,0.23184728622436523
p259,p263,4,2,0.0,0.31239426136016846
p259,p263,4,3,0.0,0.3461204171180725
p259,p263,5,1,0.0,0.36675694584846497
p259,p263,5,2,0.0,0.3235738277435303
p259,p263,5,3,0.0,0.3601802587509155
p259,p263,1,1,0.25,0.2873089909553528
p259,p263,1,2,0.25,0.37410327792167664
p259,p263,1,3,0.25,0.3564181923866272
p259,p263,2,1,0.25,0.26719051599502563
p259,p263,2,2,0.25,0.272527813911438
p259,p263,2,3,0.25,0.1952236294746399
p259,p263,3,1,0.25,0.2233206033706665
p259,p263,3,2,0.25,0.2548792362213135
p259,p263,3,3,0.25,0.28712475299835205
p259,p263,4,1,0.25,0.25177550315856934
p259,p263,4,2,0.25,0.31325405836105347
p259,p263,4,3,0.25,0.352213978767395
p259,p263,5,1,0.25,0.3818182945251465
p259,p263,5,2,0.25,0.3349674940109253
p259,p263,5,3,0.25,0.3649888336658478
p259,p263,1,1,0.5,0.32522517442703247
p259,p263,1,2,0.5,0.37841227650642395
p259,p263,1,3,0.5,0.3949343264102936
p259,p263,2,1,0.5,0.2946775555610657
p259,p263,2,2,0.5,0.2718571424484253
p259,p263,2,3,0.5,0.23351341485977173
p259,p263,3,1,0.5,0.22790634632110596
p259,p263,3,2,0.5,0.2699025273323059
p259,p263,3,3,0.5,0.29957956075668335
p259,p263,4,1,0.5,0.2605682611465454
p259,p263,4,2,0.5,0.31700217723846436
p259,p263,4,3,0.5,0.36570268869400024
p259,p263,5,1,0.5,0.38975703716278076
p259,p263,5,2,0.5,0.34819334745407104
p259,p263,5,3,0.5,0.36678868532180786
p259,p263,1,1,0.75,0.345960795879364
p259,p263,1,2,0.75,0.3871302604675293
p259,p263,1,3,0.75,0.4211328625679016
p259,p263,2,1,0.75,0.32018232345581055
p259,p263,2,2,0.75,0.28287655115127563
p259,p263,2,3,0.75,0.2432389259338379
p259,p263,3,1,0.75,0.2547137141227722
p259,p263,3,2,0.75,0.27133703231811523
p259,p263,3,3,0.75,0.31133246421813965
p259,p263,4,1,0.75,0.29073333740234375
p259,p263,4,2,0.75,0.32340455055236816
p259,p263,4,3,0.75,0.37617209553718567
p259,p263,5,1,0.75,0.3920555114746094
p259,p263,5,2,0.75,0.34964966773986816
p259,p263,5,3,0.75,0.3806372582912445
p259,p263,1,1,1.0,0.37407776713371277
p259,p263,1,2,1.0,0.3922460079193115
p259,p263,1,3,1.0,0.41947537660598755
p259,p263,2,1,1.0,0.31395459175109863
p259,p263,2,2,1.0,0.2702372670173645
p259,p263,2,3,1.0,0.25193214416503906
p259,p263,3,1,1.0,0.28949618339538574
p259,p263,3,2,1.0,0.2657577395439148
p259,p263,3,3,1.0,0.31377679109573364
p259,p263,4,1,1.0,0.3130788207054138
p259,p263,4,2,1.0,0.31540393829345703
p259,p263,4,3,1.0,0.3743278682231903
p259,p263,5,1,1.0,0.388535737991333
p259,p263,5,2,1.0,0.3530718684196472
p259,p263,5,3,1.0,0.381061851978302
p263,p236,1,1,0.0,0.5734374821186066
p263,p236,1,2,0.0,0.5253540873527527
p263,p236,1,3,0.0,0.5488375425338745
p263,p236,2,1,0.0,0.5515869855880737
p263,p236,2,2,0.0,0.5891140103340149
p263,p236,2,3,0.0,0.5765824913978577
p263,p236,3,1,0.0,0.5611254870891571
p263,p236,3,2,0.0,0.5662592947483063
p263,p236,3,3,0.0,0.5746484398841858
p263,p236,4,1,0.0,0.5777938663959503
p263,p236,4,2,0.0,0.5821355581283569
p263,p236,4,3,0.0,0.5564009249210358
p263,p236,5,1,0.0,0.4767599105834961
p263,p236,5,2,0.0,0.5207356810569763
p263,p236,5,3,0.0,0.06432083249092102
p263,p236,1,1,0.25,0.5935879051685333
p263,p236,1,2,0.25,0.533064216375351
p263,p236,1,3,0.25,0.5616095662117004
p263,p236,2,1,0.25,0.5483331680297852
p263,p236,2,2,0.25,0.5973078310489655
p263,p236,2,3,0.25,0.5833443701267242
p263,p236,3,1,0.25,0.565499484539032
p263,p236,3,2,0.25,0.562705785036087
p263,p236,3,3,0.25,0.58675816655159
p263,p236,4,1,0.25,0.5746574699878693
p263,p236,4,2,0.25,0.582136332988739
p263,p236,4,3,0.25,0.5620363354682922
p263,p236,5,1,0.25,0.47613510489463806
p263,p236,5,2,0.25,0.5238111913204193
p263,p236,5,3,0.25,0.021517962217330933
p263,p236,1,1,0.5,0.5695633590221405
p263,p236,1,2,0.5,0.5249869227409363
p263,p236,1,3,0.5,0.5501681864261627
p263,p236,2,1,0.5,0.5460486710071564
p263,p236,2,2,0.5,0.5987013578414917
p263,p236,2,3,0.5,0.5665425360202789
p263,p236,3,1,0.5,0.5507247447967529
p263,p236,3,2,0.5,0.5592548847198486
p263,p236,3,3,0.5,0.5809559226036072
p263,p236,4,1,0.5,0.5832332372665405
p263,p236,4,2,0.5,0.575265496969223
p263,p236,4,3,0.5,0.5740303099155426
p263,p236,5,1,0.5,0.4994845688343048
p263,p236,5,2,0.5,0.522754043340683
p263,p236,5,3,0.5,0.06280939280986786
p263,p236,1,1,0.75,0.5655617415904999
p263,p236,1,2,0.75,0.5307763814926147
p263,p236,1,3,0.75,0.5218412578105927
p263,p236,2,1,0.75,0.5080240964889526
p263,p236,2,2,0.75,0.5911197364330292
p263,p236,2,3,0.75,0.5658954381942749
p263,p236,3,1,0.75,0.5484157800674438
p263,p236,3,2,0.75,0.5531553030014038
p263,p236,3,3,0.75,0.5847652852535248
p263,p236,4,1,0.75,0.5603947639465332
p263,p236,4,2,0.75,0.5749228894710541
p263,p236,4,3,0.75,0.6000101566314697
p263,p236,5,1,0.75,0.5293310284614563
p263,p236,5,2,0.75,0.533287912607193
p263,p236,5,3,0.75,0.06449095904827118
p263,p236,1,1,1.0,0.5642188191413879
p263,p236,1,2,1.0,0.5310208797454834
p263,p236,1,3,1.0,0.501447856426239
p263,p236,2,1,1.0,0.5266018211841583
p263,p236,2,2,1.0,0.5843348801136017
p263,p236,2,3,1.0,0.5097933113574982
p263,p236,3,1,1.0,0.5410865843296051
p263,p236,3,2,1.0,0.5514224469661713
p263,p236,3,3,1.0,0.600042998790741
p263,p236,4,1,1.0,0.5784461200237274
p263,p236,4,2,1.0,0.5846431851387024
p263,p236,4,3,1.0,0.5906312167644501
p263,p236,5,1,1.0,0.5222229957580566
p263,p236,5,2,1.0,0.5197080969810486
p263,p236,5,3,1.0,0.07190641760826111
p263,p239,1,1,0.0,0.4180198907852173
p263,p239,1,2,0.0,0.36291801929473877
p263,p239,1,3,0.0,0.3768993616104126
p263,p239,2,1,0.0,0.3473527729511261
p263,p239,2,2,0.0,0.35733821988105774
p263,p239,2,3,0.0,0.338631272315979
p263,p239,3,1,0.0,0.38095539808273315
p263,p239,3,2,0.0,0.3298381567001343
p263,p239,3,3,0.0,0.3332147002220154
p263,p239,4,1,0.0,0.3750125765800476
p263,p239,4,2,0.0,0.3527209758758545
p263,p239,4,3,0.0,0.38475632667541504
p263,p239,5,1,0.0,0.37227725982666016
p263,p239,5,2,0.0,0.3512546420097351
p263,p239,5,3,0.0,0.3710719347000122
p263,p239,1,1,0.25,0.4016329050064087
p263,p239,1,2,0.25,0.35957038402557373
p263,p239,1,3,0.25,0.36349165439605713
p263,p239,2,1,0.25,0.3083987236022949
p263,p239,2,2,0.25,0.36065909266471863
p263,p239,2,3,0.25,0.3338043689727783
p263,p239,3,1,0.25,0.3726383447647095
p263,p239,3,2,0.25,0.3194693922996521
p263,p239,3,3,0.25,0.3153255581855774
p263,p239,4,1,0.25,0.37676000595092773
p263,p239,4,2,0.25,0.3517482280731201
p263,p239,4,3,0.25,0.3752518892288208
p263,p239,5,1,0.25,0.37263476848602295
p263,p239,5,2,0.25,0.3574787378311157
p263,p239,5,3,0.25,0.3733866214752197
p263,p239,1,1,0.5,0.4042174816131592
p263,p239,1,2,0.5,0.3399244546890259
p263,p239,1,3,0.5,0.3438635468482971
p263,p239,2,1,0.5,0.2789647579193115
p263,p239,2,2,0.5,0.36058178544044495
p263,p239,2,3,0.5,0.3339303731918335
p263,p239,3,1,0.5,0.364874005317688
p263,p239,3,2,0.5,0.32714277505874634
p263,p239,3,3,0.5,0.3242664337158203
p263,p239,4,1,0.5,0.3853446841239929
p263,p239,4,2,0.5,0.35116398334503174
p263,p239,4,3,0.5,0.3782194256782532
p263,p239,5,1,0.5,0.37492966651916504
p263,p239,5,2,0.5,0.3548598289489746
p263,p239,5,3,0.5,0.36414146423339844
p263,p239,1,1,0.75,0.3746587634086609
p263,p239,1,2,0.75,0.32542145252227783
p263,p239,1,3,0.75,0.31690526008605957
p263,p239,2,1,0.75,0.2708369493484497
p263,p239,2,2,0.75,0.34959226846694946
p263,p239,2,3,0.75,0.3369016647338867
p263,p239,3,1,0.75,0.3655437231063843
p263,p239,3,2,0.75,0.32707589864730835
p263,p239,3,3,0.75,0.3403814435005188
p263,p239,4,1,0.75,0.38297605514526367
p263,p239,4,2,0.75,0.3450027108192444
p263,p239,4,3,0.75,0.37403780221939087
p263,p239,5,1,0.75,0.3760221004486084
p263,p239,5,2,0.75,0.36237889528274536
p263,p239,5,3,0.75,0.3711317777633667
p263,p239,1,1,1.0,0.3410908579826355
p263,p239,1,2,1.0,0.30747783184051514
p263,p239,1,3,1.0,0.29719996452331543
p263,p239,2,1,1.0,0.2893749475479126
p263,p239,2,2,1.0,0.3485431671142578
p263,p239,2,3,1.0,0.34404653310775757
p263,p239,3,1,1.0,0.3573106527328491
p263,p239,3,2,1.0,0.3387124538421631
p263,p239,3,3,1.0,0.338733434677124
p263,p239,4,1,1.0,0.37630563974380493
p263,p239,4,2,1.0,0.3448488116264343
p263,p239,4,3,1.0,0.3706884980201721
p263,p239,5,1,1.0,0.3413890600204468
p263,p239,5,2,1.0,0.3639105558395386
p263,p239,5,3,1.0,0.3453224301338196
p263,p259,1,1,0.0,0.09946829080581665
p263,p259,1,2,0.0,-0.07790672779083252
p263,p259,1,3,0.0,0.01908332109451294
p263,p259,2,1,0.0,0.14705681800842285
p263,p259,2,2,0.0,0.07639473676681519
p263,p259,2,3,0.0,0.222464919090271
p263,p259,3,1,0.0,0.264700710773468
p263,p259,3,2,0.0,0.23335230350494385
p263,p259,3,3,0.0,0.22197991609573364
p263,p259,4,1,0.0,0.26662904024124146
p263,p259,4,2,0.0,0.21309471130371094
p263,p259,4,3,0.0,0.24540704488754272
p263,p259,5,1,0.0,0.2383614182472229
p263,p259,5,2,0.0,0.19793540239334106
p263,p259,5,3,0.0,0.20271456241607666
p263,p259,1,1,0.25,0.10178416967391968
p263,p259,1,2,0.25,-0.03183412551879883
p263,p259,1,3,0.25,0.0007309913635253906
p263,p259,2,1,0.25,0.20549136400222778
p263,p259,2,2,0.25,0.08185577392578125
p263,p259,2,3,0.25,0.22337067127227783
p263,p259,3,1,0.25,0.2629154920578003
p263,p259,3,2,0.25,0.2394675612449646
p263,p259,3,3,0.25,0.21693187952041626
p263,p259,4,1,0.25,0.26156294345855713
p263,p259,4,2,0.25,0.20009928941726685
p263,p259,4,3,0.25,0.24089646339416504
p263,p259,5,1,0.25,0.22923296689987183
p263,p259,5,2,0.25,0.19769299030303955
p263,p259,5,3,0.25,0.2004615068435669
p263,p259,1,1,0.5,-0.014499306678771973
p263,p259,1,2,0.5,-0.04612302780151367
p263,p259,1,3,0.5,-0.02253514528274536
p263,p259,2,1,0.5,0.1881476640701294
p263,p259,2,2,0.5,0.07994991540908813
p263,p259,2,3,0.5,0.21293306350708008
p263,p259,3,1,0.5,0.2410515546798706
p263,p259,3,2,0.5,0.23363065719604492
p263,p259,3,3,0.5,0.21475601196289062
p263,p259,4,1,0.5,0.2660061717033386
p263,p259,4,2,0.5,0.19806355237960815
p263,p259,4,3,0.5,0.23853439092636108
p263,p259,5,1,0.5,0.2180325984954834
p263,p259,5,2,0.5,0.18986576795578003
p263,p259,5,3,0.5,0.19935303926467896
p263,p259,1,1,0.75,0.0886659026145935
p263,p259,1,2,0.75,-0.04226481914520264
p263,p259,1,3,0.75,-0.033698976039886475
p263,p259,2,1,0.75,0.15962612628936768
p263,p259,2,2,0.75,0.06002432107925415
p263,p259,2,3,0.75,0.2058110237121582
p263,p259,3,1,0.75,0.2231374979019165
p263,p259,3,2,0.75,0.2344876527786255
p263,p259,3,3,0.75,0.20304453372955322
p263,p259,4,1,0.75,0.25279366970062256
p263,p259,4,2,0.75,0.20028263330459595
p263,p259,4,3,0.75,0.24238216876983643
p263,p259,5,1,0.75,0.20922309160232544
p263,p259,5,2,0.75,0.18812024593353271
p263,p259,5,3,0.75,0.19616669416427612
p263,p259,1,1,1.0,0.10413873195648193
p263,p259,1,2,1.0,-0.04510819911956787
p263,p259,1,3,1.0,-0.013177573680877686
p263,p259,2,1,1.0,0.12385779619216919
p263,p259,2,2,1.0,0.036081910133361816
p263,p259,2,3,1.0,0.20577657222747803
p263,p259,3,1,1.0,0.2170150876045227
p263,p259,3,2,1.0,0.23409515619277954
p263,p259,3,3,1.0,0.2044919729232788
p263,p259,4,1,1.0,0.25418925285339355
p263,p259,4,2,1.0,0.21067053079605103
p263,p259,4,3,1.0,0.24314934015274048
p263,p259,5,1,1.0,0.2108844518661499
p263,p259,5,2,1.0,0.18468844890594482
p263,p259,5,3,1.0,0.20777225494384766
