variant,comparison,metric,raw_paired_units,source_clusters,mean_difference,ci_low,ci_high,p_sign_flip_mc,positive_clusters
base_epoch50,three_minus_two,wavlm_cosine_distance,60,20,0.038105334757922424,0.024480047747460123,0.05516420776857733,1.999960000799984e-05,20
base_epoch50,three_minus_two,word_edit_distance,60,20,0.1038589611169459,0.0642280820053978,0.14486866821301003,7.999840003199936e-05,18
base_epoch50,three_minus_two,char_edit_distance,60,20,0.10418603200910011,0.07729999223804267,0.13012934312047728,1.999960000799984e-05,19
base_epoch50,three_minus_two,identity_delta_change,60,20,-0.014763903493682548,-0.03098648961012563,0.0014292257496466253,0.0994580108397832,9
base_epoch50,three_minus_two,identity_delta_abs_change,60,20,0.02714642149706682,0.012648895659173534,0.04199444427154958,0.002359952800943981,15
base_epoch50,three_minus_two,robust_content_error_change,60,20,0.08510363819187347,0.04986776846519493,0.12681555087069796,3.999920001599968e-05,17
base_epoch50,three_minus_two,robust_content_error_abs_change,60,20,0.06847113670643082,0.03240457887700533,0.11186050836418483,0.0002999940001199976,16
base_epoch50,three_minus_two,silence_fraction_change,60,20,0.11207001774281786,0.08387170822279925,0.1405180963058189,1.999960000799984e-05,20
base_epoch50,three_minus_two,rms_dbfs_change,60,20,-5.240572588041945,-6.659897819155645,-3.934048179377764,1.999960000799984e-05,0
base_epoch50,three_minus_two,clip_fraction_change,60,20,-2.6679806771794942e-05,-7.98771200880925e-05,1.7042975567190228e-07,0.5045699086018279,1
base_epoch50,two_minus_stochastic,wavlm_cosine_distance,60,20,-0.02159336568577602,-0.03132800411074975,-0.012285534079852025,9.99980000399992e-05,2
base_epoch50,two_minus_stochastic,word_edit_distance,60,20,0.056556215321987326,0.020054145376284162,0.09419988221259475,0.008599828003439931,13
base_epoch50,two_minus_stochastic,char_edit_distance,60,20,0.06488012060637895,0.0356514389254485,0.09571573150559627,0.0003599928001439971,18
base_epoch50,two_minus_stochastic,identity_delta_change,60,20,0.00029545314610003766,-0.025359282813345402,0.026027455125004057,0.9827803443931121,11
base_epoch50,two_minus_stochastic,identity_delta_abs_change,60,20,-0.02285475991666318,-0.03849637601835033,-0.005920859730492044,0.016839663206735866,5
base_epoch50,two_minus_stochastic,robust_content_error_change,60,20,0.24140277206453678,0.19286595736779558,0.29323458281914166,1.999960000799984e-05,20
base_epoch50,two_minus_stochastic,robust_content_error_abs_change,60,20,0.055217845879610594,-0.00589982546048723,0.11250589749302983,0.09241815163696726,13
base_epoch50,two_minus_stochastic,silence_fraction_change,60,20,0.12664784465895126,0.0729659469022166,0.17693931328503446,0.00023999520009599807,17
base_epoch50,two_minus_stochastic,rms_dbfs_change,60,20,-5.7553661180406195,-8.098704526223147,-3.269903266373533,0.0006599868002639947,4
base_epoch50,two_minus_stochastic,clip_fraction_change,60,20,3.6530646649630894e-05,0.0,0.00010925920996592847,0.5007499850003,2
base_epoch50,three_minus_stochastic,wavlm_cosine_distance,60,20,0.016511969072146398,-0.0010292306209664641,0.03649188621113956,0.10587788244235115,12
base_epoch50,three_minus_stochastic,word_edit_distance,60,20,0.16041517643893327,0.11433940910798372,0.212111659399059,3.999920001599968e-05,19
base_epoch50,three_minus_stochastic,char_edit_distance,60,20,0.16906615261547905,0.13272357652856645,0.20622371418590038,1.999960000799984e-05,20
base_epoch50,three_minus_stochastic,identity_delta_change,60,20,-0.014468450347582507,-0.04307620986054341,0.012309246833125745,0.34125317493650126,9
base_epoch50,three_minus_stochastic,identity_delta_abs_change,60,20,0.004291661580403641,-0.017305915715793766,0.029978115614503628,0.7454050918981621,8
base_epoch50,three_minus_stochastic,robust_content_error_change,60,20,0.32650641025641025,0.26880252896613194,0.38808501302618953,1.999960000799984e-05,20
base_epoch50,three_minus_stochastic,robust_content_error_abs_change,60,20,0.12368898258604144,0.053631535947712417,0.2011944872937521,0.0024199516009679807,13
base_epoch50,three_minus_stochastic,silence_fraction_change,60,20,0.23871786240176918,0.183265964070905,0.29276212772593435,1.999960000799984e-05,19
base_epoch50,three_minus_stochastic,rms_dbfs_change,60,20,-10.995938706082566,-13.71558509478836,-8.226421168539526,1.999960000799984e-05,1
base_epoch50,three_minus_stochastic,clip_fraction_change,60,20,9.850839877835953e-06,0.0,2.9467304755671912e-05,0.500969980600388,2
base_epoch50,two_minus_alternate_reference,wavlm_cosine_distance,60,20,0.0353388560577755,0.02836571419566027,0.04361182380201282,1.999960000799984e-05,20
base_epoch50,two_minus_alternate_reference,word_edit_distance,60,20,0.5087725275454505,0.44794744566349665,0.5694020361596951,1.999960000799984e-05,20
base_epoch50,two_minus_alternate_reference,char_edit_distance,60,20,0.40096921088980136,0.3611724619522044,0.44134574499101176,1.999960000799984e-05,20
base_epoch50,two_minus_alternate_reference,identity_delta_change,60,20,0.003173459942142171,-0.010267039618144421,0.017132624024525294,0.6597468050638987,9
base_epoch50,two_minus_alternate_reference,identity_delta_abs_change,60,20,0.043600313737988464,0.03446048998273908,0.05320120352941254,1.999960000799984e-05,20
base_epoch50,two_minus_alternate_reference,robust_content_error_change,60,20,0.21017447042241844,0.17294970265237877,0.24723110465116274,1.999960000799984e-05,20
base_epoch50,two_minus_alternate_reference,robust_content_error_abs_change,60,20,0.16147571819425444,0.11868975191380288,0.20685919342190717,1.999960000799984e-05,20
base_epoch50,two_minus_alternate_reference,silence_fraction_change,60,20,0.12302195312243787,0.09993503185275598,0.14589983709253054,1.999960000799984e-05,19
base_epoch50,two_minus_alternate_reference,rms_dbfs_change,60,20,-5.149250996631833,-6.080573165647448,-4.176423894308856,1.999960000799984e-05,0
base_epoch50,two_minus_alternate_reference,clip_fraction_change,60,20,-1.9700055011357182e-05,-5.9765625e-05,6.654599659284497e-07,1.0,1
base_epoch50,three_minus_alternate_reference,wavlm_cosine_distance,60,20,0.07344419081569792,0.05722917734891219,0.09224459246558175,1.999960000799984e-05,20
base_epoch50,three_minus_alternate_reference,word_edit_distance,60,20,0.6126314886623965,0.5496156702765618,0.6718986253504228,3.999920001599968e-05,20
base_epoch50,three_minus_alternate_reference,char_edit_distance,60,20,0.5051552428989013,0.4656629181279928,0.5443103411128764,1.999960000799984e-05,20
base_epoch50,three_minus_alternate_reference,identity_delta_change,60,20,-0.011590443551540376,-0.035222966397802036,0.01338943723589183,0.373892522149557,5
base_epoch50,three_minus_alternate_reference,identity_delta_abs_change,60,20,0.07074673523505529,0.053058349024504424,0.0899029263481498,1.999960000799984e-05,20
base_epoch50,three_minus_alternate_reference,robust_content_error_change,60,20,0.2952781086142919,0.23678777727820133,0.35975804680101015,1.999960000799984e-05,20
base_epoch50,three_minus_alternate_reference,robust_content_error_abs_change,60,20,0.22994685490068528,0.169982836660034,0.29871626128564405,1.999960000799984e-05,20
base_epoch50,three_minus_alternate_reference,silence_fraction_change,60,20,0.23509197086525577,0.2017804493865874,0.2683434957187181,1.999960000799984e-05,20
base_epoch50,three_minus_alternate_reference,rms_dbfs_change,60,20,-10.389823584673778,-12.071164013545106,-8.885366665122056,1.999960000799984e-05,0
base_epoch50,three_minus_alternate_reference,clip_fraction_change,60,20,-4.637986178315212e-05,-0.00013919910511080684,1.7042975567190228e-07,0.502669946601068,1
