variant,unit_id,src,tgt,mid_a,mid_b,source_sentence,comparison_role,wavlm_cosine_distance,word_edit_distance,char_edit_distance,identity_delta_change,identity_delta_abs_change,robust_content_error_change,robust_content_error_abs_change,silence_fraction_change,rms_dbfs_change,clip_fraction_change
base_epoch50,p236_to_p239__s002,p236,p239,p259,p263,002,stochastic,0.039870371384499115,0.5454545454545454,0.3333333333333333,-0.01508259773254389,0.01508259773254389,-0.45454545454545453,0.45454545454545453,-0.41540404040404044,15.493902722776411,0.0
base_epoch50,p236_to_p239__s002,p236,p239,p259,p263,002,alternate_reference,0.004308237760816458,0.2727272727272727,0.1,-0.004514634609222384,0.004514634609222384,-0.09090909090909094,0.09090909090909094,-0.0006313131313131493,0.4487449984412919,0.0
base_epoch50,p236_to_p239__s002,p236,p239,p259,p263,002,two_hop_via_a,0.0624137688535118,0.8,0.6097560975609756,-0.029391229152679388,0.029391229152679388,0.2727272727272728,0.2727272727272728,0.2981902356902356,-15.974249769440156,0.0
base_epoch50,p236_to_p239__s002,p236,p239,p259,p263,002,two_hop_via_b,0.04448849575007796,0.6,0.475,-0.10253000259399409,0.10253000259399409,0.09090909090909094,0.09090909090909094,0.059146148989899006,-3.6666269813326338,0.0
base_epoch50,p236_to_p239__s002,p236,p239,p259,p263,002,three_hop_via_a_b,0.027379356408487432,1.0,0.6590909090909091,-0.06829643249511719,0.06829643249511719,0.4545454545454546,0.4545454545454546,-0.04736163720538722,1.6765880210818054,0.0
base_epoch50,p236_to_p239__s002,p236,p239,p259,p263,002,three_hop_via_b_a,0.05549659559339881,0.7,0.4418604651162791,-0.0328682661056518,0.0328682661056518,0.18181818181818188,0.18181818181818188,0.2879840067340067,-15.243526453318516,0.0
base_epoch50,p236_to_p239__s004,p236,p239,p259,p263,004,stochastic,0.02736083047080662,0.4,0.4,0.036915123462677,0.036915123462677,-0.0025641025641026105,0.0025641025641026105,0.25885665274463016,-6.587634914357821,0.0
base_epoch50,p236_to_p239__s004,p236,p239,p259,p263,004,alternate_reference,0.005969500029132102,0.0,0.0,0.028462409973144503,0.028462409973144503,0.0,0.0,0.0140867392601432,0.26616142100688833,0.0
base_epoch50,p236_to_p239__s004,p236,p239,p259,p263,004,two_hop_via_a,0.10194520257061779,0.5714285714285714,0.46153846153846156,-0.011171579360961914,0.011171579360961914,0.33076923076923076,0.33076923076923076,0.27874216885441533,-8.408215947275806,0.0
base_epoch50,p236_to_p239__s004,p236,p239,p259,p263,004,two_hop_via_b,0.022795888312346135,0.7142857142857143,0.6346153846153846,-0.005217671394348117,0.005217671394348117,0.3974358974358974,0.3974358974358974,0.28338491945107397,-7.425690690291447,0.0
base_epoch50,p236_to_p239__s004,p236,p239,p259,p263,004,three_hop_via_a_b,0.0378354874382969,0.6428571428571429,0.6153846153846154,0.014087975025177002,0.014087975025177002,0.33076923076923076,0.33076923076923076,0.2953647076372315,-9.552110501612688,0.0
base_epoch50,p236_to_p239__s004,p236,p239,p259,p263,004,three_hop_via_b_a,0.12454511251175315,0.9285714285714286,0.7115384615384616,0.06839299201965329,0.06839299201965329,0.5974358974358975,0.5974358974358975,0.4416579653937948,-15.672873070518584,0.0
base_epoch50,p236_to_p239__s005,p236,p239,p259,p263,005,stochastic,0.029771335071466676,0.6666666666666666,0.4367816091954023,0.050284743309020996,0.050284743309020996,-0.09999999999999998,0.09999999999999998,-0.06940670289855067,4.725879844463336,0.0
base_epoch50,p236_to_p239__s005,p236,p239,p259,p263,005,alternate_reference,0.0020290068896020585,0.15,0.1,-0.011082828044891413,0.011082828044891413,-0.04999999999999993,0.04999999999999993,0.0019122383252818675,0.2623754944362844,0.0
base_epoch50,p236_to_p239__s005,p236,p239,p259,p263,005,two_hop_via_a,0.042092208273018406,0.55,0.3974358974358974,0.09666174650192258,0.09666174650192258,0.15000000000000002,0.15000000000000002,0.19791666666666674,-9.544412348000584,0.0
base_epoch50,p236_to_p239__s005,p236,p239,p259,p263,005,two_hop_via_b,0.02919543477182751,0.631578947368421,0.5128205128205128,0.019126236438751193,0.019126236438751193,0.15000000000000002,0.15000000000000002,0.19269575281803553,-9.244869413245866,0.0
base_epoch50,p236_to_p239__s005,p236,p239,p259,p263,005,three_hop_via_a_b,0.28347408743247426,0.7894736842105263,0.5384615384615384,0.11567157506942752,0.11567157506942752,0.25,0.25,0.3884422805958133,-22.489324521870856,0.0
base_epoch50,p236_to_p239__s005,p236,p239,p259,p263,005,three_hop_via_b_a,0.11974036132471899,0.7368421052631579,0.5256410256410257,0.0777549743652344,0.0777549743652344,0.20000000000000007,0.20000000000000007,0.31926202697262485,-16.370768939924133,0.0
base_epoch50,p236_to_p239__s006,p236,p239,p259,p263,006,stochastic,0.170232322572204,0.6875,0.42424242424242425,-0.062064707279205295,0.062064707279205295,0.05882352941176472,0.05882352941176472,-0.19164589723926384,8.388195879682428,0.0
base_epoch50,p236_to_p239__s006,p236,p239,p259,p263,006,alternate_reference,0.0012426263755530575,0.5294117647058824,0.30666666666666664,-0.000558733940124484,0.000558733940124484,0.17647058823529416,0.17647058823529416,0.0035467791411043503,0.13665718351595757,0.0
base_epoch50,p236_to_p239__s006,p236,p239,p259,p263,006,two_hop_via_a,0.006247438656554971,0.8823529411764706,0.5909090909090909,0.023636639118194608,0.023636639118194608,0.4117647058823528,0.4117647058823528,0.10690663343558282,-5.723215838980643,0.0
base_epoch50,p236_to_p239__s006,p236,p239,p259,p263,006,two_hop_via_b,0.016728222609220023,0.8823529411764706,0.7164179104477612,0.018587529659271212,0.018587529659271212,0.4117647058823528,0.4117647058823528,0.010688266871165641,-0.05435917248795619,0.0
base_epoch50,p236_to_p239__s006,p236,p239,p259,p263,006,three_hop_via_a_b,0.013946981619263221,0.875,0.7272727272727273,-0.0009779334068298895,0.0009779334068298895,0.4117647058823528,0.4117647058823528,-0.06355444785276076,2.8329894161479885,0.0
base_epoch50,p236_to_p239__s006,p236,p239,p259,p263,006,three_hop_via_b_a,0.1758877800539299,0.9375,0.803030303030303,0.1159240007400513,0.1159240007400513,0.4117647058823528,0.4117647058823528,0.3883084100204498,-19.36322584617224,0.0
base_epoch50,p236_to_p239__s007,p236,p239,p259,p263,007,stochastic,0.18790154607424192,0.6428571428571429,0.5,-0.0831925868988037,0.0831925868988037,-0.08333333333333337,0.08333333333333337,0.0638582378706199,0.7219347950759669,0.0
base_epoch50,p236_to_p239__s007,p236,p239,p259,p263,007,alternate_reference,0.0009059211742985518,0.26666666666666666,0.16071428571428573,-0.0027680993080138883,0.0027680993080138883,0.0,0.0,0.00476962601078168,0.2181446370596909,0.0
base_epoch50,p236_to_p239__s007,p236,p239,p259,p263,007,two_hop_via_a,0.01265230248505711,1.0,0.71875,0.026688694953918513,0.026688694953918513,0.16666666666666663,0.16666666666666663,0.13563426549865226,-3.5663179564112575,0.0
base_epoch50,p236_to_p239__s007,p236,p239,p259,p263,007,two_hop_via_b,0.02417861315611325,0.9375,0.6333333333333333,0.018675029277801514,0.018675029277801514,0.16666666666666663,0.16666666666666663,0.32051255053908356,-11.444854483022866,0.0
base_epoch50,p236_to_p239__s007,p236,p239,p259,p263,007,three_hop_via_a_b,0.03677143822166595,0.8888888888888888,0.7413793103448276,-0.002166688442230197,0.002166688442230197,0.16666666666666663,0.16666666666666663,0.3769794474393531,-12.498865142862108,0.0
base_epoch50,p236_to_p239__s007,p236,p239,p259,p263,007,three_hop_via_b_a,0.06881282319088178,0.875,0.7142857142857143,0.03489488363265991,0.03489488363265991,0.16666666666666663,0.16666666666666663,0.36340759770889486,-13.013918659089846,0.0
base_epoch50,p236_to_p259__s002,p236,p259,p239,p263,002,stochastic,0.03725774185712183,0.5833333333333334,0.3018867924528302,-0.03092673420906067,0.03092673420906067,0.09090909090909094,0.09090909090909094,-0.1355481902356902,5.780307807677499,0.0
base_epoch50,p236_to_p259__s002,p236,p259,p239,p263,002,alternate_reference,0.0005110696273573634,0.25,0.18867924528301888,0.0007869303226470947,0.0007869303226470947,0.09090909090909094,0.09090909090909094,-0.0018939393939393923,-0.053924780879270884,0.0
base_epoch50,p236_to_p259__s002,p236,p259,p239,p263,002,two_hop_via_a,0.027682496758759778,0.9166666666666666,0.6226415094339622,0.000749051570892334,0.000749051570892334,0.18181818181818188,0.18181818181818188,-0.21467276936026938,8.638350657688708,0.0
base_epoch50,p236_to_p259__s002,p236,p259,p239,p263,002,two_hop_via_b,0.02563882020230379,0.4166666666666667,0.3018867924528302,-0.018824011087417658,0.018824011087417658,0.18181818181818188,0.18181818181818188,-0.020241477272727293,1.099957865450321,0.0
base_epoch50,p236_to_p259__s002,p236,p259,p239,p263,002,three_hop_via_a_b,0.03695660292983605,0.9166666666666666,0.6792452830188679,-0.020471006631851196,0.020471006631851196,0.2727272727272728,0.2727272727272728,-0.19118265993265998,7.3539951643283,0.0
base_epoch50,p236_to_p259__s002,p236,p259,p239,p263,002,three_hop_via_b_a,0.018009120937991785,0.8333333333333334,0.6792452830188679,-0.0333864688873291,0.0333864688873291,0.18181818181818188,0.18181818181818188,0.05797558922558921,-2.0887220992654605,0.0
base_epoch50,p236_to_p259__s004,p236,p259,p239,p263,004,stochastic,0.023946101134282527,0.13333333333333333,0.11320754716981132,-0.01687052845954895,0.01687052845954895,-0.010256410256410303,0.010256410256410303,0.12987582040572787,-6.406504973814666,0.0
base_epoch50,p236_to_p259__s004,p236,p259,p239,p263,004,alternate_reference,0.0005596397107948681,0.0,0.0,0.0032395124435424805,0.0032395124435424805,0.0,0.0,-0.0005034307875895205,-0.03993752237230197,0.0
base_epoch50,p236_to_p259__s004,p236,p259,p239,p263,004,two_hop_via_a,0.02242056444926077,0.7333333333333333,0.46296296296296297,-0.05337873101234436,0.05337873101234436,0.5897435897435898,0.5897435897435898,-0.05196524463007163,2.2023625700586074,0.0
base_epoch50,p236_to_p259__s004,p236,p259,p239,p263,004,two_hop_via_b,0.021615707141787288,0.6666666666666666,0.5576923076923077,-0.030118584632873535,0.030118584632873535,0.5897435897435898,0.5897435897435898,-0.10419152744630072,4.154536984578879,0.0
base_epoch50,p236_to_p259__s004,p236,p259,p239,p263,004,three_hop_via_a_b,0.07097114828682827,1.0,0.7058823529411765,0.015907883644104004,0.015907883644104004,0.9230769230769231,0.9230769230769231,0.24126454355608595,-13.509904074658866,0.0
base_epoch50,p236_to_p259__s004,p236,p259,p239,p263,004,three_hop_via_b_a,0.03853586668582032,0.8235294117647058,0.6307692307692307,-0.015038371086120605,0.015038371086120605,0.8564102564102564,0.8564102564102564,0.00015848747016700138,-0.10898299131822853,0.0
base_epoch50,p236_to_p259__s005,p236,p259,p239,p263,005,stochastic,0.07259213861430491,0.6363636363636364,0.38823529411764707,0.0859232246875763,0.0859232246875763,0.35,0.35,0.021537842190016088,0.4472986623893327,0.0
base_epoch50,p236_to_p259__s005,p236,p259,p239,p263,005,alternate_reference,0.0004259394426313623,0.55,0.2840909090909091,0.0082169771194458,0.0082169771194458,0.30000000000000004,0.30000000000000004,-0.0008680555555555802,-0.06810964146401233,0.0
base_epoch50,p236_to_p259__s005,p236,p259,p239,p263,005,two_hop_via_a,0.013730722205891666,1.0,0.6341463414634146,0.01852744817733759,0.01852744817733759,0.65,0.65,0.12092391304347827,-6.039553763701342,0.0
base_epoch50,p236_to_p259__s005,p236,p259,p239,p263,005,two_hop_via_b,0.034289444662908286,0.6190476190476191,0.4578313253012048,0.019665688276290894,0.019665688276290894,0.5,0.5,-0.07376585144927539,3.1914574178329076,0.0
base_epoch50,p236_to_p259__s005,p236,p259,p239,p263,005,three_hop_via_a_b,0.17531554663329552,0.8095238095238095,0.7073170731707317,-0.05748403072357178,0.05748403072357178,0.55,0.55,0.3744904891304348,-18.481729109856587,0.0
base_epoch50,p236_to_p259__s005,p236,p259,p239,p263,005,three_hop_via_b_a,0.044258451271813826,0.6,0.5365853658536586,0.0533086359500885,0.0533086359500885,0.5,0.5,0.05309606481481477,-1.7403891668158558,0.0
base_epoch50,p236_to_p259__s006,p236,p259,p239,p263,006,stochastic,0.01579128148625919,0.42105263157894735,0.2602739726027397,-0.012025713920593262,0.012025713920593262,-0.05882352941176472,0.05882352941176472,-0.15862250766871167,8.684644908497354,0.0
base_epoch50,p236_to_p259__s006,p236,p259,p239,p263,006,alternate_reference,0.0013308967363551139,0.5555555555555556,0.3472222222222222,-0.0013296306133270819,0.0013296306133270819,0.23529411764705888,0.23529411764705888,-0.001118353783231052,-0.13267072232542887,0.0
base_epoch50,p236_to_p259__s006,p236,p259,p239,p263,006,two_hop_via_a,0.043747598379958674,0.8333333333333334,0.4507042253521127,-0.00011730194091796875,0.00011730194091796875,0.47058823529411764,0.47058823529411764,0.3208397239263804,-16.584245247997547,0.0
base_epoch50,p236_to_p259__s006,p236,p259,p239,p263,006,two_hop_via_b,0.036295746548330676,0.9444444444444444,0.6811594202898551,0.0490247905254364,0.0490247905254364,0.5294117647058822,0.5294117647058822,0.23747443762781184,-13.124155493767955,0.0
base_epoch50,p236_to_p259__s006,p236,p259,p239,p263,006,three_hop_via_a_b,0.013738495979674692,0.9444444444444444,0.6266666666666667,0.005521684885025024,0.005521684885025024,0.5882352941176471,0.5882352941176471,-0.012110173824130877,1.3806621816344276,0.0
base_epoch50,p236_to_p259__s006,p236,p259,p239,p263,006,three_hop_via_b_a,0.028935143067579605,0.9545454545454546,0.7468354430379747,0.03759223222732544,0.03759223222732544,0.5882352941176471,0.5882352941176471,0.3080745143149284,-16.106082165161016,0.0
base_epoch50,p236_to_p259__s007,p236,p259,p239,p263,007,stochastic,0.06520194843021376,0.7333333333333333,0.48333333333333334,-0.0073097944259643,0.0073097944259643,-0.6666666666666667,0.6666666666666667,-0.34248652291105125,15.968030670073802,0.0
base_epoch50,p236_to_p259__s007,p236,p259,p239,p263,007,alternate_reference,0.001456018826522576,0.0,0.0,0.011148214340210016,0.011148214340210016,0.0,0.0,0.0030744609164421455,-0.08840802184244012,0.0
base_epoch50,p236_to_p259__s007,p236,p259,p239,p263,007,two_hop_via_a,0.13858837393257306,1.0,0.8,0.03890466690063482,0.03890466690063482,0.0,0.0,0.27022616239892183,-13.315174026974617,0.0
base_epoch50,p236_to_p259__s007,p236,p259,p239,p263,007,two_hop_via_b,0.01759287097045581,0.4666666666666667,0.3333333333333333,-0.010393530130386297,0.010393530130386297,-0.25,0.25,0.010381570080862601,0.9055581324754698,0.0
base_epoch50,p236_to_p259__s007,p236,p259,p239,p263,007,three_hop_via_a_b,0.20335422077660514,0.8666666666666667,0.6666666666666666,-0.048486083745956365,0.048486083745956365,0.0,0.0,0.36977762803234504,-19.281985827869804,0.0
base_epoch50,p236_to_p259__s007,p236,p259,p239,p263,007,three_hop_via_b_a,0.012497258049187332,0.8666666666666667,0.5666666666666667,0.019727617502212524,0.019727617502212524,-0.08333333333333337,0.08333333333333337,-0.023384855121293735,2.472041321438031,0.0
base_epoch50,p236_to_p263__s002,p236,p263,p239,p259,002,stochastic,0.07353200898583245,0.7272727272727273,0.5476190476190477,-0.016372323036193848,0.016372323036193848,0.2727272727272728,0.2727272727272728,-0.09277672558922567,3.8699755923689025,0.0
base_epoch50,p236_to_p263__s002,p236,p263,p239,p259,002,alternate_reference,0.000534166848492168,0.4,0.2702702702702703,-0.009251654148101807,0.009251654148101807,0.2727272727272728,0.2727272727272728,0.0010653409090908283,-0.08580257808220182,0.0
base_epoch50,p236_to_p263__s002,p236,p263,p239,p259,002,two_hop_via_a,0.035631085769079474,0.4,0.35135135135135137,0.04219898581504822,0.04219898581504822,0.18181818181818188,0.18181818181818188,0.06007996632996626,-3.0679784171393116,0.0
base_epoch50,p236_to_p263__s002,p236,p263,p239,p259,002,two_hop_via_b,0.019983278187935882,0.8,0.46153846153846156,-0.004447221755981445,0.004447221755981445,0.18181818181818188,0.18181818181818188,-0.21701388888888895,7.779599169909758,0.0
base_epoch50,p236_to_p263__s002,p236,p263,p239,p259,002,three_hop_via_a_b,0.03242579244520871,0.8,0.5714285714285714,-0.05355554819107056,0.05355554819107056,0.09090909090909094,0.09090909090909094,0.16118213383838376,-7.307365872269816,0.0
base_epoch50,p236_to_p263__s002,p236,p263,p239,p259,002,three_hop_via_b_a,0.09796129356349925,0.6,0.4878048780487805,-0.15325099229812622,0.15325099229812622,0.09090909090909094,0.09090909090909094,0.11677977693602692,-6.026739375470893,0.0
base_epoch50,p236_to_p263__s004,p236,p263,p239,p259,004,stochastic,0.0755886550501439,0.5333333333333333,0.4339622641509434,0.17720928788185125,0.17720928788185125,0.2,0.2,-0.0283692571599046,-1.3590300123210675,0.0
base_epoch50,p236_to_p263__s004,p236,p263,p239,p259,004,alternate_reference,0.0003821528800729279,0.0,0.0,-0.004853218793868963,0.004853218793868963,0.0,0.0,0.0014357100238663878,-0.07120882065833811,0.0
base_epoch50,p236_to_p263__s004,p236,p263,p239,p259,004,two_hop_via_a,0.0633089080437611,0.2,0.2222222222222222,0.16625186800956732,0.16625186800956732,0.08846153846153837,0.08846153846153837,0.2285202863961814,-7.719097241903128,0.0
base_epoch50,p236_to_p263__s004,p236,p263,p239,p259,004,two_hop_via_b,0.0325118825309747,0.4,0.36538461538461536,0.08176171779632574,0.08176171779632574,0.2038461538461538,0.2038461538461538,-0.034084128878281605,1.003054933627972,0.0
base_epoch50,p236_to_p263__s004,p236,p263,p239,p259,004,three_hop_via_a_b,0.0807424575959641,0.9333333333333333,0.7692307692307693,0.07155600190162664,0.07155600190162664,0.7333333333333332,0.7333333333333332,0.5665274463007159,-24.24248599902369,0.0
base_epoch50,p236_to_p263__s004,p236,p263,p239,p259,004,three_hop_via_b_a,0.0590272946532735,0.7647058823529411,0.5178571428571429,0.13759720325469976,0.13759720325469976,0.7333333333333332,0.7333333333333332,0.039994779236276895,-1.8265710127995476,0.0
base_epoch50,p236_to_p263__s005,p236,p263,p239,p259,005,stochastic,0.035052633141038236,0.9,0.6067415730337079,0.04806208610534668,0.04806208610534668,0.050000000000000044,0.050000000000000044,0.0546749194847021,-1.901063296316007,0.0
base_epoch50,p236_to_p263__s005,p236,p263,p239,p259,005,alternate_reference,0.0003015169093186776,0.05,0.023255813953488372,-0.0007729232311248224,0.0007729232311248224,0.050000000000000044,0.050000000000000044,0.0023525563607084687,-0.08387772844654506,0.0
base_epoch50,p236_to_p263__s005,p236,p263,p239,p259,005,two_hop_via_a,0.010837210276620324,0.7,0.5348837209302325,0.0963391363620758,0.0963391363620758,0.0,0.0,0.10884661835748788,-3.0968962899267503,0.0
base_epoch50,p236_to_p263__s005,p236,p263,p239,p259,005,two_hop_via_b,0.019537684353265083,0.85,0.5232558139534884,0.1266451478004456,0.1266451478004456,0.10000000000000009,0.10000000000000009,-0.057279086151368785,2.475111700943664,0.0
base_epoch50,p236_to_p263__s005,p236,p263,p239,p259,005,three_hop_via_a_b,0.07049920981716429,0.9,0.5930232558139535,0.22810053825378424,0.22810053825378424,0.10000000000000009,0.10000000000000009,0.2601965076489533,-8.867775765110796,0.0
base_epoch50,p236_to_p263__s005,p236,p263,p239,p259,005,three_hop_via_b_a,0.013279326014961956,0.9909638554216867,0.9579606440071556,0.07345068454742437,0.07345068454742437,0.30000000000000004,0.30000000000000004,0.24996854871175522,-8.784322333549131,0.0
base_epoch50,p236_to_p263__s006,p236,p263,p239,p259,006,stochastic,0.04682833618726501,1.0,0.6984126984126984,-0.13313153386116028,0.13313153386116028,-0.2941176470588234,0.2941176470588234,0.07036841768916158,-3.1132581416126293,0.0
base_epoch50,p236_to_p263__s006,p236,p263,p239,p259,006,alternate_reference,0.00015170132119801671,0.0,0.0,0.0008070766925812323,0.0008070766925812323,0.0,0.0,0.002005048568507195,-0.12183159022242052,0.0
base_epoch50,p236_to_p263__s006,p236,p263,p239,p259,006,two_hop_via_a,0.007251646038781923,0.8947368421052632,0.6111111111111112,-0.0007988214492797852,0.0007988214492797852,0.0,0.0,0.1159812755623722,-4.423376109699788,0.0
base_epoch50,p236_to_p263__s006,p236,p263,p239,p259,006,two_hop_via_b,0.03673757443248249,0.625,0.4084507042253521,-0.119630366563797,0.119630366563797,-0.05882352941176461,0.05882352941176461,0.2713685455010225,-10.532813638976151,0.0
base_epoch50,p236_to_p263__s006,p236,p263,p239,p259,006,three_hop_via_a_b,0.022771927179934703,1.0,0.7910447761194029,-0.0716975331306457,0.0716975331306457,0.0,0.0,0.3397079498977505,-14.642783537543394,0.0
base_epoch50,p236_to_p263__s006,p236,p263,p239,p259,006,three_hop_via_b_a,0.031534052405318924,0.8947368421052632,0.581081081081081,-0.12293323874473566,0.12293323874473566,0.05882352941176483,0.05882352941176483,0.3185790516359918,-13.253942000855098,0.0
base_epoch50,p236_to_p263__s007,p236,p263,p239,p259,007,stochastic,0.10495040032390812,0.7272727272727273,0.4716981132075472,0.013924866914749146,0.013924866914749146,0.16666666666666663,0.16666666666666663,0.0724709400269542,1.1364310616152018,0.0
base_epoch50,p236_to_p263__s007,p236,p263,p239,p259,007,alternate_reference,0.00016648237477401295,0.09090909090909091,0.05660377358490566,-0.0011513829231262207,0.0011513829231262207,0.0,0.0,0.0032429245283018826,-0.1132637519571773,0.0
base_epoch50,p236_to_p263__s007,p236,p263,p239,p259,007,two_hop_via_a,0.027566754057931186,0.5,0.34545454545454546,0.019382476806640625,0.019382476806640625,0.33333333333333337,0.33333333333333337,-0.0858216812668463,3.2947294254842205,0.0
base_epoch50,p236_to_p263__s007,p236,p263,p239,p259,007,two_hop_via_b,0.021526788011081432,0.8,0.5818181818181818,-0.0002600550651550293,0.0002600550651550293,0.5,0.5,-0.08332631401617252,3.4840588632566067,0.0
base_epoch50,p236_to_p263__s007,p236,p263,p239,p259,007,three_hop_via_a_b,0.04433062333344373,0.75,0.3090909090909091,0.011528313159942627,0.011528313159942627,0.5,0.5,-0.054508507412398904,1.7858685203136986,0.0
base_epoch50,p236_to_p263__s007,p236,p263,p239,p259,007,three_hop_via_b_a,0.08287464061869376,0.9230769230769231,0.7407407407407407,-0.022412598133087158,0.022412598133087158,0.5,0.5,0.3457610343665769,-13.77103904239349,0.0
base_epoch50,p239_to_p236__s002,p239,p236,p259,p263,002,stochastic,0.07603990413605455,0.7,0.525,-0.11133825778961182,0.11133825778961182,0.18181818181818188,0.18181818181818188,0.48793579931972786,-19.74551427112739,0.0
base_epoch50,p239_to_p236__s002,p239,p236,p259,p263,002,alternate_reference,0.0025740433086196557,0.2,0.12195121951219512,0.0005441308021544855,0.0005441308021544855,-0.18181818181818177,0.18181818181818177,0.005846088435374097,-0.11465020806330273,0.0
base_epoch50,p239_to_p236__s002,p239,p236,p259,p263,002,two_hop_via_a,0.03957036949729109,0.6666666666666666,0.4888888888888889,-0.018024086952209528,0.018024086952209528,0.18181818181818188,0.18181818181818188,0.0815927933673469,-4.374773382580138,0.0
base_epoch50,p239_to_p236__s002,p239,p236,p259,p263,002,two_hop_via_b,0.03126546546698472,0.6666666666666666,0.40476190476190477,0.002415716648101751,0.002415716648101751,0.2727272727272728,0.2727272727272728,0.1231531675170068,-7.416282198063044,0.0
base_epoch50,p239_to_p236__s002,p239,p236,p259,p263,002,three_hop_via_a_b,0.16532056172997478,0.8888888888888888,0.55,-0.214936375617981,0.214936375617981,0.36363636363636376,0.36363636363636376,0.4070604804421768,-15.22652637964466,0.0
base_epoch50,p239_to_p236__s002,p239,p236,p259,p263,002,three_hop_via_b_a,0.04538987278549855,0.7,0.475,-0.053816437721252525,0.053816437721252525,0.2727272727272728,0.2727272727272728,0.3055511267006802,-13.094272780917137,0.0
base_epoch50,p239_to_p236__s004,p239,p236,p259,p263,004,stochastic,0.04784470959510967,0.8235294117647058,0.5614035087719298,-0.08133083581924438,0.08133083581924438,0.0,0.0,-0.009411337209302428,-1.553512021682824,0.0
base_epoch50,p239_to_p236__s004,p239,p236,p259,p263,004,alternate_reference,0.0008399394565918872,0.23076923076923078,0.17647058823529413,-0.002740442752838107,0.002740442752838107,-0.06666666666666665,0.06666666666666665,0.0012627180232557822,-0.10829289932322794,0.0
base_epoch50,p239_to_p236__s004,p239,p236,p259,p263,004,two_hop_via_a,0.026133972206354716,1.0,0.7,0.0102500319480896,0.0102500319480896,-0.06666666666666665,0.06666666666666665,0.2724291424418604,-10.331478731758047,0.0
base_epoch50,p239_to_p236__s004,p239,p236,p259,p263,004,two_hop_via_b,0.03350514744573929,0.7647058823529411,0.5614035087719298,-0.0780762434005737,0.0780762434005737,0.19999999999999996,0.19999999999999996,0.25598655523255814,-10.341753829274829,0.0
base_epoch50,p239_to_p236__s004,p239,p236,p259,p263,004,three_hop_via_a_b,0.12667547475751484,0.9411764705882353,0.7741935483870968,-0.2195461988449097,0.2195461988449097,0.2666666666666667,0.2666666666666667,0.549264171511628,-26.655517503358666,0.0
base_epoch50,p239_to_p236__s004,p239,p236,p259,p263,004,three_hop_via_b_a,0.03828766456607979,1.0,0.7058823529411765,0.007863342761993408,0.007863342761993408,0.2666666666666667,0.2666666666666667,0.35367005813953484,-14.602027035760912,0.0
base_epoch50,p239_to_p236__s005,p239,p236,p259,p263,005,stochastic,0.014233852422252613,0.5238095238095238,0.39473684210526316,-0.021996915340423584,0.021996915340423584,0.14999999999999997,0.14999999999999997,-0.0075832023060797005,5.131563556388709,0.0
base_epoch50,p239_to_p236__s005,p239,p236,p259,p263,005,alternate_reference,0.0004649094556173905,0.045454545454545456,0.02564102564102564,-0.0020501017570495883,0.0020501017570495883,0.04999999999999999,0.04999999999999999,0.007951716457023084,-0.1523027076030523,0.0
base_epoch50,p239_to_p236__s005,p239,p236,p259,p263,005,two_hop_via_a,0.008333574578559988,0.6666666666666666,0.38271604938271603,0.038378417491912814,0.038378417491912814,0.3,0.3,0.0985980083857442,-2.835479139812545,0.0
base_epoch50,p239_to_p236__s005,p239,p236,p259,p263,005,two_hop_via_b,0.018702733082319734,0.7142857142857143,0.4868421052631579,0.014119446277618408,0.014119446277618408,0.3,0.3,0.30612879979035634,-10.802988708621744,0.0
base_epoch50,p239_to_p236__s005,p239,p236,p259,p263,005,three_hop_via_a_b,0.02510139969014813,0.5238095238095238,0.47560975609756095,0.07099050283432001,0.07099050283432001,0.24999999999999994,0.24999999999999994,0.1251719732704402,-4.275773331180659,0.0
base_epoch50,p239_to_p236__s005,p239,p236,p259,p263,005,three_hop_via_b_a,0.008925135912752014,0.7619047619047619,0.6052631578947368,0.0063912272453308105,0.0063912272453308105,0.35000000000000003,0.35000000000000003,0.14671776729559752,-5.020948134959685,0.0
base_epoch50,p239_to_p236__s006,p239,p236,p259,p263,006,stochastic,0.030694811144464484,0.9411764705882353,0.6056338028169014,-0.06416505575180051,0.06416505575180051,-0.4117647058823529,0.4117647058823529,0.3983449348341233,-20.299520134013513,0.0
base_epoch50,p239_to_p236__s006,p239,p236,p259,p263,006,alternate_reference,0.0009852349467387445,0.4444444444444444,0.3116883116883117,0.002769649028778104,0.002769649028778104,0.11764705882352933,0.11764705882352933,0.003378628554502397,-0.06718698755779862,0.0
base_epoch50,p239_to_p236__s006,p239,p236,p259,p263,006,two_hop_via_a,0.03516928367195038,0.6875,0.5211267605633803,-0.004215836524963407,0.004215836524963407,0.11764705882352933,0.11764705882352933,0.20950273992891,-11.7443961780219,0.0
base_epoch50,p239_to_p236__s006,p239,p236,p259,p263,006,two_hop_via_b,0.012293446498631955,0.7647058823529411,0.6197183098591549,-0.05401068925857541,0.05401068925857541,0.11764705882352933,0.11764705882352933,-0.025048133886255895,4.014780707323817,0.0
base_epoch50,p239_to_p236__s006,p239,p236,p259,p263,006,three_hop_via_a_b,0.04312185511349387,0.8125,0.5774647887323944,0.051632821559906006,0.051632821559906006,0.17647058823529416,0.17647058823529416,0.3025492446682465,-14.36480128129285,0.0
base_epoch50,p239_to_p236__s006,p239,p236,p259,p263,006,three_hop_via_b_a,0.01997499603877484,1.0,0.684931506849315,0.024349987506866483,0.024349987506866483,0.11764705882352933,0.11764705882352933,0.05229006220379151,-4.3589612889578095,0.0
base_epoch50,p239_to_p236__s007,p239,p236,p259,p263,007,stochastic,0.023457309186871278,0.5384615384615384,0.417910447761194,0.0031740665435791016,0.0031740665435791016,0.08333333333333337,0.08333333333333337,0.056810317291311696,-2.6955590659466857,0.0
base_epoch50,p239_to_p236__s007,p239,p236,p259,p263,007,alternate_reference,0.0005926373163667176,0.21428571428571427,0.17647058823529413,0.012350976467132596,0.012350976467132596,0.16666666666666663,0.16666666666666663,0.007686062606473587,-0.13691576366619884,0.0
base_epoch50,p239_to_p236__s007,p239,p236,p259,p263,007,two_hop_via_a,0.07040531235263447,0.5714285714285714,0.5373134328358209,0.09356129169464109,0.09356129169464109,0.33333333333333337,0.33333333333333337,0.15597050681431007,-4.685461042248978,0.0
base_epoch50,p239_to_p236__s007,p239,p236,p259,p263,007,two_hop_via_b,0.11103180276502966,0.8235294117647058,0.5970149253731343,0.15165472030639648,0.15165472030639648,0.5,0.5,0.2832663436967632,-7.531757993314656,0.0
base_epoch50,p239_to_p236__s007,p239,p236,p259,p263,007,three_hop_via_a_b,0.10998541622496072,1.0,0.7910447761194029,0.1259327530860901,0.1259327530860901,0.5,0.5,0.4708129258943782,-12.940566123404224,0.0
base_epoch50,p239_to_p236__s007,p239,p236,p259,p263,007,three_hop_via_b_a,0.05846586421384725,0.8,0.5522388059701493,0.1018524765968323,0.1018524765968323,0.5,0.5,0.44249094974446335,-11.792870686626411,0.0
base_epoch50,p239_to_p259__s002,p239,p259,p236,p263,002,stochastic,0.038736950022635774,0.5454545454545454,0.34146341463414637,-0.03270184993743891,0.03270184993743891,0.17547568710359407,0.17547568710359407,0.1169749149659865,-4.758289487011169,0.0
base_epoch50,p239_to_p259__s002,p239,p259,p236,p263,002,alternate_reference,0.0011035296889034818,0.1,0.024390243902439025,0.007667899131774902,0.007667899131774902,0.08456659619450319,0.08456659619450319,-0.005885948129251695,-0.030571603162591998,0.0
base_epoch50,p239_to_p259__s002,p239,p259,p236,p263,002,two_hop_via_a,0.03846710668102249,0.6,0.4222222222222222,-0.009648501873016302,0.009648501873016302,0.266384778012685,0.266384778012685,0.13364955357142866,-6.794994546776593,0.0
base_epoch50,p239_to_p259__s002,p239,p259,p236,p263,002,two_hop_via_b,0.025397257937613826,0.5454545454545454,0.3333333333333333,-0.0169297456741333,0.0169297456741333,0.266384778012685,0.266384778012685,-0.02331792091836732,1.6316238879043432,0.0
base_epoch50,p239_to_p259__s002,p239,p259,p236,p263,002,three_hop_via_a_b,0.10887851056721021,1.0,0.7906976744186046,-0.08190375566482538,0.08190375566482538,0.7209302325581396,0.7209302325581396,0.24156303146258512,-12.182239458374383,0.0
base_epoch50,p239_to_p259__s002,p239,p259,p236,p263,002,three_hop_via_b_a,0.05102242858587669,0.8,0.5121951219512195,-0.04508852958679199,0.04508852958679199,0.5391120507399578,0.5391120507399578,0.10549532312925175,-5.4639670374676435,0.0
base_epoch50,p239_to_p259__s004,p239,p259,p236,p263,004,stochastic,0.07390560762602838,0.6428571428571429,0.4642857142857143,0.019241869449615506,0.019241869449615506,0.06666666666666665,0.06666666666666665,0.05736736918604651,-2.4277163427297026,0.0
base_epoch50,p239_to_p259__s004,p239,p259,p236,p263,004,alternate_reference,0.0016233721389042888,0.07142857142857142,0.07142857142857142,-0.0014433264732360007,0.0014433264732360007,0.0,0.0,-0.00737645348837207,0.019836021697550166,0.0
base_epoch50,p239_to_p259__s004,p239,p259,p236,p263,004,two_hop_via_a,0.041343386247536085,0.8125,0.6507936507936508,0.010064423084259116,0.010064423084259116,0.4,0.4,0.18906250000000002,-6.5113572337966446,0.0
base_epoch50,p239_to_p259__s004,p239,p259,p236,p263,004,two_hop_via_b,0.015751068300022042,0.5333333333333333,0.375,-0.008220970630645696,0.008220970630645696,0.1333333333333333,0.1333333333333333,-0.01680595930232559,0.7330291451854833,0.0
base_epoch50,p239_to_p259__s004,p239,p259,p236,p263,004,three_hop_via_a_b,0.12287922103749516,0.9411764705882353,0.7666666666666667,-0.037986576557159396,0.037986576557159396,0.5333333333333333,0.5333333333333333,0.34579396802325585,-15.504030854770424,0.0
base_epoch50,p239_to_p259__s004,p239,p259,p236,p263,004,three_hop_via_b_a,0.03176678493381391,0.6428571428571429,0.4642857142857143,0.0026432871818543036,0.0026432871818543036,0.19999999999999996,0.19999999999999996,0.2582757994186046,-9.81722368815046,0.0
base_epoch50,p239_to_p259__s005,p239,p259,p236,p263,005,stochastic,0.040522411020956994,0.6842105263157895,0.569620253164557,0.04797500371932989,0.04797500371932989,0.09999999999999998,0.09999999999999998,-0.07475923742138368,6.273333203592628,0.0
base_epoch50,p239_to_p259__s005,p239,p259,p236,p263,005,alternate_reference,0.0005725364199353766,0.29411764705882354,0.21739130434782608,-0.0026932954788208008,0.0026932954788208008,0.050000000000000044,0.050000000000000044,0.00031937893081762647,-0.021858465118128834,0.0
base_epoch50,p239_to_p259__s005,p239,p259,p236,p263,005,two_hop_via_a,0.0465699557276158,0.9047619047619048,0.6627906976744186,-0.0487094521522522,0.0487094521522522,0.25,0.25,0.3431767557651992,-15.030363895944404,0.0
base_epoch50,p239_to_p259__s005,p239,p259,p236,p263,005,two_hop_via_b,0.030408075040150084,0.6470588235294118,0.4810126582278481,-0.035779774188995306,0.035779774188995306,0.20000000000000007,0.20000000000000007,0.1764527646750524,-8.097032089486646,0.0
base_epoch50,p239_to_p259__s005,p239,p259,p236,p263,005,three_hop_via_a_b,0.3271186048872645,0.9411764705882353,0.7391304347826086,-0.071215808391571,0.071215808391571,0.4,0.4,0.5401680424528301,-28.82198541807916,0.0
base_epoch50,p239_to_p259__s005,p239,p259,p236,p263,005,three_hop_via_b_a,0.05619543716364195,0.8333333333333334,0.7536231884057971,0.004094183444976807,0.004094183444976807,0.4,0.4,0.16306341719077572,-7.873272787216479,0.0
base_epoch50,p239_to_p259__s006,p239,p259,p236,p263,006,stochastic,0.022834082328943905,0.8235294117647058,0.5797101449275363,-0.011315166950225802,0.011315166950225802,0.0,0.0,-0.2710030361374408,14.721590202811687,0.0
base_epoch50,p239_to_p259__s006,p239,p259,p236,p263,006,alternate_reference,0.0001812641566913964,0.0,0.0,0.002160847187042181,0.002160847187042181,0.0,0.0,0.0007682908767772112,-0.04081557790435042,0.0
base_epoch50,p239_to_p259__s006,p239,p259,p236,p263,006,two_hop_via_a,0.009374549407197952,0.631578947368421,0.43661971830985913,-0.001988589763641413,0.001988589763641413,-0.11764705882352944,0.11764705882352944,0.012107523696682498,-0.5913225070546453,0.0
base_epoch50,p239_to_p259__s006,p239,p259,p236,p263,006,two_hop_via_b,0.006561089434653722,0.6470588235294118,0.48484848484848486,0.008460998535156194,0.008460998535156194,0.11764705882352933,0.11764705882352933,-0.0133201273696682,0.085682150255451,0.0
base_epoch50,p239_to_p259__s006,p239,p259,p236,p263,006,three_hop_via_a_b,0.012403606945791457,0.8823529411764706,0.6,0.02547949552536008,0.02547949552536008,0.3529411764705882,0.3529411764705882,-0.2138718157582939,10.323122516423659,0.0
base_epoch50,p239_to_p259__s006,p239,p259,p236,p263,006,three_hop_via_b_a,0.021478017942960115,0.7647058823529411,0.578125,-0.03103178739547731,0.03103178739547731,0.2941176470588234,0.2941176470588234,0.10727377073459715,-5.417653288795233,0.0
base_epoch50,p239_to_p259__s007,p239,p259,p236,p263,007,stochastic,0.12053248079876289,0.8235294117647058,0.5806451612903226,-0.024326503276824896,0.024326503276824896,-0.5833333333333333,0.5833333333333333,0.15590396081771718,-6.815581277768395,-6.6545996592844975e-06
base_epoch50,p239_to_p259__s007,p239,p259,p236,p263,007,alternate_reference,0.0011550095793719795,0.11764705882352941,0.09523809523809523,0.0018401145935058871,0.0018401145935058871,0.0,0.0,-0.005163969335604812,-0.01620819694585407,0.0
base_epoch50,p239_to_p259__s007,p239,p259,p236,p263,007,two_hop_via_a,0.040797876817173506,1.0,0.8225806451612904,0.00023883581161499023,0.00023883581161499023,0.0,0.0,0.08334220613287907,-3.0060883826249416,-6.6545996592844975e-06
base_epoch50,p239_to_p259__s007,p239,p259,p236,p263,007,two_hop_via_b,0.04634872872656559,0.8823529411764706,0.7419354838709677,0.003688097000122098,0.003688097000122098,0.0,0.0,-0.014467099659284527,0.7985237020978975,0.0
base_epoch50,p239_to_p259__s007,p239,p259,p236,p263,007,three_hop_via_a_b,0.09792079873956716,1.0,0.8225806451612904,-0.010565936565399114,0.010565936565399114,0.0,0.0,0.26581798339011925,-8.438828905830697,-6.6545996592844975e-06
base_epoch50,p239_to_p259__s007,p239,p259,p236,p263,007,three_hop_via_b_a,0.10319137929647515,0.6842105263157895,0.6507936507936508,-0.03706192970275882,0.03706192970275882,0.0,0.0,0.2506920783645656,-8.431446361668609,-6.6545996592844975e-06
base_epoch50,p239_to_p263__s002,p239,p263,p236,p259,002,stochastic,0.067868324844929,0.7272727272727273,0.5111111111111111,-0.0697462260723114,0.0697462260723114,0.18181818181818188,0.18181818181818188,0.3574617346938776,-10.948230691423529,0.0
base_epoch50,p239_to_p263__s002,p239,p263,p236,p259,002,alternate_reference,0.0012379804765195734,0.0,0.0,-0.0024499595165252686,0.0024499595165252686,0.0,0.0,0.0019265518707482776,-0.07412278985728094,0.0
base_epoch50,p239_to_p263__s002,p239,p263,p236,p259,002,two_hop_via_a,0.06983299868641746,0.5454545454545454,0.4,0.08556710183620453,0.08556710183620453,0.18181818181818188,0.18181818181818188,0.2602705144557823,-7.794327481217891,0.0
base_epoch50,p239_to_p263__s002,p239,p263,p236,p259,002,two_hop_via_b,0.03966499591357786,0.6363636363636364,0.4666666666666667,0.06999614834785461,0.06999614834785461,0.2727272727272728,0.2727272727272728,0.27330463435374147,-8.277421888999548,0.0
base_epoch50,p239_to_p263__s002,p239,p263,p236,p259,002,three_hop_via_a_b,0.045498685009250917,0.7272727272727273,0.4888888888888889,-0.041977256536483765,0.041977256536483765,0.2727272727272728,0.2727272727272728,0.47425063775510207,-16.124913329976632,0.0
base_epoch50,p239_to_p263__s002,p239,p263,p236,p259,002,three_hop_via_b_a,0.04432791145679049,0.45454545454545453,0.37777777777777777,0.06928133964538574,0.06928133964538574,0.09090909090909094,0.09090909090909094,0.1799399447278911,-4.994465145015642,0.0
base_epoch50,p239_to_p263__s004,p239,p263,p236,p259,004,stochastic,0.0742016929773317,0.9333333333333333,0.6140350877192983,0.1707752346992493,0.1707752346992493,-0.20000000000000007,0.20000000000000007,-0.004060683139534893,-0.6317448213332391,0.0
base_epoch50,p239_to_p263__s004,p239,p263,p236,p259,004,alternate_reference,0.0001829457242648047,0.09090909090909091,0.057692307692307696,-0.0009111166000365933,0.0009111166000365933,0.0,0.0,0.001417151162790703,-0.07480462128784282,0.0
base_epoch50,p239_to_p263__s004,p239,p263,p236,p259,004,two_hop_via_a,0.04780550970026787,0.7058823529411765,0.4032258064516129,0.1795375347137451,0.1795375347137451,0.1333333333333333,0.1333333333333333,0.31740552325581395,-10.262031826250798,0.0
base_epoch50,p239_to_p263__s004,p239,p263,p236,p259,004,two_hop_via_b,0.03426731028469465,0.9333333333333333,0.7230769230769231,0.1246381998062134,0.1246381998062134,0.06666666666666654,0.06666666666666654,0.3084302325581395,-9.772491612271338,0.0
base_epoch50,p239_to_p263__s004,p239,p263,p236,p259,004,three_hop_via_a_b,0.02907311954078562,0.8,0.5806451612903226,-0.0526669025421143,0.0526669025421143,0.0,0.0,0.39972747093023253,-13.87750978062222,0.0
base_epoch50,p239_to_p263__s004,p239,p263,p236,p259,004,three_hop_via_b_a,0.11676403158913717,0.8,0.625,0.27699989080429077,0.27699989080429077,0.0,0.0,0.3770439680232558,-12.919979632255263,0.0
base_epoch50,p239_to_p263__s005,p239,p263,p236,p259,005,stochastic,0.10652369575836307,0.6363636363636364,0.4675324675324675,-0.28551971912384033,0.28551971912384033,0.19999999999999996,0.19999999999999996,-0.2329664570230608,9.097646768637226,0.0
base_epoch50,p239_to_p263__s005,p239,p263,p236,p259,005,alternate_reference,0.00023664769200226754,0.0,0.0,0.002958416938781794,0.002958416938781794,0.0,0.0,0.0019654088050314322,-0.08441986110269184,0.0
base_epoch50,p239_to_p263__s005,p239,p263,p236,p259,005,two_hop_via_a,0.020015597819182496,0.8636363636363636,0.5844155844155844,0.06894120573997503,0.06894120573997503,0.4,0.4,-0.0597074816561845,3.774818875284481,0.0
base_epoch50,p239_to_p263__s005,p239,p263,p236,p259,005,two_hop_via_b,0.014516375487519939,0.6363636363636364,0.5121951219512195,0.02498498558998108,0.02498498558998108,0.19999999999999996,0.19999999999999996,0.17924528301886788,-8.370322504193261,0.0
base_epoch50,p239_to_p263__s005,p239,p263,p236,p259,005,three_hop_via_a_b,0.06842028179719017,0.8181818181818182,0.5584415584415584,-0.2356001734733581,0.2356001734733581,0.4,0.4,-0.040282691299790396,2.9249412684296523,0.0
base_epoch50,p239_to_p263__s005,p239,p263,p236,p259,005,three_hop_via_b_a,0.08065729728854609,0.8181818181818182,0.5584415584415584,0.08317697048187261,0.08317697048187261,0.30000000000000004,0.30000000000000004,0.44420695754716977,-21.23856174292623,0.0
base_epoch50,p239_to_p263__s006,p239,p263,p236,p259,006,stochastic,0.1481975960672396,0.7222222222222222,0.5333333333333333,0.3574331402778626,0.3574331402778626,0.23529411764705888,0.23529411764705888,-0.25259182464454977,12.916939305961531,0.0
base_epoch50,p239_to_p263__s006,p239,p263,p236,p259,006,alternate_reference,0.00020244472962549498,0.0,0.0,-0.0031014680862427035,0.0031014680862427035,0.0,0.0,0.0010274733412322101,-0.10646766715196776,0.0
base_epoch50,p239_to_p263__s006,p239,p263,p236,p259,006,two_hop_via_a,0.1597853621630443,1.0,0.72,0.21885782480239874,0.21885782480239874,0.5882352941176471,0.5882352941176471,0.38592268957345977,-21.15706479030309,0.0
base_epoch50,p239_to_p263__s006,p239,p263,p236,p259,006,two_hop_via_b,0.05971158914457719,0.8888888888888888,0.68,0.22933363914489752,0.22933363914489752,0.5882352941176471,0.5882352941176471,0.14485522808056872,-6.0960386080206845,0.0
base_epoch50,p239_to_p263__s006,p239,p263,p236,p259,006,three_hop_via_a_b,0.31248101396147154,0.9444444444444444,0.68,0.3991215527057648,0.3991215527057648,0.5882352941176471,0.5882352941176471,0.30213270142180093,-13.531316183703673,0.0
base_epoch50,p239_to_p263__s006,p239,p263,p236,p259,006,three_hop_via_b_a,0.12002337919350348,0.9444444444444444,0.7066666666666667,0.2987449169158936,0.2987449169158936,0.5882352941176471,0.5882352941176471,0.2823978080568721,-12.792929450529698,0.0
base_epoch50,p239_to_p263__s007,p239,p263,p236,p259,007,stochastic,0.1609834657164051,0.5,0.3793103448275862,0.2622079253196716,0.2622079253196716,0.08333333333333337,0.08333333333333337,0.2287784816865418,-9.274373779339363,0.0
base_epoch50,p239_to_p263__s007,p239,p263,p236,p259,007,alternate_reference,0.0002586583592737446,0.0,0.0,0.008021473884582492,0.008021473884582492,0.0,0.0,0.0011512457410562116,-0.11417667641451068,0.0
base_epoch50,p239_to_p263__s007,p239,p263,p236,p259,007,two_hop_via_a,0.07180076111417477,0.9333333333333333,0.7666666666666667,-0.02813047170639041,0.02813047170639041,0.6666666666666667,0.6666666666666667,-0.0016969229131174879,0.5338066157920593,3.3272998296422486e-05
base_epoch50,p239_to_p263__s007,p239,p263,p236,p259,007,two_hop_via_b,0.022250178536954657,0.875,0.6896551724137931,-0.006055593490600614,0.006055593490600614,0.6666666666666667,0.6666666666666667,0.013994623083475322,-0.42538701330859574,0.0
base_epoch50,p239_to_p263__s007,p239,p263,p236,p259,007,three_hop_via_a_b,0.04461440777599668,0.8333333333333334,0.7068965517241379,-0.1732853055000306,0.1732853055000306,0.6666666666666667,0.6666666666666667,0.060477001703577504,-2.1904962318477867,0.0
base_epoch50,p239_to_p263__s007,p239,p263,p236,p259,007,three_hop_via_b_a,0.03066110059442373,1.0,0.9751824817518249,-0.10663056373596191,0.10663056373596191,0.6666666666666667,0.6666666666666667,0.2660775127768314,-8.912380269849795,0.0
base_epoch50,p259_to_p236__s002,p259,p236,p239,p263,002,stochastic,0.020647848204226382,0.5454545454545454,0.45652173913043476,0.013362407684326172,0.013362407684326172,-0.36363636363636365,0.36363636363636365,0.1992066936728396,-8.261907245013887,0.0
base_epoch50,p259_to_p236__s002,p259,p236,p239,p263,002,alternate_reference,0.014549429794764701,0.18181818181818182,0.17391304347826086,-0.03505724668502813,0.03505724668502813,-0.18181818181818182,0.18181818181818182,0.0040268132716050065,-0.19984104738378505,0.0
base_epoch50,p259_to_p236__s002,p259,p236,p239,p263,002,two_hop_via_a,0.0640244815999006,0.6363636363636364,0.5217391304347826,-0.13266682624816903,0.13266682624816903,0.09090909090909094,0.09090909090909094,0.1837987075617285,-6.022257756446589,0.0
base_epoch50,p259_to_p236__s002,p259,p236,p239,p263,002,two_hop_via_b,0.05901994499615981,0.7272727272727273,0.5869565217391305,-0.12673676013946542,0.12673676013946542,0.18181818181818188,0.18181818181818188,0.2820216049382717,-9.477275086339706,0.0
base_epoch50,p259_to_p236__s002,p259,p236,p239,p263,002,three_hop_via_a_b,0.09178383552144931,1.0,0.782608695652174,-0.20498222112655642,0.20498222112655642,0.4545454545454546,0.4545454545454546,0.5488884066358025,-21.95662808213923,0.0
base_epoch50,p259_to_p236__s002,p259,p236,p239,p263,002,three_hop_via_b_a,0.04891194753786898,0.8181818181818182,0.5869565217391305,0.018455982208251898,0.018455982208251898,0.2727272727272728,0.2727272727272728,0.55883487654321,-23.16201250939019,0.0
base_epoch50,p259_to_p236__s004,p259,p236,p239,p263,004,stochastic,0.05707280930320502,0.9375,0.576271186440678,-0.17845094203948983,0.17845094203948983,0.06666666666666665,0.06666666666666665,0.5015869140625001,-19.514532945502605,0.0
base_epoch50,p259_to_p236__s004,p259,p236,p239,p263,004,alternate_reference,0.0033503405319386115,0.21428571428571427,0.14035087719298245,0.004328548908233587,0.004328548908233587,-0.1333333333333333,0.1333333333333333,0.003756009615384609,-0.05131053074870451,0.0
base_epoch50,p259_to_p236__s004,p259,p236,p239,p263,004,two_hop_via_a,0.03353490571468143,0.8666666666666667,0.5483870967741935,-0.03708839416503912,0.03708839416503912,0.3999999999999999,0.3999999999999999,0.47285344050480776,-17.770376245196392,0.0
base_epoch50,p259_to_p236__s004,p259,p236,p239,p263,004,two_hop_via_b,0.022305088433179576,0.6666666666666666,0.46551724137931033,-0.07625687122344971,0.07625687122344971,0.33333333333333337,0.33333333333333337,0.2307598407451923,-9.725531806485588,0.0
base_epoch50,p259_to_p236__s004,p259,p236,p239,p263,004,three_hop_via_a_b,0.022347368221858455,0.9230769230769231,0.5740740740740741,-0.002999007701873835,0.002999007701873835,0.2666666666666667,0.2666666666666667,0.4855299729567308,-17.66351103867782,0.0
base_epoch50,p259_to_p236__s004,p259,p236,p239,p263,004,three_hop_via_b_a,0.014621383783142927,0.6875,0.46875,-0.04373121261596685,0.04373121261596685,0.1974358974358974,0.1974358974358974,0.1772836538461538,-8.199666441284293,0.0
base_epoch50,p259_to_p236__s005,p259,p236,p239,p263,005,stochastic,0.030022715715168236,0.5652173913043478,0.29545454545454547,-0.01762521266937256,0.01762521266937256,-0.04999999999999999,0.04999999999999999,0.22222782258064522,-6.92109532898596,0.0
base_epoch50,p259_to_p236__s005,p259,p236,p239,p263,005,alternate_reference,0.00033946581319976854,0.7083333333333334,0.46875,0.001211702823638916,0.001211702823638916,0.45,0.45,0.004340977822580694,0.43899267703040223,0.0
base_epoch50,p259_to_p236__s005,p259,p236,p239,p263,005,two_hop_via_a,0.03720137057521444,0.72,0.6021505376344086,0.09093067049980164,0.09093067049980164,0.49999999999999994,0.49999999999999994,0.0370967741935484,-0.5030274340588861,0.0
base_epoch50,p259_to_p236__s005,p259,p236,p239,p263,005,two_hop_via_b,0.008284291756532225,0.7307692307692307,0.46808510638297873,0.02941513061523432,0.02941513061523432,0.49999999999999994,0.49999999999999994,0.0396988407258064,-1.383733358575359,0.0
base_epoch50,p259_to_p236__s005,p259,p236,p239,p263,005,three_hop_via_a_b,0.01585749616123433,0.9583333333333334,0.6741573033707865,0.03537964820861811,0.03537964820861811,0.55,0.55,0.41358996975806456,-16.048751369139723,0.0
base_epoch50,p259_to_p236__s005,p259,p236,p239,p263,005,three_hop_via_b_a,0.019609454289793993,0.875,0.6559139784946236,0.003385066986083929,0.003385066986083929,0.49999999999999994,0.49999999999999994,0.08970514112903222,-2.642974389273242,0.0
base_epoch50,p259_to_p236__s006,p259,p236,p239,p263,006,stochastic,0.059534926203589134,0.9932432432432432,0.9645569620253165,0.148164987564087,0.148164987564087,0.05882352941176483,0.05882352941176483,0.0460390625,-6.1862704997363345,-0.003359375
base_epoch50,p259_to_p236__s006,p259,p236,p239,p263,006,alternate_reference,0.003457952634636552,0.5263157894736842,0.3972602739726027,-0.0262532830238342,0.0262532830238342,-0.05882352941176461,0.05882352941176461,0.0012187499999999976,-0.025641944942729644,7.812500000000007e-06
base_epoch50,p259_to_p236__s006,p259,p236,p239,p263,006,two_hop_via_a,0.021018837259017986,0.9090909090909091,0.6451612903225806,-0.08719223737716669,0.08719223737716669,0.05882352941176483,0.05882352941176483,0.002312499999999995,0.20725233716301883,0.0006718750000000002
base_epoch50,p259_to_p236__s006,p259,p236,p239,p263,006,two_hop_via_b,0.03829609321902305,0.9473684210526315,0.72,-0.0756908059120178,0.0756908059120178,0.05882352941176483,0.05882352941176483,0.0203828125,-1.8277500016555663,-0.003046875
base_epoch50,p259_to_p236__s006,p259,p236,p239,p263,006,three_hop_via_a_b,0.03259384140592292,0.92,0.6703296703296703,-0.010010123252868597,0.010010123252868597,0.05882352941176483,0.05882352941176483,0.019671875,-0.9994024282350438,-0.0021875
base_epoch50,p259_to_p236__s006,p259,p236,p239,p263,006,three_hop_via_b_a,0.0541800529835218,1.0,0.821917808219178,0.034973442554473905,0.034973442554473905,0.0,0.0,0.1793828125,-12.445400679683798,-0.003359375
base_epoch50,p259_to_p236__s007,p259,p236,p239,p263,007,stochastic,0.09144282039881912,1.0,0.6557377049180327,0.15853074193000793,0.15853074193000793,-0.08333333333333337,0.08333333333333337,-0.07415173100490197,3.5752157179549293,0.0
base_epoch50,p259_to_p236__s007,p259,p236,p239,p263,007,alternate_reference,0.0005944022112643887,0.0,0.0,-0.007289707660675104,0.007289707660675104,0.0,0.0,0.004308363970588203,-0.3053336686383865,0.0
base_epoch50,p259_to_p236__s007,p259,p236,p239,p263,007,two_hop_via_a,0.035235228967697596,1.0,0.7666666666666667,-0.08493328094482427,0.08493328094482427,0.25,0.25,0.258722043504902,-13.280008891929853,0.0
base_epoch50,p259_to_p236__s007,p259,p236,p239,p263,007,two_hop_via_b,0.04217139414401472,0.9333333333333333,0.734375,0.019877374172210693,0.019877374172210693,0.25,0.25,-0.03756893382352938,-0.3109273027137682,0.0
base_epoch50,p259_to_p236__s007,p259,p236,p239,p263,007,three_hop_via_a_b,0.044510202398980625,1.0,0.6461538461538462,-0.06447023153305059,0.06447023153305059,0.25,0.25,0.10244332107843135,-5.65371529998577,0.0
base_epoch50,p259_to_p236__s007,p259,p236,p239,p263,007,three_hop_via_b_a,0.046376790433724224,0.8666666666666667,0.711864406779661,-0.009740412235260065,0.009740412235260065,0.25,0.25,0.23170381433823528,-12.633103959503813,0.0
base_epoch50,p259_to_p239__s002,p259,p239,p236,p263,002,stochastic,0.11968922604657461,0.6363636363636364,0.38636363636363635,0.003672122955322321,0.003672122955322321,-0.4545454545454546,0.4545454545454546,-0.20962336033950624,6.7945651778935705,0.0
base_epoch50,p259_to_p239__s002,p259,p239,p236,p263,002,alternate_reference,0.0018129091516780882,0.3333333333333333,0.1951219512195122,0.0068217515945435125,0.0068217515945435125,0.0,0.0,0.005304783950617287,0.13880824300826333,0.0
base_epoch50,p259_to_p239__s002,p259,p239,p236,p263,002,two_hop_via_a,0.05308591577796151,0.6666666666666666,0.6153846153846154,-0.04204857349395749,0.04204857349395749,0.09090909090909094,0.09090909090909094,0.24131944444444442,-12.547755070842008,0.0
base_epoch50,p259_to_p239__s002,p259,p239,p236,p263,002,two_hop_via_b,0.04508937096014887,0.7272727272727273,0.5121951219512195,0.01318806409835821,0.01318806409835821,-0.09090909090909094,0.09090909090909094,0.197241512345679,-10.422362981468275,0.0
base_epoch50,p259_to_p239__s002,p259,p239,p236,p263,002,three_hop_via_a_b,0.48326439890366035,1.0,0.7692307692307693,-0.19095626473426808,0.19095626473426808,0.36363636363636365,0.36363636363636365,0.43829571759259256,-35.09953182927565,0.0
base_epoch50,p259_to_p239__s002,p259,p239,p236,p263,002,three_hop_via_b_a,0.36779999435117217,0.7777777777777778,0.6153846153846154,-0.2077528834342955,0.2077528834342955,0.0,0.0,0.4336660879629629,-27.933976422755634,0.0
base_epoch50,p259_to_p239__s004,p259,p239,p236,p263,004,stochastic,0.022436641830933635,0.3333333333333333,0.288135593220339,-0.025559544563293374,0.025559544563293374,-0.06666666666666665,0.06666666666666665,-0.13568584735576933,4.558516876582111,0.0
base_epoch50,p259_to_p239__s004,p259,p239,p236,p263,004,alternate_reference,0.006941184282542756,0.25,0.16393442622950818,-0.016340374946594183,0.016340374946594183,0.1333333333333333,0.1333333333333333,0.0008451021634615086,0.14415486150730672,0.0
base_epoch50,p259_to_p239__s004,p259,p239,p236,p263,004,two_hop_via_a,0.011160902007980145,0.5625,0.4482758620689655,-0.030553400516509982,0.030553400516509982,0.1333333333333333,0.1333333333333333,0.2656813401442307,-9.447514133017329,0.0
base_epoch50,p259_to_p239__s004,p259,p239,p236,p263,004,two_hop_via_b,0.013742592706582513,0.5333333333333333,0.4126984126984127,-0.019489049911498996,0.019489049911498996,0.2666666666666666,0.2666666666666666,0.07439716045673067,-1.6990480556225123,0.0
base_epoch50,p259_to_p239__s004,p259,p239,p236,p263,004,three_hop_via_a_b,0.030127210351224232,0.9333333333333333,0.6825396825396826,-0.05470716953277589,0.05470716953277589,0.4,0.4,0.4141376201923077,-16.57966222147048,0.0
base_epoch50,p259_to_p239__s004,p259,p239,p236,p263,004,three_hop_via_b_a,0.014619882179069177,0.9333333333333333,0.7333333333333333,0.011501967906951904,0.011501967906951904,0.46666666666666656,0.46666666666666656,0.17360276442307687,-6.13101705904873,0.0
base_epoch50,p259_to_p239__s005,p259,p239,p236,p263,005,stochastic,0.04262404075738113,0.7619047619047619,0.5,-0.031614243984222384,0.031614243984222384,-0.25,0.25,0.08919480846774189,-4.778775957032526,0.0
base_epoch50,p259_to_p239__s005,p259,p239,p236,p263,005,alternate_reference,0.002557180531202796,0.6190476190476191,0.358695652173913,-0.00638425350189209,0.00638425350189209,-0.15000000000000002,0.15000000000000002,0.011265120967741904,-0.04372602588649954,0.0
base_epoch50,p259_to_p239__s005,p259,p239,p236,p263,005,two_hop_via_a,0.014202725497915125,0.8333333333333334,0.5604395604395604,-0.009369492530822698,0.009369492530822698,0.19999999999999996,0.19999999999999996,0.17116935483870968,-6.961410256771156,0.0
base_epoch50,p259_to_p239__s005,p259,p239,p236,p263,005,two_hop_via_b,0.020180359554132332,0.8461538461538461,0.5319148936170213,-0.022895574569702093,0.022895574569702093,0.25,0.25,0.2724231350806452,-11.069416176889867,0.0
base_epoch50,p259_to_p239__s005,p259,p239,p236,p263,005,three_hop_via_a_b,0.014560034321528303,0.8,0.5212765957446809,0.0059505105018616,0.0059505105018616,0.25,0.25,0.30196572580645165,-12.339932952758254,0.0
base_epoch50,p259_to_p239__s005,p259,p239,p236,p263,005,three_hop_via_b_a,0.04055722265752937,0.9,0.6296296296296297,-0.025925159454345675,0.025925159454345675,0.15000000000000002,0.15000000000000002,0.46369077620967747,-19.282862822095296,0.0
base_epoch50,p259_to_p239__s006,p259,p239,p236,p263,006,stochastic,0.041761753696484494,0.7222222222222222,0.5428571428571428,-0.042467355728149386,0.042467355728149386,-0.17647058823529416,0.17647058823529416,-0.26641406250000005,11.258054371583789,0.0
base_epoch50,p259_to_p239__s006,p259,p239,p236,p263,006,alternate_reference,0.0023642858473578166,0.2222222222222222,0.14285714285714285,-0.013061165809631375,0.013061165809631375,-0.1176470588235295,0.1176470588235295,0.004562499999999914,0.28768489919175977,0.0
base_epoch50,p259_to_p239__s006,p259,p239,p236,p263,006,two_hop_via_a,0.06797157855733826,0.8888888888888888,0.6142857142857143,-0.04304641485214239,0.04304641485214239,0.2941176470588235,0.2941176470588235,0.2641328125,-10.715341606491606,0.0
base_epoch50,p259_to_p239__s006,p259,p239,p236,p263,006,two_hop_via_b,0.07751846567631482,0.9444444444444444,0.6857142857142857,-0.026614904403686496,0.026614904403686496,0.3529411764705881,0.3529411764705881,0.339890625,-14.88542349915388,0.0
base_epoch50,p259_to_p239__s006,p259,p239,p236,p263,006,three_hop_via_a_b,0.22886761421699187,0.9444444444444444,0.7571428571428571,-0.15470182895660398,0.15470182895660398,0.4117647058823529,0.4117647058823529,0.36134374999999996,-15.757422021448342,0.0
base_epoch50,p259_to_p239__s006,p259,p239,p236,p263,006,three_hop_via_b_a,0.17992796223057494,0.9444444444444444,0.7285714285714285,-0.10022157430648809,0.10022157430648809,0.3529411764705881,0.3529411764705881,0.428640625,-20.69978954914624,0.0
base_epoch50,p259_to_p239__s007,p259,p239,p236,p263,007,stochastic,0.04101353640979899,0.8333333333333334,0.3728813559322034,-0.03958261013031,0.03958261013031,0.5833333333333333,0.5833333333333333,0.10963350183823531,-6.272269672453831,0.0
base_epoch50,p259_to_p239__s007,p259,p239,p236,p263,007,alternate_reference,0.0018237025992374756,0.6153846153846154,0.4032258064516129,-0.01478719711303711,0.01478719711303711,0.3333333333333333,0.3333333333333333,0.0050551470588235115,0.45759910935066017,0.0
base_epoch50,p259_to_p239__s007,p259,p239,p236,p263,007,two_hop_via_a,0.05073573254581487,0.9411764705882353,0.7,0.050248682498931885,0.050248682498931885,0.6666666666666667,0.6666666666666667,0.011709175857843118,-1.0421503508184138,0.0
base_epoch50,p259_to_p239__s007,p259,p239,p236,p263,007,two_hop_via_b,0.010433802733544884,1.0,0.5737704918032787,-0.0027265548706054132,0.0027265548706054132,0.6666666666666667,0.6666666666666667,0.10939414828431371,-6.567369296115739,0.0
base_epoch50,p259_to_p239__s007,p259,p239,p236,p263,007,three_hop_via_a_b,0.029206909320764862,0.9375,0.7903225806451613,0.004113018512725886,0.004113018512725886,0.6666666666666667,0.6666666666666667,0.0429783241421568,-3.490960048322613,0.0
base_epoch50,p259_to_p239__s007,p259,p239,p236,p263,007,three_hop_via_b_a,0.0248657119410568,0.9444444444444444,0.6865671641791045,0.0038520097732543945,0.0038520097732543945,0.6666666666666667,0.6666666666666667,0.3275888480392156,-14.23088316863491,0.0
base_epoch50,p259_to_p263__s002,p259,p263,p236,p239,002,stochastic,0.03932452328005498,0.4166666666666667,0.2978723404255319,0.0453232526779175,0.0453232526779175,0.45454545454545453,0.45454545454545453,-0.34891010802469136,12.31598459434709,0.0
base_epoch50,p259_to_p263__s002,p259,p263,p236,p239,002,alternate_reference,0.0008749978423655547,0.0,0.0,-0.012605905532836897,0.012605905532836897,0.0,0.0,-0.0010006751543210068,-0.09250781083343895,0.0
base_epoch50,p259_to_p263__s002,p259,p263,p236,p239,002,two_hop_via_a,0.017487537716832646,0.25,0.20454545454545456,0.0984420776367187,0.0984420776367187,0.2727272727272727,0.2727272727272727,0.06083622685185186,-4.054953272582331,0.0
base_epoch50,p259_to_p263__s002,p259,p263,p236,p239,002,two_hop_via_b,0.017039441645713138,0.25,0.11363636363636363,0.08167463541030881,0.08167463541030881,0.0909090909090909,0.0909090909090909,-0.010657793209876476,-0.30098049347234124,0.0
base_epoch50,p259_to_p263__s002,p259,p263,p236,p239,002,three_hop_via_a_b,0.06990844559726805,0.5833333333333334,0.4772727272727273,0.1944286227226257,0.1944286227226257,0.6363636363636364,0.6363636363636364,0.17732445987654322,-9.060235100160448,0.0
base_epoch50,p259_to_p263__s002,p259,p263,p236,p239,002,three_hop_via_b_a,0.13886540062357122,0.75,0.5909090909090909,0.3022156953811646,0.3022156953811646,0.7272727272727273,0.7272727272727273,0.18233989197530864,-9.720072570772082,0.0
base_epoch50,p259_to_p263__s004,p259,p263,p236,p239,004,stochastic,0.054483376949478246,0.7647058823529411,0.5806451612903226,-0.14154011011123663,0.14154011011123663,0.06666666666666676,0.06666666666666676,0.14865347055288458,-5.52690525486744,0.0
base_epoch50,p259_to_p263__s004,p259,p263,p236,p239,004,alternate_reference,0.00032282235817437943,0.23529411764705882,0.16129032258064516,-0.007404267787933294,0.007404267787933294,-0.19999999999999996,0.19999999999999996,0.0010516826923077094,-0.07045763852039855,0.0
base_epoch50,p259_to_p263__s004,p259,p263,p236,p239,004,two_hop_via_a,0.017638868786903683,0.6470588235294118,0.5303030303030303,-0.0841186642646789,0.0841186642646789,0.0,0.0,0.1089712289663462,-4.368752869305954,0.0
base_epoch50,p259_to_p263__s004,p259,p263,p236,p239,004,two_hop_via_b,0.01858729975082085,0.7647058823529411,0.6451612903225806,0.008433520793914795,0.008433520793914795,0.13333333333333341,0.13333333333333341,0.06313852163461539,-2.259219341335921,0.0
base_epoch50,p259_to_p263__s004,p259,p263,p236,p239,004,three_hop_via_a_b,0.042575219015208,0.9411764705882353,0.8064516129032258,-0.1433302760124206,0.1433302760124206,0.2666666666666667,0.2666666666666667,0.07311072716346159,-2.21155180416433,0.0
base_epoch50,p259_to_p263__s004,p259,p263,p236,p239,004,three_hop_via_b_a,0.027155225750714607,1.0,0.7777777777777778,0.034304916858673096,0.034304916858673096,0.2666666666666667,0.2666666666666667,-0.01736215444711539,1.8373149530364543,0.0
base_epoch50,p259_to_p263__s005,p259,p263,p236,p239,005,stochastic,0.061419602143527596,0.42857142857142855,0.32558139534883723,-0.1978073120117188,0.1978073120117188,0.04999999999999999,0.04999999999999999,-0.3448147681451613,15.981043471219543,0.0
base_epoch50,p259_to_p263__s005,p259,p263,p236,p239,005,alternate_reference,0.0015652749741370542,0.19047619047619047,0.10465116279069768,-0.03619873523712161,0.03619873523712161,0.10000000000000003,0.10000000000000003,0.0022114415322580516,-0.08598439504842048,0.0
base_epoch50,p259_to_p263__s005,p259,p263,p236,p239,005,two_hop_via_a,0.04241301728225644,0.6666666666666666,0.5348837209302325,-0.17090111970901492,0.17090111970901492,0.35000000000000003,0.35000000000000003,0.0424773185483871,-1.5922709742292582,0.0
base_epoch50,p259_to_p263__s005,p259,p263,p236,p239,005,two_hop_via_b,0.023156275663483217,0.6956521739130435,0.5,-0.0999836325645447,0.0999836325645447,0.39999999999999997,0.39999999999999997,0.01261970766129028,-1.2227507593918503,0.0
base_epoch50,p259_to_p263__s005,p259,p263,p236,p239,005,three_hop_via_a_b,0.05256764296381,0.7727272727272727,0.6363636363636364,-0.01735025644302371,0.01735025644302371,0.45,0.45,0.2837701612903226,-12.411200669023017,0.0
base_epoch50,p259_to_p263__s005,p259,p263,p236,p239,005,three_hop_via_b_a,0.03615694481926213,0.8,0.6086956521739131,-0.07283598184585571,0.07283598184585571,0.55,0.55,0.11881300403225803,-5.624339017536919,0.0
base_epoch50,p259_to_p263__s006,p259,p263,p236,p239,006,stochastic,0.03108456177615404,0.75,0.6376811594202898,-0.12349075078964239,0.12349075078964239,-0.35294117647058826,0.35294117647058826,0.24394531249999998,-11.573397076530771,0.0
base_epoch50,p259_to_p263__s006,p259,p263,p236,p239,006,alternate_reference,0.00016715381316501077,0.75,0.391304347826087,-0.00563615560531619,0.00563615560531619,0.0,0.0,0.0013203125000000038,-0.1070405157006924,0.0
base_epoch50,p259_to_p263__s006,p259,p263,p236,p239,006,two_hop_via_a,0.01626268042204715,0.95,0.6811594202898551,-0.044829607009887695,0.044829607009887695,0.17647058823529416,0.17647058823529416,0.0057421874999999956,0.8232109383559454,0.0
base_epoch50,p259_to_p263__s006,p259,p263,p236,p239,006,two_hop_via_b,0.020451507965128735,0.7619047619047619,0.6455696202531646,-0.06734937429428098,0.06734937429428098,0.17647058823529416,0.17647058823529416,0.22082031250000003,-10.331642170229461,0.0
base_epoch50,p259_to_p263__s006,p259,p263,p236,p239,006,three_hop_via_a_b,0.031659761123585595,1.0,0.7142857142857143,-0.09682154655456549,0.09682154655456549,0.17647058823529416,0.17647058823529416,0.11366406250000002,-4.909220375257988,0.0
base_epoch50,p259_to_p263__s006,p259,p263,p236,p239,006,three_hop_via_b_a,0.021868743501605614,0.95,0.7746478873239436,-0.08231496810913089,0.08231496810913089,0.17647058823529416,0.17647058823529416,0.26449218750000003,-12.563910399394246,0.0
base_epoch50,p259_to_p263__s007,p259,p263,p236,p239,007,stochastic,0.10829976180851142,0.8461538461538461,0.5,0.205622136592865,0.205622136592865,0.16666666666666663,0.16666666666666663,-0.1958773743872549,7.373064112282364,0.0
base_epoch50,p259_to_p263__s007,p259,p263,p236,p239,007,alternate_reference,0.0007700512219708244,0.0,0.0,0.015474915504455511,0.015474915504455511,0.0,0.0,0.002211626838235281,-0.10703419174548756,0.0
base_epoch50,p259_to_p263__s007,p259,p263,p236,p239,007,two_hop_via_a,0.1909863961521796,1.0,0.6428571428571429,0.22896108031272888,0.22896108031272888,0.5,0.5,0.3765031403186274,-18.832866898037246,0.0
base_epoch50,p259_to_p263__s007,p259,p263,p236,p239,007,two_hop_via_b,0.025381530632299754,0.9375,0.5714285714285714,-0.0834563374519349,0.0834563374519349,0.5,0.5,0.10416666666666669,-4.328209813982827,0.0
base_epoch50,p259_to_p263__s007,p259,p263,p236,p239,007,three_hop_via_a_b,0.22507279987106255,0.9937304075235109,0.962671905697446,0.19057831168174738,0.19057831168174738,0.5,0.5,0.5274011948529411,-26.752996908738787,0.0
base_epoch50,p259_to_p263__s007,p259,p263,p236,p239,007,three_hop_via_b_a,0.10435383352116667,1.0,0.8269230769230769,0.1590728759765625,0.1590728759765625,0.5,0.5,0.287875306372549,-13.572631734188093,0.0
base_epoch50,p263_to_p236__s002,p263,p236,p239,p259,002,stochastic,0.03923757902000591,0.75,0.6666666666666666,0.008192718029022161,0.008192718029022161,0.18181818181818188,0.18181818181818188,0.1177271021021021,0.019629502933344867,0.0
base_epoch50,p263_to_p236__s002,p263,p236,p239,p259,002,alternate_reference,0.0014048224496280293,0.5833333333333334,0.4230769230769231,0.008042752742767278,0.008042752742767278,0.014799154334038112,0.014799154334038112,0.005841779279279313,-0.11428918595343518,0.0
base_epoch50,p263_to_p236__s002,p263,p236,p239,p259,002,two_hop_via_a,0.02601386809822026,0.6666666666666666,0.5833333333333334,0.026774734258651678,0.026774734258651678,0.2727272727272728,0.2727272727272728,0.36206128003003013,-13.370946130208072,0.0
base_epoch50,p263_to_p236__s002,p263,p236,p239,p259,002,two_hop_via_b,0.03661466921044765,0.9166666666666666,0.7692307692307693,0.06818962097167969,0.06818962097167969,0.2727272727272728,0.2727272727272728,-0.06789602102102099,5.5988032362970515,0.0
base_epoch50,p263_to_p236__s002,p263,p236,p239,p259,002,three_hop_via_a_b,0.03201457840563171,0.8333333333333334,0.6666666666666666,0.028208523988723755,0.028208523988723755,0.2727272727272728,0.2727272727272728,0.1510182057057057,-5.530050622584515,0.0
base_epoch50,p263_to_p236__s002,p263,p236,p239,p259,002,three_hop_via_b_a,0.03277070556084938,0.9285714285714286,0.68,0.032953143119811956,0.032953143119811956,0.36363636363636365,0.36363636363636365,-0.05516844969969968,4.315473234917057,0.0
base_epoch50,p263_to_p236__s004,p263,p236,p239,p259,004,stochastic,0.010230001650292198,0.8,0.6610169491525424,0.007479995489120483,0.007479995489120483,-0.06666666666666676,0.06666666666666676,0.045037774725274704,-2.569009756633882,0.0
base_epoch50,p263_to_p236__s004,p263,p236,p239,p259,004,alternate_reference,0.0013246627949327072,0.4666666666666667,0.24561403508771928,-0.005271166563034002,0.005271166563034002,-0.06666666666666676,0.06666666666666676,0.0043269230769230616,-0.1649018237601645,0.0
base_epoch50,p263_to_p236__s004,p263,p236,p239,p259,004,two_hop_via_a,0.01803507555486694,0.9444444444444444,0.75,0.016508460044860895,0.016508460044860895,0.19999999999999996,0.19999999999999996,0.47416723901098906,-20.10786177075716,0.0
base_epoch50,p263_to_p236__s004,p263,p236,p239,p259,004,two_hop_via_b,0.008914613505088487,0.9411764705882353,0.5806451612903226,0.031332910060882624,0.031332910060882624,0.19999999999999996,0.19999999999999996,0.0749914148351648,-2.331572275509192,0.0
base_epoch50,p263_to_p236__s004,p263,p236,p239,p259,004,three_hop_via_a_b,0.10810884695006795,0.9333333333333333,0.7321428571428571,-0.04602992534637451,0.04602992534637451,0.1333333333333332,0.1333333333333332,0.5298849587912089,-23.053425165957755,0.0
base_epoch50,p263_to_p236__s004,p263,p236,p239,p259,004,three_hop_via_b_a,0.025732746448100752,0.8,0.6428571428571429,0.0035054683685302734,0.0035054683685302734,0.19999999999999996,0.19999999999999996,0.460782967032967,-20.336810321970894,0.0
base_epoch50,p263_to_p236__s005,p263,p236,p239,p259,005,stochastic,0.030312243262714755,0.75,0.4878048780487805,-0.06782832741737371,0.06782832741737371,-0.4,0.4,-0.3270528430902111,12.552957644666925,0.0
base_epoch50,p263_to_p236__s005,p263,p236,p239,p259,005,alternate_reference,0.0007111883701147459,0.4166666666666667,0.2716049382716049,-0.0005909502506256104,0.0005909502506256104,-0.35,0.35,0.003576355566218825,-0.2690650443077729,0.0
base_epoch50,p263_to_p236__s005,p263,p236,p239,p259,005,two_hop_via_a,0.009515333089515687,0.8333333333333334,0.5747126436781609,-0.013068348169326782,0.013068348169326782,-0.19999999999999996,0.19999999999999996,-0.02571677063339728,1.671793031666148,0.0
base_epoch50,p263_to_p236__s005,p263,p236,p239,p259,005,two_hop_via_b,0.009504993825576236,0.75,0.5679012345679012,-0.02526971697807312,0.02526971697807312,-0.25,0.25,0.18610544625719772,-6.08002453518565,0.0
base_epoch50,p263_to_p236__s005,p263,p236,p239,p259,005,three_hop_via_a_b,0.03790470623945852,0.875,0.6790123456790124,-0.05481362342834478,0.05481362342834478,0.0,0.0,0.3527471209213052,-12.595075961805954,0.0
base_epoch50,p263_to_p236__s005,p263,p236,p239,p259,005,three_hop_via_b_a,0.028973021194626858,0.7083333333333334,0.5925925925925926,-0.04278075695037842,0.04278075695037842,-0.09999999999999998,0.09999999999999998,0.10863273752399227,-3.396863444052663,0.0
base_epoch50,p263_to_p236__s006,p263,p236,p239,p259,006,stochastic,0.016733011910023854,0.8947368421052632,0.7027027027027027,0.047739386558532715,0.047739386558532715,-0.2941176470588234,0.2941176470588234,-0.25786312095032404,12.597294200183377,0.0
base_epoch50,p263_to_p236__s006,p263,p236,p239,p259,006,alternate_reference,0.0006415391156262551,0.0,0.0,0.003316938877105713,0.003316938877105713,0.0,0.0,0.0010630399568034576,-0.14071491608054032,0.0
base_epoch50,p263_to_p236__s006,p263,p236,p239,p259,006,two_hop_via_a,0.008115034699028634,0.8,0.6136363636363636,0.03896021842956543,0.03896021842956543,0.05882352941176483,0.05882352941176483,0.1062871220302376,-5.885679426434063,0.0
base_epoch50,p263_to_p236__s006,p263,p236,p239,p259,006,two_hop_via_b,0.010333797926363797,0.8947368421052632,0.5652173913043478,0.05890625715255737,0.05890625715255737,0.0,0.0,0.06384989200863928,-2.60844721387134,0.0
base_epoch50,p263_to_p236__s006,p263,p236,p239,p259,006,three_hop_via_a_b,0.043960547804266725,0.9473684210526315,0.7323943661971831,0.027905076742172186,0.027905076742172186,0.0,0.0,0.4778955183585313,-21.132463783124788,0.0
base_epoch50,p263_to_p236__s006,p263,p236,p239,p259,006,three_hop_via_b_a,0.008138102606328967,0.8947368421052632,0.6086956521739131,0.008728444576263428,0.008728444576263428,-0.05882352941176461,0.05882352941176461,-0.03715577753779703,2.8193055924774626,0.0
base_epoch50,p263_to_p236__s007,p263,p236,p239,p259,007,stochastic,0.027843124726304458,0.7692307692307693,0.3728813559322034,-0.0290336012840271,0.0290336012840271,0.24999999999999994,0.24999999999999994,0.12962205497382198,-4.681465569916327,0.0
base_epoch50,p263_to_p236__s007,p263,p236,p239,p259,007,alternate_reference,0.0023506538327582316,0.0,0.0,0.008941501379013062,0.008941501379013062,0.0,0.0,0.001983802356020886,-0.04028199568959678,0.0
base_epoch50,p263_to_p236__s007,p263,p236,p239,p259,007,two_hop_via_a,0.055148980183711616,0.7692307692307693,0.45614035087719296,-0.026959329843521118,0.026959329843521118,0.3333333333333333,0.3333333333333333,0.2936641034031414,-12.115658013191215,0.0
base_epoch50,p263_to_p236__s007,p263,p236,p239,p259,007,two_hop_via_b,0.015311145679726579,0.35714285714285715,0.36065573770491804,-0.025377869606018122,0.025377869606018122,0.16666666666666669,0.16666666666666669,-0.0934023232984294,5.9290838096144824,0.0
base_epoch50,p263_to_p236__s007,p263,p236,p239,p259,007,three_hop_via_a_b,0.031648401564723816,0.7857142857142857,0.6833333333333333,-0.03282180428504944,0.03282180428504944,0.5833333333333333,0.5833333333333333,0.021187827225130906,-0.9383827510893319,0.0
base_epoch50,p263_to_p236__s007,p263,p236,p239,p259,007,three_hop_via_b_a,0.013759387260106282,0.8571428571428571,0.6140350877192983,-0.06452709436416632,0.06452709436416632,0.5833333333333333,0.5833333333333333,-0.0936886452879581,6.890797851937323,0.0
base_epoch50,p263_to_p239__s002,p263,p239,p236,p259,002,stochastic,0.06581565749278939,0.8,0.45454545454545453,-0.008896946907043402,0.008896946907043402,0.0,0.0,-0.15966356981981983,5.114463939828262,0.0
base_epoch50,p263_to_p239__s002,p263,p239,p236,p259,002,alternate_reference,0.005335585841141244,0.3333333333333333,0.18181818181818182,-0.01117473840713501,0.01117473840713501,0.0,0.0,0.0033549174174174468,0.26194633242877785,0.0
base_epoch50,p263_to_p239__s002,p263,p239,p236,p259,002,two_hop_via_a,0.09955164643079595,0.8461538461538461,0.4897959183673469,0.014481782913208008,0.014481782913208008,0.2727272727272727,0.2727272727272727,-0.1976116741741742,6.695240769993173,0.0
base_epoch50,p263_to_p239__s002,p263,p239,p236,p259,002,two_hop_via_b,0.03823040619104123,0.8888888888888888,0.5909090909090909,-0.00604861974716181,0.00604861974716181,0.18181818181818188,0.18181818181818188,0.1607779654654654,-7.907833014987865,0.0
base_epoch50,p263_to_p239__s002,p263,p239,p236,p259,002,three_hop_via_a_b,0.06001063947247043,0.8888888888888888,0.7045454545454546,0.02390986680984497,0.02390986680984497,0.18181818181818188,0.18181818181818188,-0.16581034159159164,6.184971092023456,0.0
base_epoch50,p263_to_p239__s002,p263,p239,p236,p259,002,three_hop_via_b_a,0.1615837706235269,0.9,0.6818181818181818,-0.19225215911865232,0.19225215911865232,0.18181818181818188,0.18181818181818188,0.4713424361861863,-30.225472417425593,0.0
base_epoch50,p263_to_p239__s004,p263,p239,p236,p259,004,stochastic,0.043568063376048016,1.0,0.7,0.018815398216247614,0.018815398216247614,-0.1333333333333333,0.1333333333333333,0.3533052884615385,-10.735802146753187,0.0
base_epoch50,p263_to_p239__s004,p263,p239,p236,p259,004,alternate_reference,0.001728094279253023,0.8571428571428571,0.4666666666666667,0.0028713941574097235,0.0028713941574097235,-0.19999999999999996,0.19999999999999996,0.013238324175824157,0.018371832720625036,0.0
base_epoch50,p263_to_p239__s004,p263,p239,p236,p259,004,two_hop_via_a,0.011424817345606963,0.9932735426008968,0.9683184402924452,-0.014908432960510198,0.014908432960510198,0.0,0.0,0.13993818681318687,-3.0927023951618295,0.0
base_epoch50,p263_to_p239__s004,p263,p239,p236,p259,004,two_hop_via_b,0.014523844931505048,1.0,0.7,0.0115195512771607,0.0115195512771607,-0.06666666666666676,0.06666666666666676,0.21065418956043958,-5.772127058072108,0.0
base_epoch50,p263_to_p239__s004,p263,p239,p236,p259,004,three_hop_via_a_b,0.020363100051760563,0.8571428571428571,0.7166666666666667,0.013309001922607477,0.013309001922607477,-0.06666666666666676,0.06666666666666676,0.24915865384615388,-6.374201454658518,0.0
base_epoch50,p263_to_p239__s004,p263,p239,p236,p259,004,three_hop_via_b_a,0.017495486837559415,0.9375,0.6268656716417911,0.03494459390640259,0.03494459390640259,-0.06666666666666676,0.06666666666666676,-0.05655906593406593,2.74084067810308,0.0
base_epoch50,p263_to_p239__s005,p263,p239,p236,p259,005,stochastic,0.022481519528858906,0.85,0.5975609756097561,0.042733907699585016,0.042733907699585016,-0.25,0.25,0.030432761516314688,-0.012219021472112956,0.0
base_epoch50,p263_to_p239__s005,p263,p239,p236,p259,005,alternate_reference,0.0016585079346170817,0.3,0.19230769230769232,-0.006925821304321289,0.006925821304321289,-0.050000000000000044,0.050000000000000044,0.006635376679462512,0.18140948959155168,0.0
base_epoch50,p263_to_p239__s005,p263,p239,p236,p259,005,two_hop_via_a,0.01295050704096945,0.75,0.5128205128205128,-0.000797510147094671,0.000797510147094671,0.09999999999999998,0.09999999999999998,0.12201595489443379,-3.927462551129917,0.0
base_epoch50,p263_to_p239__s005,p263,p239,p236,p259,005,two_hop_via_b,0.0391158884297812,0.75,0.44871794871794873,-0.0507823228836059,0.0507823228836059,0.09999999999999998,0.09999999999999998,-0.018646533109405006,2.048767681117578,0.0
base_epoch50,p263_to_p239__s005,p263,p239,p236,p259,005,three_hop_via_a_b,0.07101083510222117,0.8260869565217391,0.6666666666666666,-0.06871592998504639,0.06871592998504639,0.1499999999999999,0.1499999999999999,0.29928172984644913,-10.682063695560867,0.0
base_epoch50,p263_to_p239__s005,p263,p239,p236,p259,005,three_hop_via_b_a,0.03800432797671416,0.9333333333333333,0.7543859649122807,-0.01147007942199707,0.01147007942199707,0.19999999999999996,0.19999999999999996,-0.012281070057581611,1.3400970266316037,0.0
base_epoch50,p263_to_p239__s006,p263,p239,p236,p259,006,stochastic,0.0397275623714467,0.7222222222222222,0.4925373134328358,-0.015893638134002686,0.015893638134002686,0.17647058823529405,0.17647058823529405,0.0864521463282937,-6.709019926619046,0.0
base_epoch50,p263_to_p239__s006,p263,p239,p236,p259,006,alternate_reference,0.004934558277576051,0.6875,0.4507042253521127,-0.018656909465789795,0.018656909465789795,0.11764705882352933,0.11764705882352933,-0.0007930615550756082,0.19607940803465596,0.0
base_epoch50,p263_to_p239__s006,p263,p239,p236,p259,006,two_hop_via_a,0.019139637662426878,0.5882352941176471,0.4861111111111111,-0.029583334922790472,0.029583334922790472,0.17647058823529405,0.17647058823529405,0.07063309935205181,-4.346899050109368,0.0
base_epoch50,p263_to_p239__s006,p263,p239,p236,p259,006,two_hop_via_b,0.07281347003753602,0.875,0.582089552238806,-0.0368502140045166,0.0368502140045166,0.17647058823529405,0.17647058823529405,0.28789821814254857,-13.661230592345593,0.0
base_epoch50,p263_to_p239__s006,p263,p239,p236,p259,006,three_hop_via_a_b,0.015275600244553433,0.875,0.6617647058823529,-0.016446292400360107,0.016446292400360107,0.17647058823529405,0.17647058823529405,0.0124358801295896,-1.565686757874719,0.0
base_epoch50,p263_to_p239__s006,p263,p239,p236,p259,006,three_hop_via_b_a,0.030995765391254815,1.0,0.6307692307692307,0.027964174747467097,0.027964174747467097,0.2941176470588235,0.2941176470588235,0.42735893628509725,-19.818928801733822,0.0
base_epoch50,p263_to_p239__s007,p263,p239,p236,p259,007,stochastic,0.0915939653330522,0.7,0.46296296296296297,-0.012421905994415283,0.012421905994415283,0.08333333333333326,0.08333333333333326,-0.20296138743455497,9.669356183307745,0.0
base_epoch50,p263_to_p239__s007,p263,p239,p236,p259,007,alternate_reference,0.0024588359027606366,0.5833333333333334,0.2222222222222222,-0.0026696920394896906,0.0026696920394896906,-0.25000000000000006,0.25000000000000006,0.0038142179319372027,0.27117588091101297,0.0
base_epoch50,p263_to_p239__s007,p263,p239,p236,p259,007,two_hop_via_a,0.02823466275666542,0.7692307692307693,0.4032258064516129,-0.0038241147994995117,0.0038241147994995117,0.33333333333333326,0.33333333333333326,0.09366819371727753,-3.7393870988289812,0.0
base_epoch50,p263_to_p239__s007,p263,p239,p236,p259,007,two_hop_via_b,0.018652855161975568,0.9090909090909091,0.7037037037037037,0.01460635662078863,0.01460635662078863,0.33333333333333326,0.33333333333333326,0.20917866492146603,-8.627526642573255,0.0
base_epoch50,p263_to_p239__s007,p263,p239,p236,p259,007,three_hop_via_a_b,0.09389462182622843,1.0,0.7592592592592593,-0.0696886777877807,0.0696886777877807,0.33333333333333326,0.33333333333333326,0.24435536649214668,-10.375088409292712,0.0
base_epoch50,p263_to_p239__s007,p263,p239,p236,p259,007,three_hop_via_b_a,0.08539464948790987,1.0,0.7407407407407407,-0.07921415567398071,0.07921415567398071,0.41666666666666663,0.41666666666666663,0.39520615183246083,-17.132129696854296,0.0
base_epoch50,p263_to_p259__s002,p263,p259,p236,p239,002,stochastic,0.08135462345360922,0.7857142857142857,0.6037735849056604,0.15134161710739139,0.15134161710739139,-0.18181818181818188,0.18181818181818188,-0.33273507882882886,18.949984517883923,0.0
base_epoch50,p263_to_p259__s002,p263,p259,p236,p239,002,alternate_reference,0.002849478197197275,0.8571428571428571,0.5094339622641509,-0.03688508272171019,0.03688508272171019,0.09090909090909083,0.09090909090909083,0.006041197447447466,-0.07545002154430591,0.0
base_epoch50,p263_to_p259__s002,p263,p259,p236,p239,002,two_hop_via_a,0.06465917672739163,0.9285714285714286,0.6415094339622641,-0.1156423687934874,0.1156423687934874,-0.2727272727272728,0.2727272727272728,0.12621996996996998,-5.602467611212781,0.0
base_epoch50,p263_to_p259__s002,p263,p259,p236,p239,002,two_hop_via_b,0.28899871218742557,1.0,0.8113207547169812,-0.4061353802680968,0.4061353802680968,0.09090909090909083,0.09090909090909083,0.24602336711711725,-13.376762185615348,0.0
base_epoch50,p263_to_p259__s002,p263,p259,p236,p239,002,three_hop_via_a_b,0.24132852220526757,1.0,0.7924528301886793,-0.28898143768310536,0.28898143768310536,0.09090909090909083,0.09090909090909083,0.2881944444444444,-19.428930466143356,0.0
base_epoch50,p263_to_p259__s002,p263,p259,p236,p239,002,three_hop_via_b_a,0.30293978648802755,1.0,0.8113207547169812,-0.4320150613784789,0.4320150613784789,0.09090909090909083,0.09090909090909083,0.22117820945945965,-11.062366937726445,0.0
base_epoch50,p263_to_p259__s004,p263,p259,p236,p239,004,stochastic,0.059861325071209004,0.8461538461538461,0.5094339622641509,0.037972450256347684,0.037972450256347684,-0.19999999999999996,0.19999999999999996,-0.04843750000000002,3.813390862752769,0.0
base_epoch50,p263_to_p259__s004,p263,p259,p236,p239,004,alternate_reference,0.000818197392358222,0.0,0.0,-0.013153076171875,0.013153076171875,0.0,0.0,0.0011761675824175644,-0.03715875812324754,0.0
base_epoch50,p263_to_p259__s004,p263,p259,p236,p239,004,two_hop_via_a,0.04552309991777426,1.0,0.7346938775510204,-0.1329226493835449,0.1329226493835449,0.2666666666666667,0.2666666666666667,0.1918011675824176,-10.010102100523284,0.0
base_epoch50,p263_to_p259__s004,p263,p259,p236,p239,004,two_hop_via_b,0.025119927882293558,0.9230769230769231,0.6530612244897959,-0.0449268221855164,0.0449268221855164,0.0,0.0,0.11251717032967035,-5.782446389833467,0.0
base_epoch50,p263_to_p259__s004,p263,p259,p236,p239,004,three_hop_via_a_b,0.039411137634390636,0.8461538461538461,0.76,-0.0734602212905884,0.0734602212905884,0.13333333333333341,0.13333333333333341,0.13327609890109893,-7.565686183125699,0.0
base_epoch50,p263_to_p259__s004,p263,p259,p236,p239,004,three_hop_via_b_a,0.04888179993014108,0.8333333333333334,0.5833333333333334,-0.010047852993011502,0.010047852993011502,0.19999999999999996,0.19999999999999996,0.1753691620879121,-9.736022569424101,0.0
base_epoch50,p263_to_p259__s005,p263,p259,p236,p239,005,stochastic,0.0261850547509046,0.8636363636363636,0.5641025641025641,-0.080841064453125,0.080841064453125,0.30000000000000004,0.30000000000000004,-0.036948176583493364,3.978191021485877,0.0
base_epoch50,p263_to_p259__s005,p263,p259,p236,p239,005,alternate_reference,0.00028930111536684677,0.1,0.05063291139240506,-0.005942881107330322,0.005942881107330322,0.0,0.0,-0.001237104126679489,-0.009844483921380487,0.0
base_epoch50,p263_to_p259__s005,p263,p259,p236,p239,005,two_hop_via_a,0.034906004988650596,0.85,0.6153846153846154,0.004732847213745117,0.004732847213745117,0.20000000000000007,0.20000000000000007,0.2285568618042227,-9.250309614330899,0.0
base_epoch50,p263_to_p259__s005,p263,p259,p236,p239,005,two_hop_via_b,0.008811350692468745,0.9,0.6025641025641025,0.007908225059509277,0.007908225059509277,0.25,0.25,0.06771083253358923,-2.4795396098744824,0.0
base_epoch50,p263_to_p259__s005,p263,p259,p236,p239,005,three_hop_via_a_b,0.16099315728302077,0.95,0.717948717948718,-0.3361340761184692,0.3361340761184692,0.30000000000000004,0.30000000000000004,0.5643818977927064,-21.487521386029588,0.0
base_epoch50,p263_to_p259__s005,p263,p259,p236,p239,005,three_hop_via_b_a,0.008560437718706182,0.85,0.6025641025641025,0.02634644508361811,0.02634644508361811,0.25,0.25,0.17400431861804222,-7.195733081621565,0.0
base_epoch50,p263_to_p259__s006,p263,p259,p236,p239,006,stochastic,0.028911763192116635,0.7142857142857143,0.4461538461538462,0.0710053443908692,0.0710053443908692,0.2941176470588235,0.2941176470588235,0.029503577213822962,-0.7970398779695955,0.0
base_epoch50,p263_to_p259__s006,p263,p259,p236,p239,006,alternate_reference,0.0005862680523165409,0.42857142857142855,0.15151515151515152,0.010790765285491999,0.010790765285491999,0.2941176470588235,0.2941176470588235,0.00013498920086396637,-0.051665286892905726,0.0
base_epoch50,p263_to_p259__s006,p263,p259,p236,p239,006,two_hop_via_a,0.03187170995381183,0.9285714285714286,0.7692307692307693,-0.07222330570220942,0.07222330570220942,0.2941176470588235,0.2941176470588235,0.03437162526997839,-2.6323726556634526,0.0
base_epoch50,p263_to_p259__s006,p263,p259,p236,p239,006,two_hop_via_b,0.014425304439809494,0.9473684210526315,0.6438356164383562,-0.0061802268028259,0.0061802268028259,0.4117647058823529,0.4117647058823529,0.11659692224622037,-6.66590965245647,0.0
base_epoch50,p263_to_p259__s006,p263,p259,p236,p239,006,three_hop_via_a_b,0.028425871409242465,0.9333333333333333,0.5384615384615384,-0.04978340864181521,0.04978340864181521,0.2941176470588235,0.2941176470588235,0.14344289956803463,-7.5639016121224785,0.0
base_epoch50,p263_to_p259__s006,p263,p259,p236,p239,006,three_hop_via_b_a,0.04730992114865207,0.9473684210526315,0.7746478873239436,-0.039491474628448514,0.039491474628448514,0.4117647058823529,0.4117647058823529,0.402436555075594,-18.12401029293641,0.0
base_epoch50,p263_to_p259__s007,p263,p259,p236,p239,007,stochastic,0.06035632608006458,0.8333333333333334,0.5,-0.14880281686782837,0.14880281686782837,-0.08333333333333326,0.08333333333333326,0.2711980530104712,-12.693887188289096,0.0
base_epoch50,p263_to_p259__s007,p263,p259,p236,p239,007,alternate_reference,0.0005223280405648456,0.0,0.0,0.00031572580337529965,0.00031572580337529965,0.0,0.0,-0.0036199280104712017,0.03728517301393097,0.0
base_epoch50,p263_to_p259__s007,p263,p259,p236,p239,007,two_hop_via_a,0.012291330975884085,0.46153846153846156,0.35185185185185186,-0.015003681182861273,0.015003681182861273,0.16666666666666674,0.16666666666666674,-0.081867637434555,5.326320451233741,0.0
base_epoch50,p263_to_p259__s007,p263,p259,p236,p239,007,two_hop_via_b,0.004162020698321278,0.75,0.4528301886792453,-0.00301289558410639,0.00301289558410639,0.0,0.0,-0.004018733638743499,1.1033756367761214,0.0
base_epoch50,p263_to_p259__s007,p263,p259,p236,p239,007,three_hop_via_a_b,0.019541423251816292,0.9166666666666666,0.6415094339622641,-0.06291055679321289,0.06291055679321289,0.25,0.25,-0.0895676537958115,7.194362201982868,1.0225785340314137e-05
base_epoch50,p263_to_p259__s007,p263,p259,p236,p239,007,three_hop_via_b_a,0.018747325506985435,0.6666666666666666,0.43333333333333335,-0.03737914562225339,0.03737914562225339,0.08333333333333337,0.08333333333333337,0.264193390052356,-11.06042650699386,0.0
